{
    "camera_transform": {
        "location": {
            "x": -149.0122528076172,
            "y": 7.6597747802734375,
            "z": 2.1704275608062744
        },
        "rotation": {
            "pitch": 0.0,
            "yaw": 90.0298080444336,
            "roll": 0.0
        }
    },
    "camera_parameters": {
        "image_size_x": 1820,
        "image_size_y": 1240,
        "fov": 90,
        "sensor_tick": 0.1
    },
    "filtered_objects": {}
}