{
    "camera_transform": {
        "location": {
            "x": -7.74056339263916,
            "y": 226.69496154785156,
            "z": 18.816240310668945
        },
        "rotation": {
            "pitch": 0.6147716045379639,
            "yaw": 172.8277587890625,
            "roll": 1.4808530807495117
        }
    },
    "camera_parameters": {
        "image_size_x": 1820,
        "image_size_y": 1240,
        "fov": 90,
        "sensor_tick": 0.1
    },
    "filtered_objects": {}
}