{
    "camera_transform": {
        "location": {
            "x": 230.763916015625,
            "y": 38.208011627197266,
            "z": 2.1798150539398193
        },
        "rotation": {
            "pitch": 0.00021856604143977165,
            "yaw": 91.3931884765625,
            "roll": 0.0
        }
    },
    "camera_parameters": {
        "image_size_x": 1820,
        "image_size_y": 1240,
        "fov": 90,
        "sensor_tick": 0.1
    },
    "filtered_objects": {}
}