{
    "camera_transform": {
        "location": {
            "x": 234.26290893554688,
            "y": 29.99315643310547,
            "z": 2.179987668991089
        },
        "rotation": {
            "pitch": 0.0003278490621596575,
            "yaw": 91.39320373535156,
            "roll": 1.582417553436244e-06
        }
    },
    "camera_parameters": {
        "image_size_x": 1820,
        "image_size_y": 1240,
        "fov": 90,
        "sensor_tick": 0.1
    },
    "filtered_objects": {}
}