{
    "camera_transform": {
        "location": {
            "x": -195.06224060058594,
            "y": 38.701255798339844,
            "z": 2.2361419200897217
        },
        "rotation": {
            "pitch": -0.0007308301865123212,
            "yaw": 89.9842300415039,
            "roll": 0.0015884903259575367
        }
    },
    "camera_parameters": {
        "image_size_x": 1820,
        "image_size_y": 1240,
        "fov": 90,
        "sensor_tick": 0.1
    },
    "filtered_objects": {}
}