{
    "camera_transform": {
        "location": {
            "x": -85.14212036132812,
            "y": -90.43826293945312,
            "z": 1.4506433010101318
        },
        "rotation": {
            "pitch": -1.2185330390930176,
            "yaw": 89.84326171875,
            "roll": 0.005714958533644676
        }
    },
    "camera_parameters": {
        "image_size_x": 1820,
        "image_size_y": 1240,
        "fov": 90,
        "sensor_tick": 0.1
    },
    "filtered_objects": {}
}