{
    "camera_transform": {
        "location": {
            "x": -111.14854431152344,
            "y": 75.39871215820312,
            "z": 2.179443120956421
        },
        "rotation": {
            "pitch": -6.147169915493578e-05,
            "yaw": 90.6422348022461,
            "roll": 0.000257223000517115
        }
    },
    "camera_parameters": {
        "image_size_x": 1820,
        "image_size_y": 1240,
        "fov": 90,
        "sensor_tick": 0.1
    },
    "filtered_objects": {}
}