{
    "camera_transform": {
        "location": {
            "x": -3.6799919605255127,
            "y": 268.22998046875,
            "z": 2.3997044563293457
        },
        "rotation": {
            "pitch": 0.0,
            "yaw": -89.99981689453125,
            "roll": 0.0
        }
    },
    "camera_parameters": {
        "image_size_x": 1820,
        "image_size_y": 1240,
        "fov": 90,
        "sensor_tick": 0.1
    },
    "filtered_objects": {}
}