{
    "camera_transform": {
        "location": {
            "x": -74.3939208984375,
            "y": 97.24310302734375,
            "z": 2.5941708087921143
        },
        "rotation": {
            "pitch": 1.0214000940322876,
            "yaw": -90.15640258789062,
            "roll": 0.0
        }
    },
    "camera_parameters": {
        "image_size_x": 1820,
        "image_size_y": 1240,
        "fov": 90,
        "sensor_tick": 0.1
    },
    "filtered_objects": {}
}