{
    "camera_transform": {
        "location": {
            "x": -167.23216247558594,
            "y": -95.14564514160156,
            "z": 2.1723923683166504
        },
        "rotation": {
            "pitch": 0.0,
            "yaw": -179.9136962890625,
            "roll": 0.0
        }
    },
    "camera_parameters": {
        "image_size_x": 1820,
        "image_size_y": 1240,
        "fov": 90,
        "sensor_tick": 0.1
    },
    "filtered_objects": {}
}