{
    "camera_transform": {
        "location": {
            "x": -102.08179473876953,
            "y": -140.39364624023438,
            "z": 2.421234130859375
        },
        "rotation": {
            "pitch": 1.0852965116500854,
            "yaw": -178.76902770996094,
            "roll": 0.06260360032320023
        }
    },
    "camera_parameters": {
        "image_size_x": 1820,
        "image_size_y": 1240,
        "fov": 90,
        "sensor_tick": 0.1
    },
    "filtered_objects": {}
}