{
    "camera_transform": {
        "location": {
            "x": 151.31063842773438,
            "y": -180.44322204589844,
            "z": 2.4895966053009033
        },
        "rotation": {
            "pitch": 4.148930072784424,
            "yaw": 91.00257110595703,
            "roll": 0.11348351836204529
        }
    },
    "camera_parameters": {
        "image_size_x": 1820,
        "image_size_y": 1240,
        "fov": 90,
        "sensor_tick": 0.1
    },
    "filtered_objects": {}
}