{
    "camera_transform": {
        "location": {
            "x": -20.0714054107666,
            "y": 13.308415412902832,
            "z": 2.1797947883605957
        },
        "rotation": {
            "pitch": 0.0,
            "yaw": 61.806827545166016,
            "roll": 0.0
        }
    },
    "camera_parameters": {
        "image_size_x": 1820,
        "image_size_y": 1240,
        "fov": 90,
        "sensor_tick": 0.1
    },
    "filtered_objects": {}
}