{
    "camera_transform": {
        "location": {
            "x": 109.52133178710938,
            "y": 50.79319381713867,
            "z": 2.1803951263427734
        },
        "rotation": {
            "pitch": -0.0005805660621263087,
            "yaw": -89.6092529296875,
            "roll": 0.0026438040658831596
        }
    },
    "camera_parameters": {
        "image_size_x": 1820,
        "image_size_y": 1240,
        "fov": 90,
        "sensor_tick": 0.1
    },
    "filtered_objects": {}
}