{
    "camera_transform": {
        "location": {
            "x": 145.90020751953125,
            "y": 8.95086669921875,
            "z": 2.1783370971679688
        },
        "rotation": {
            "pitch": -0.00015709434228483588,
            "yaw": 0.8558043241500854,
            "roll": 0.0
        }
    },
    "camera_parameters": {
        "image_size_x": 1820,
        "image_size_y": 1240,
        "fov": 90,
        "sensor_tick": 0.1
    },
    "filtered_objects": {}
}