{
    "camera_transform": {
        "location": {
            "x": 133.5388946533203,
            "y": 62.48344039916992,
            "z": 2.1735315322875977
        },
        "rotation": {
            "pitch": 0.0,
            "yaw": -0.14739990234375,
            "roll": 0.0
        }
    },
    "camera_parameters": {
        "image_size_x": 1820,
        "image_size_y": 1240,
        "fov": 90,
        "sensor_tick": 0.1
    },
    "filtered_objects": {}
}