{
    "camera_transform": {
        "location": {
            "x": -113.43331146240234,
            "y": -23.26762580871582,
            "z": 2.1804685592651367
        },
        "rotation": {
            "pitch": -0.0004234717052895576,
            "yaw": 90.6422119140625,
            "roll": 0.0029818471521139145
        }
    },
    "camera_parameters": {
        "image_size_x": 1820,
        "image_size_y": 1240,
        "fov": 90,
        "sensor_tick": 0.1
    },
    "filtered_objects": {}
}