{
    "camera_transform": {
        "location": {
            "x": -74.47823333740234,
            "y": -150.92886352539062,
            "z": 2.1739134788513184
        },
        "rotation": {
            "pitch": 0.09807468205690384,
            "yaw": -88.43505096435547,
            "roll": 0.0013160306261852384
        }
    },
    "camera_parameters": {
        "image_size_x": 1820,
        "image_size_y": 1240,
        "fov": 90,
        "sensor_tick": 0.1
    },
    "filtered_objects": {}
}