{
    "camera_transform": {
        "location": {
            "x": -85.13484954833984,
            "y": 147.04295349121094,
            "z": 2.1790544986724854
        },
        "rotation": {
            "pitch": -0.14102290570735931,
            "yaw": 89.78764343261719,
            "roll": 0.0
        }
    },
    "camera_parameters": {
        "image_size_x": 1820,
        "image_size_y": 1240,
        "fov": 90,
        "sensor_tick": 0.1
    },
    "filtered_objects": {}
}