{
    "camera_transform": {
        "location": {
            "x": 15.672228813171387,
            "y": 17.250755310058594,
            "z": 2.1799440383911133
        },
        "rotation": {
            "pitch": 0.0,
            "yaw": -38.79690933227539,
            "roll": 1.9434120986261405e-05
        }
    },
    "camera_parameters": {
        "image_size_x": 1820,
        "image_size_y": 1240,
        "fov": 90,
        "sensor_tick": 0.1
    },
    "filtered_objects": {}
}