{
    "camera_transform": {
        "location": {
            "x": 7.270940780639648,
            "y": -36.6578369140625,
            "z": 2.179961919784546
        },
        "rotation": {
            "pitch": 0.0,
            "yaw": -108.03324890136719,
            "roll": 0.0
        }
    },
    "camera_parameters": {
        "image_size_x": 1820,
        "image_size_y": 1240,
        "fov": 90,
        "sensor_tick": 0.1
    },
    "filtered_objects": {}
}