{
    "camera_transform": {
        "location": {
            "x": -74.39344787597656,
            "y": -21.070568084716797,
            "z": 2.0115067958831787
        },
        "rotation": {
            "pitch": -0.6334521770477295,
            "yaw": -90.15231323242188,
            "roll": 0.0032372004352509975
        }
    },
    "camera_parameters": {
        "image_size_x": 1820,
        "image_size_y": 1240,
        "fov": 90,
        "sensor_tick": 0.1
    },
    "filtered_objects": {}
}