{
    "camera_transform": {
        "location": {
            "x": -105.91072082519531,
            "y": 136.28976440429688,
            "z": 2.1797258853912354
        },
        "rotation": {
            "pitch": 0.0,
            "yaw": -0.597991943359375,
            "roll": 2.8104368539061397e-05
        }
    },
    "camera_parameters": {
        "image_size_x": 1820,
        "image_size_y": 1240,
        "fov": 90,
        "sensor_tick": 0.1
    },
    "filtered_objects": {}
}