{
    "camera_transform": {
        "location": {
            "x": -10.091686248779297,
            "y": 207.41058349609375,
            "z": 3.194042205810547
        },
        "rotation": {
            "pitch": 12.693571090698242,
            "yaw": -1.253417730331421,
            "roll": 0.32233378291130066
        }
    },
    "camera_parameters": {
        "image_size_x": 1820,
        "image_size_y": 1240,
        "fov": 90,
        "sensor_tick": 0.1
    },
    "filtered_objects": {}
}