{
    "camera_transform": {
        "location": {
            "x": 81.2751693725586,
            "y": -121.9770736694336,
            "z": 10.178853034973145
        },
        "rotation": {
            "pitch": -0.05179332196712494,
            "yaw": 92.02460479736328,
            "roll": -0.0019836421124637127
        }
    },
    "camera_parameters": {
        "image_size_x": 1820,
        "image_size_y": 1240,
        "fov": 90,
        "sensor_tick": 0.1
    },
    "filtered_objects": {}
}