{
    "camera_transform": {
        "location": {
            "x": 53.04228210449219,
            "y": 130.44400024414062,
            "z": 2.180755138397217
        },
        "rotation": {
            "pitch": -0.0006147170206531882,
            "yaw": -179.67950439453125,
            "roll": 0.00033122929744422436
        }
    },
    "camera_parameters": {
        "image_size_x": 1820,
        "image_size_y": 1240,
        "fov": 90,
        "sensor_tick": 0.1
    },
    "filtered_objects": {}
}