{
    "camera_transform": {
        "location": {
            "x": 47.43832778930664,
            "y": -7.881516456604004,
            "z": 2.17838978767395
        },
        "rotation": {
            "pitch": 0.0020490565802901983,
            "yaw": -179.14251708984375,
            "roll": -0.00015258787607308477
        }
    },
    "camera_parameters": {
        "image_size_x": 1820,
        "image_size_y": 1240,
        "fov": 90,
        "sensor_tick": 0.1
    },
    "filtered_objects": {}
}