{
    "camera_transform": {
        "location": {
            "x": 9.240623474121094,
            "y": -104.24063110351562,
            "z": 2.1839966773986816
        },
        "rotation": {
            "pitch": 0.058425433933734894,
            "yaw": -88.58667755126953,
            "roll": -0.1470031887292862
        }
    },
    "camera_parameters": {
        "image_size_x": 1820,
        "image_size_y": 1240,
        "fov": 90,
        "sensor_tick": 0.1
    },
    "filtered_objects": {}
}