{
    "camera_transform": {
        "location": {
            "x": -84.6476058959961,
            "y": 116.91556549072266,
            "z": 2.2895238399505615
        },
        "rotation": {
            "pitch": -0.7212815880775452,
            "yaw": 89.78499603271484,
            "roll": 0.06108421832323074
        }
    },
    "camera_parameters": {
        "image_size_x": 1820,
        "image_size_y": 1240,
        "fov": 90,
        "sensor_tick": 0.1
    },
    "filtered_objects": {}
}