{
    "camera_transform": {
        "location": {
            "x": 211.62911987304688,
            "y": -1.727691411972046,
            "z": 2.179847002029419
        },
        "rotation": {
            "pitch": 0.0,
            "yaw": -179.1441192626953,
            "roll": 9.781924745766446e-06
        }
    },
    "camera_parameters": {
        "image_size_x": 1820,
        "image_size_y": 1240,
        "fov": 90,
        "sensor_tick": 0.1
    },
    "filtered_objects": {}
}