{
    "camera_transform": {
        "location": {
            "x": -77.99124908447266,
            "y": -32.766475677490234,
            "z": 1.8564939498901367
        },
        "rotation": {
            "pitch": -0.8492110371589661,
            "yaw": -90.1565933227539,
            "roll": 0.001385479816235602
        }
    },
    "camera_parameters": {
        "image_size_x": 1820,
        "image_size_y": 1240,
        "fov": 90,
        "sensor_tick": 0.1
    },
    "filtered_objects": {}
}