{
    "camera_transform": {
        "location": {
            "x": 119.56422424316406,
            "y": -194.39999389648438,
            "z": 2.1798794269561768
        },
        "rotation": {
            "pitch": 0.0,
            "yaw": 0.0,
            "roll": 0.0
        }
    },
    "camera_parameters": {
        "image_size_x": 1820,
        "image_size_y": 1240,
        "fov": 90,
        "sensor_tick": 0.1
    },
    "filtered_objects": {}
}