{
    "camera_transform": {
        "location": {
            "x": 81.27511596679688,
            "y": -121.97705078125,
            "z": 10.179566383361816
        },
        "rotation": {
            "pitch": -0.05108298361301422,
            "yaw": 92.02444458007812,
            "roll": -0.0022583038080483675
        }
    },
    "camera_parameters": {
        "image_size_x": 1820,
        "image_size_y": 1240,
        "fov": 90,
        "sensor_tick": 0.1
    },
    "filtered_objects": {}
}