{
    "camera_transform": {
        "location": {
            "x": -84.7586898803711,
            "y": 54.38872528076172,
            "z": 2.872927188873291
        },
        "rotation": {
            "pitch": 1.4433759450912476,
            "yaw": 89.78712463378906,
            "roll": -0.0002136712719220668
        }
    },
    "camera_parameters": {
        "image_size_x": 1820,
        "image_size_y": 1240,
        "fov": 90,
        "sensor_tick": 0.1
    },
    "filtered_objects": {}
}