{
    "camera_transform": {
        "location": {
            "x": -148.9733123779297,
            "y": -69.9211654663086,
            "z": 2.4845690727233887
        },
        "rotation": {
            "pitch": -0.6603631377220154,
            "yaw": 90.029296875,
            "roll": 0.0023331712000072002
        }
    },
    "camera_parameters": {
        "image_size_x": 1820,
        "image_size_y": 1240,
        "fov": 90,
        "sensor_tick": 0.1
    },
    "filtered_objects": {}
}