{
    "camera_transform": {
        "location": {
            "x": 55.2760009765625,
            "y": 3.722025156021118,
            "z": 2.179786205291748
        },
        "rotation": {
            "pitch": 0.0,
            "yaw": 0.855804443359375,
            "roll": 0.0
        }
    },
    "camera_parameters": {
        "image_size_x": 1820,
        "image_size_y": 1240,
        "fov": 90,
        "sensor_tick": 0.1
    },
    "filtered_objects": {}
}