{
    "camera_transform": {
        "location": {
            "x": 223.19992065429688,
            "y": 58.74993133544922,
            "z": 2.179367780685425
        },
        "rotation": {
            "pitch": -0.08502902090549469,
            "yaw": 179.8531036376953,
            "roll": 0.07592310756444931
        }
    },
    "camera_parameters": {
        "image_size_x": 1820,
        "image_size_y": 1240,
        "fov": 90,
        "sensor_tick": 0.1
    },
    "filtered_objects": {}
}