{
    "camera_transform": {
        "location": {
            "x": -41.49673080444336,
            "y": 109.4451904296875,
            "z": 2.180180788040161
        },
        "rotation": {
            "pitch": -0.0005805660621263087,
            "yaw": -90.16112518310547,
            "roll": 0.003903387114405632
        }
    },
    "camera_parameters": {
        "image_size_x": 1820,
        "image_size_y": 1240,
        "fov": 90,
        "sensor_tick": 0.1
    },
    "filtered_objects": {}
}