{
    "camera_transform": {
        "location": {
            "x": -195.5236053466797,
            "y": -22.127321243286133,
            "z": 2.179781436920166
        },
        "rotation": {
            "pitch": 0.0,
            "yaw": 179.48191833496094,
            "roll": 0.0
        }
    },
    "camera_parameters": {
        "image_size_x": 1820,
        "image_size_y": 1240,
        "fov": 90,
        "sensor_tick": 0.1
    },
    "filtered_objects": {}
}