{
    "camera_transform": {
        "location": {
            "x": 245.92591857910156,
            "y": -1.995969533920288,
            "z": 2.1798384189605713
        },
        "rotation": {
            "pitch": 0.0,
            "yaw": -88.60674285888672,
            "roll": 0.0
        }
    },
    "camera_parameters": {
        "image_size_x": 1820,
        "image_size_y": 1240,
        "fov": 90,
        "sensor_tick": 0.1
    },
    "filtered_objects": {}
}