{
    "camera_transform": {
        "location": {
            "x": 85.68303680419922,
            "y": -147.66802978515625,
            "z": 9.8264741897583
        },
        "rotation": {
            "pitch": -5.049927234649658,
            "yaw": -88.14989471435547,
            "roll": 0.1555054485797882
        }
    },
    "camera_parameters": {
        "image_size_x": 1820,
        "image_size_y": 1240,
        "fov": 90,
        "sensor_tick": 0.1
    },
    "filtered_objects": {}
}