{
    "camera_transform": {
        "location": {
            "x": -58.79910659790039,
            "y": 131.7101593017578,
            "z": 2.1800496578216553
        },
        "rotation": {
            "pitch": -0.0004234717052895576,
            "yaw": 176.6312713623047,
            "roll": 0.003817223943769932
        }
    },
    "camera_parameters": {
        "image_size_x": 1820,
        "image_size_y": 1240,
        "fov": 90,
        "sensor_tick": 0.1
    },
    "filtered_objects": {}
}