{
    "camera_transform": {
        "location": {
            "x": -74.39391326904297,
            "y": 97.24302673339844,
            "z": 2.5941460132598877
        },
        "rotation": {
            "pitch": 1.0218850374221802,
            "yaw": -90.15603637695312,
            "roll": 8.005400786714745e-07
        }
    },
    "camera_parameters": {
        "image_size_x": 1820,
        "image_size_y": 1240,
        "fov": 90,
        "sensor_tick": 0.1
    },
    "filtered_objects": {}
}