{
    "camera_transform": {
        "location": {
            "x": -89.78700256347656,
            "y": 77.96788787841797,
            "z": 4.2591471672058105
        },
        "rotation": {
            "pitch": 6.107937335968018,
            "yaw": -127.4062728881836,
            "roll": -147.7985076904297
        }
    },
    "camera_parameters": {
        "image_size_x": 1820,
        "image_size_y": 1240,
        "fov": 90,
        "sensor_tick": 0.1
    },
    "filtered_objects": {}
}