{
    "camera_transform": {
        "location": {
            "x": 131.52902221679688,
            "y": 62.48920440673828,
            "z": 2.1783509254455566
        },
        "rotation": {
            "pitch": 4.0981132769957185e-05,
            "yaw": -0.1483154147863388,
            "roll": -3.0517576306010596e-05
        }
    },
    "camera_parameters": {
        "image_size_x": 1820,
        "image_size_y": 1240,
        "fov": 90,
        "sensor_tick": 0.1
    },
    "filtered_objects": {}
}