{
    "camera_transform": {
        "location": {
            "x": -88.24394226074219,
            "y": 108.73329162597656,
            "z": 2.397472381591797
        },
        "rotation": {
            "pitch": -0.9404554963111877,
            "yaw": 89.78740692138672,
            "roll": -0.0009154753061011434
        }
    },
    "camera_parameters": {
        "image_size_x": 1820,
        "image_size_y": 1240,
        "fov": 90,
        "sensor_tick": 0.1
    },
    "filtered_objects": {}
}