{
    "camera_transform": {
        "location": {
            "x": -148.99078369140625,
            "y": -33.53517532348633,
            "z": 2.1866791248321533
        },
        "rotation": {
            "pitch": -0.17617788910865784,
            "yaw": 90.02999877929688,
            "roll": -6.1031758377794176e-05
        }
    },
    "camera_parameters": {
        "image_size_x": 1820,
        "image_size_y": 1240,
        "fov": 90,
        "sensor_tick": 0.1
    },
    "filtered_objects": {}
}