{
    "camera_transform": {
        "location": {
            "x": -41.83350372314453,
            "y": -32.93855285644531,
            "z": 2.1803231239318848
        },
        "rotation": {
            "pitch": -0.0005805660621263087,
            "yaw": -89.56771850585938,
            "roll": 0.0031430681701749563
        }
    },
    "camera_parameters": {
        "image_size_x": 1820,
        "image_size_y": 1240,
        "fov": 90,
        "sensor_tick": 0.1
    },
    "filtered_objects": {}
}