{
    "camera_transform": {
        "location": {
            "x": -66.60395812988281,
            "y": 16.497392654418945,
            "z": 2.1804897785186768
        },
        "rotation": {
            "pitch": -0.0006420377176254988,
            "yaw": -179.84078979492188,
            "roll": 0.0023123559076339006
        }
    },
    "camera_parameters": {
        "image_size_x": 1820,
        "image_size_y": 1240,
        "fov": 90,
        "sensor_tick": 0.1
    },
    "filtered_objects": {}
}