{
    "camera_transform": {
        "location": {
            "x": 242.762451171875,
            "y": 126.54508209228516,
            "z": 3.0152928829193115
        },
        "rotation": {
            "pitch": -1.1880499124526978,
            "yaw": -88.60748291015625,
            "roll": -0.0015562835615128279
        }
    },
    "camera_parameters": {
        "image_size_x": 1820,
        "image_size_y": 1240,
        "fov": 90,
        "sensor_tick": 0.1
    },
    "filtered_objects": {}
}