{
    "camera_transform": {
        "location": {
            "x": -84.75875091552734,
            "y": 54.38892364501953,
            "z": 2.873567819595337
        },
        "rotation": {
            "pitch": 1.443833589553833,
            "yaw": 89.78720092773438,
            "roll": -0.0009155359584838152
        }
    },
    "camera_parameters": {
        "image_size_x": 1820,
        "image_size_y": 1240,
        "fov": 90,
        "sensor_tick": 0.1
    },
    "filtered_objects": {}
}