{
    "camera_transform": {
        "location": {
            "x": 239.26499938964844,
            "y": 113.26041412353516,
            "z": 2.7343907356262207
        },
        "rotation": {
            "pitch": -1.2001051902770996,
            "yaw": -88.60604858398438,
            "roll": -3.0529103241860867e-05
        }
    },
    "camera_parameters": {
        "image_size_x": 1820,
        "image_size_y": 1240,
        "fov": 90,
        "sensor_tick": 0.1
    },
    "filtered_objects": {}
}