{
    "camera_transform": {
        "location": {
            "x": 68.79936981201172,
            "y": -3.9416401386260986,
            "z": 2.1764793395996094
        },
        "rotation": {
            "pitch": -0.3509829044342041,
            "yaw": -179.1473388671875,
            "roll": -0.2717590034008026
        }
    },
    "camera_parameters": {
        "image_size_x": 1820,
        "image_size_y": 1240,
        "fov": 90,
        "sensor_tick": 0.1
    },
    "filtered_objects": {}
}