{
    "camera_transform": {
        "location": {
            "x": 234.26290893554688,
            "y": 29.993200302124023,
            "z": 2.173157215118408
        },
        "rotation": {
            "pitch": -0.0008537736139260232,
            "yaw": 91.3931884765625,
            "roll": 2.6055102519961792e-11
        }
    },
    "camera_parameters": {
        "image_size_x": 1820,
        "image_size_y": 1240,
        "fov": 90,
        "sensor_tick": 0.1
    },
    "filtered_objects": {}
}