{
    "camera_transform": {
        "location": {
            "x": -26.07558250427246,
            "y": 197.07066345214844,
            "z": 2.179936647415161
        },
        "rotation": {
            "pitch": 0.0,
            "yaw": 179.85696411132812,
            "roll": 0.0
        }
    },
    "camera_parameters": {
        "image_size_x": 1820,
        "image_size_y": 1240,
        "fov": 90,
        "sensor_tick": 0.1
    },
    "filtered_objects": {}
}