{
    "camera_transform": {
        "location": {
            "x": -148.99078369140625,
            "y": -33.53519058227539,
            "z": 2.186924457550049
        },
        "rotation": {
            "pitch": -0.17611642181873322,
            "yaw": 90.0300521850586,
            "roll": -9.155430598184466e-05
        }
    },
    "camera_parameters": {
        "image_size_x": 1820,
        "image_size_y": 1240,
        "fov": 90,
        "sensor_tick": 0.1
    },
    "filtered_objects": {}
}