{
    "camera_transform": {
        "location": {
            "x": 2.1645591259002686,
            "y": 157.039306640625,
            "z": 2.179248571395874
        },
        "rotation": {
            "pitch": -0.05846641585230827,
            "yaw": -90.36227416992188,
            "roll": -0.1192016527056694
        }
    },
    "camera_parameters": {
        "image_size_x": 1820,
        "image_size_y": 1240,
        "fov": 90,
        "sensor_tick": 0.1
    },
    "filtered_objects": {}
}