{
    "camera_transform": {
        "location": {
            "x": -103.18576049804688,
            "y": -4.7082200050354,
            "z": 2.18040132522583
        },
        "rotation": {
            "pitch": -0.0004917735932394862,
            "yaw": -89.35781860351562,
            "roll": 0.005144456401467323
        }
    },
    "camera_parameters": {
        "image_size_x": 1820,
        "image_size_y": 1240,
        "fov": 90,
        "sensor_tick": 0.1
    },
    "filtered_objects": {}
}