{
    "camera_transform": {
        "location": {
            "x": 184.967041015625,
            "y": 8.84078311920166,
            "z": 2.1782636642456055
        },
        "rotation": {
            "pitch": -6.147169915493578e-05,
            "yaw": -1.6201170682907104,
            "roll": -0.00027465817402116954
        }
    },
    "camera_parameters": {
        "image_size_x": 1820,
        "image_size_y": 1240,
        "fov": 90,
        "sensor_tick": 0.1
    },
    "filtered_objects": {}
}