{
    "camera_transform": {
        "location": {
            "x": 119.564208984375,
            "y": -194.39999389648438,
            "z": 2.179874897003174
        },
        "rotation": {
            "pitch": -3.415094397496432e-05,
            "yaw": -3.0517576306010596e-05,
            "roll": 0.0
        }
    },
    "camera_parameters": {
        "image_size_x": 1820,
        "image_size_y": 1240,
        "fov": 90,
        "sensor_tick": 0.1
    },
    "filtered_objects": {}
}