{
    "camera_transform": {
        "location": {
            "x": 2.164522409439087,
            "y": 157.039306640625,
            "z": 2.179297924041748
        },
        "rotation": {
            "pitch": -0.05840494483709335,
            "yaw": -90.3624496459961,
            "roll": -0.1193237155675888
        }
    },
    "camera_parameters": {
        "image_size_x": 1820,
        "image_size_y": 1240,
        "fov": 90,
        "sensor_tick": 0.1
    },
    "filtered_objects": {}
}