{
    "camera_transform": {
        "location": {
            "x": 242.42691040039062,
            "y": -12.581061363220215,
            "z": 2.179802417755127
        },
        "rotation": {
            "pitch": 0.0,
            "yaw": -88.60674285888672,
            "roll": 0.0
        }
    },
    "camera_parameters": {
        "image_size_x": 1820,
        "image_size_y": 1240,
        "fov": 90,
        "sensor_tick": 0.1
    },
    "filtered_objects": {}
}