{
    "camera_transform": {
        "location": {
            "x": 124.7325668334961,
            "y": -5.2990946769714355,
            "z": 2.179318428039551
        },
        "rotation": {
            "pitch": -0.0014684905763715506,
            "yaw": -179.09671020507812,
            "roll": -0.07766721397638321
        }
    },
    "camera_parameters": {
        "image_size_x": 1820,
        "image_size_y": 1240,
        "fov": 90,
        "sensor_tick": 0.1
    },
    "filtered_objects": {}
}