{
    "camera_transform": {
        "location": {
            "x": -52.06886672973633,
            "y": 102.68912506103516,
            "z": 2.180196762084961
        },
        "rotation": {
            "pitch": -0.0004917735932394862,
            "yaw": 89.83875274658203,
            "roll": 0.004557537380605936
        }
    },
    "camera_parameters": {
        "image_size_x": 1820,
        "image_size_y": 1240,
        "fov": 90,
        "sensor_tick": 0.1
    },
    "filtered_objects": {}
}