{
    "camera_transform": {
        "location": {
            "x": -74.3939437866211,
            "y": 74.87116241455078,
            "z": 2.97672963142395
        },
        "rotation": {
            "pitch": 0.8539990186691284,
            "yaw": -90.15656280517578,
            "roll": -3.055248089367524e-05
        }
    },
    "camera_parameters": {
        "image_size_x": 1820,
        "image_size_y": 1240,
        "fov": 90,
        "sensor_tick": 0.1
    },
    "filtered_objects": {}
}