{
    "camera_transform": {
        "location": {
            "x": 503.5065002441406,
            "y": 141.4924774169922,
            "z": 2.179990291595459
        },
        "rotation": {
            "pitch": 0.0,
            "yaw": 0.23475246131420135,
            "roll": 0.0
        }
    },
    "camera_parameters": {
        "image_size_x": 1820,
        "image_size_y": 1240,
        "fov": 90,
        "sensor_tick": 0.1
    },
    "filtered_objects": {}
}