{
    "camera_transform": {
        "location": {
            "x": -69.29423522949219,
            "y": 12.989498138427734,
            "z": 2.1806678771972656
        },
        "rotation": {
            "pitch": -0.00045762263471260667,
            "yaw": -179.84078979492188,
            "roll": 0.0024365491699427366
        }
    },
    "camera_parameters": {
        "image_size_x": 1820,
        "image_size_y": 1240,
        "fov": 90,
        "sensor_tick": 0.1
    },
    "filtered_objects": {}
}