{
    "camera_transform": {
        "location": {
            "x": 53.17609405517578,
            "y": -206.6709747314453,
            "z": 2.1798362731933594
        },
        "rotation": {
            "pitch": 0.0,
            "yaw": -178.56048583984375,
            "roll": -3.051756721106358e-05
        }
    },
    "camera_parameters": {
        "image_size_x": 1820,
        "image_size_y": 1240,
        "fov": 90,
        "sensor_tick": 0.1
    },
    "filtered_objects": {}
}