{
    "camera_transform": {
        "location": {
            "x": 71.13289642333984,
            "y": 66.35387420654297,
            "z": 2.1804425716400146
        },
        "rotation": {
            "pitch": -0.0006147170206531882,
            "yaw": -179.92672729492188,
            "roll": 0.0022829279769212008
        }
    },
    "camera_parameters": {
        "image_size_x": 1820,
        "image_size_y": 1240,
        "fov": 90,
        "sensor_tick": 0.1
    },
    "filtered_objects": {}
}