{
    "camera_transform": {
        "location": {
            "x": -69.29423522949219,
            "y": 12.989153861999512,
            "z": 2.1805245876312256
        },
        "rotation": {
            "pitch": -0.0004234717052895576,
            "yaw": -179.8407745361328,
            "roll": 0.004212428815662861
        }
    },
    "camera_parameters": {
        "image_size_x": 1820,
        "image_size_y": 1240,
        "fov": 90,
        "sensor_tick": 0.1
    },
    "filtered_objects": {}
}