{
    "camera_transform": {
        "location": {
            "x": 244.37960815429688,
            "y": 61.77118682861328,
            "z": 2.1838488578796387
        },
        "rotation": {
            "pitch": -0.11273226886987686,
            "yaw": -88.60650634765625,
            "roll": 0.06064989045262337
        }
    },
    "camera_parameters": {
        "image_size_x": 1820,
        "image_size_y": 1240,
        "fov": 90,
        "sensor_tick": 0.1
    },
    "filtered_objects": {}
}