{
    "camera_transform": {
        "location": {
            "x": 115.43003845214844,
            "y": 187.91993713378906,
            "z": 2.3999807834625244
        },
        "rotation": {
            "pitch": 0.0,
            "yaw": -179.9996337890625,
            "roll": 0.0
        }
    },
    "camera_parameters": {
        "image_size_x": 1820,
        "image_size_y": 1240,
        "fov": 90,
        "sensor_tick": 0.1
    },
    "filtered_objects": {}
}