{
    "camera_transform": {
        "location": {
            "x": 62.40299606323242,
            "y": -8.888436317443848,
            "z": 2.1781837940216064
        },
        "rotation": {
            "pitch": 0.009548603557050228,
            "yaw": -179.2044219970703,
            "roll": 6.513775629990448e-12
        }
    },
    "camera_parameters": {
        "image_size_x": 1820,
        "image_size_y": 1240,
        "fov": 90,
        "sensor_tick": 0.1
    },
    "filtered_objects": {}
}