{
    "camera_transform": {
        "location": {
            "x": 10.200716018676758,
            "y": -149.0817108154297,
            "z": 2.1798462867736816
        },
        "rotation": {
            "pitch": 0.0020149056799709797,
            "yaw": -88.58637237548828,
            "roll": 1.845555925683584e-05
        }
    },
    "camera_parameters": {
        "image_size_x": 1820,
        "image_size_y": 1240,
        "fov": 90,
        "sensor_tick": 0.1
    },
    "filtered_objects": {}
}