{
    "camera_transform": {
        "location": {
            "x": 68.01631164550781,
            "y": 7.845763206481934,
            "z": 2.179920196533203
        },
        "rotation": {
            "pitch": 0.0,
            "yaw": 0.8558231592178345,
            "roll": 0.0
        }
    },
    "camera_parameters": {
        "image_size_x": 1820,
        "image_size_y": 1240,
        "fov": 90,
        "sensor_tick": 0.1
    },
    "filtered_objects": {}
}