{
    "camera_transform": {
        "location": {
            "x": 13.412555694580078,
            "y": -57.40193557739258,
            "z": 2.1804258823394775
        },
        "rotation": {
            "pitch": -0.00018441509746480733,
            "yaw": -0.0234375,
            "roll": 0.0007895521121099591
        }
    },
    "camera_parameters": {
        "image_size_x": 1820,
        "image_size_y": 1240,
        "fov": 90,
        "sensor_tick": 0.1
    },
    "filtered_objects": {}
}