{
    "camera_transform": {
        "location": {
            "x": 26.29583740234375,
            "y": -203.78497314453125,
            "z": 2.172966957092285
        },
        "rotation": {
            "pitch": 0.0,
            "yaw": -178.5604705810547,
            "roll": 0.0
        }
    },
    "camera_parameters": {
        "image_size_x": 1820,
        "image_size_y": 1240,
        "fov": 90,
        "sensor_tick": 0.1
    },
    "filtered_objects": {}
}