{
    "camera_transform": {
        "location": {
            "x": 1.5467302799224854,
            "y": 59.52030944824219,
            "z": 2.1797609329223633
        },
        "rotation": {
            "pitch": 0.0,
            "yaw": -88.8912353515625,
            "roll": 0.0
        }
    },
    "camera_parameters": {
        "image_size_x": 1820,
        "image_size_y": 1240,
        "fov": 90,
        "sensor_tick": 0.1
    },
    "filtered_objects": {}
}