{
    "camera_transform": {
        "location": {
            "x": -56.877830505371094,
            "y": 135.3722686767578,
            "z": 2.207509756088257
        },
        "rotation": {
            "pitch": 0.4281367361545563,
            "yaw": -1.3370361328125,
            "roll": -1.094085454940796
        }
    },
    "camera_parameters": {
        "image_size_x": 1820,
        "image_size_y": 1240,
        "fov": 90,
        "sensor_tick": 0.1
    },
    "filtered_objects": {}
}