{
    "camera_transform": {
        "location": {
            "x": -17.53310775756836,
            "y": 203.99945068359375,
            "z": 2.179857015609741
        },
        "rotation": {
            "pitch": 0.0,
            "yaw": -0.142974853515625,
            "roll": -3.0517578125e-05
        }
    },
    "camera_parameters": {
        "image_size_x": 1820,
        "image_size_y": 1240,
        "fov": 90,
        "sensor_tick": 0.1
    },
    "filtered_objects": {}
}