{
    "camera_transform": {
        "location": {
            "x": 149.31478881835938,
            "y": -65.33075714111328,
            "z": 9.970343589782715
        },
        "rotation": {
            "pitch": -1.0591710805892944,
            "yaw": 90.93109893798828,
            "roll": 0.8025115132331848
        }
    },
    "camera_parameters": {
        "image_size_x": 1820,
        "image_size_y": 1240,
        "fov": 90,
        "sensor_tick": 0.1
    },
    "filtered_objects": {}
}