{
    "camera_transform": {
        "location": {
            "x": 234.74249267578125,
            "y": 2.7508392333984375,
            "z": 2.178334951400757
        },
        "rotation": {
            "pitch": 0.00015709434228483588,
            "yaw": 91.6219253540039,
            "roll": -0.00030517575214616954
        }
    },
    "camera_parameters": {
        "image_size_x": 1820,
        "image_size_y": 1240,
        "fov": 90,
        "sensor_tick": 0.1
    },
    "filtered_objects": {}
}