{
    "camera_transform": {
        "location": {
            "x": 81.27510070800781,
            "y": -121.97696685791016,
            "z": 10.179572105407715
        },
        "rotation": {
            "pitch": -0.05106249079108238,
            "yaw": 92.02470397949219,
            "roll": -0.0022277813404798508
        }
    },
    "camera_parameters": {
        "image_size_x": 1820,
        "image_size_y": 1240,
        "fov": 90,
        "sensor_tick": 0.1
    },
    "filtered_objects": {}
}