{
    "camera_transform": {
        "location": {
            "x": -10.713513374328613,
            "y": 14.974498748779297,
            "z": 2.2394657135009766
        },
        "rotation": {
            "pitch": -1.13271164894104,
            "yaw": 79.98358917236328,
            "roll": 2.9943974018096924
        }
    },
    "camera_parameters": {
        "image_size_x": 1820,
        "image_size_y": 1240,
        "fov": 90,
        "sensor_tick": 0.1
    },
    "filtered_objects": {}
}