{
    "camera_transform": {
        "location": {
            "x": -88.45144653320312,
            "y": -31.09007453918457,
            "z": 1.8705347776412964
        },
        "rotation": {
            "pitch": 0.8541492819786072,
            "yaw": 89.84378051757812,
            "roll": -0.012420611456036568
        }
    },
    "camera_parameters": {
        "image_size_x": 1820,
        "image_size_y": 1240,
        "fov": 90,
        "sensor_tick": 0.1
    },
    "filtered_objects": {}
}