{
    "camera_transform": {
        "location": {
            "x": 79.50812530517578,
            "y": 24.85873031616211,
            "z": 2.1806764602661133
        },
        "rotation": {
            "pitch": -0.0004917735932394862,
            "yaw": 0.15921257436275482,
            "roll": 0.00186622713226825
        }
    },
    "camera_parameters": {
        "image_size_x": 1820,
        "image_size_y": 1240,
        "fov": 90,
        "sensor_tick": 0.1
    },
    "filtered_objects": {}
}