{
    "camera_transform": {
        "location": {
            "x": -84.79940032958984,
            "y": 29.508363723754883,
            "z": 2.2778854370117188
        },
        "rotation": {
            "pitch": 0.3716579079627991,
            "yaw": 89.84516143798828,
            "roll": -0.0010681466665118933
        }
    },
    "camera_parameters": {
        "image_size_x": 1820,
        "image_size_y": 1240,
        "fov": 90,
        "sensor_tick": 0.1
    },
    "filtered_objects": {}
}