{
    "camera_transform": {
        "location": {
            "x": -5.925744533538818,
            "y": 85.07645416259766,
            "z": 2.173243761062622
        },
        "rotation": {
            "pitch": 0.0,
            "yaw": 89.63746643066406,
            "roll": 0.0
        }
    },
    "camera_parameters": {
        "image_size_x": 1820,
        "image_size_y": 1240,
        "fov": 90,
        "sensor_tick": 0.1
    },
    "filtered_objects": {}
}