{
    "camera_transform": {
        "location": {
            "x": -88.45204162597656,
            "y": -31.090150833129883,
            "z": 1.8812453746795654
        },
        "rotation": {
            "pitch": 0.8485416769981384,
            "yaw": 89.84352111816406,
            "roll": 0.0057621365413069725
        }
    },
    "camera_parameters": {
        "image_size_x": 1820,
        "image_size_y": 1240,
        "fov": 90,
        "sensor_tick": 0.1
    },
    "filtered_objects": {}
}