{
    "camera_transform": {
        "location": {
            "x": -84.64777374267578,
            "y": 116.91559600830078,
            "z": 2.2896571159362793
        },
        "rotation": {
            "pitch": -0.7212474346160889,
            "yaw": 89.78724670410156,
            "roll": 0.06106004863977432
        }
    },
    "camera_parameters": {
        "image_size_x": 1820,
        "image_size_y": 1240,
        "fov": 90,
        "sensor_tick": 0.1
    },
    "filtered_objects": {}
}