{
    "camera_transform": {
        "location": {
            "x": 15.672229766845703,
            "y": 17.25074005126953,
            "z": 2.179722547531128
        },
        "rotation": {
            "pitch": 0.0,
            "yaw": -38.796974182128906,
            "roll": 0.0
        }
    },
    "camera_parameters": {
        "image_size_x": 1820,
        "image_size_y": 1240,
        "fov": 90,
        "sensor_tick": 0.1
    },
    "filtered_objects": {}
}