{
    "camera_transform": {
        "location": {
            "x": -119.01152801513672,
            "y": 136.66810607910156,
            "z": 2.178532838821411
        },
        "rotation": {
            "pitch": 0.0059081134386360645,
            "yaw": -0.5914612412452698,
            "roll": 0.00021729024592787027
        }
    },
    "camera_parameters": {
        "image_size_x": 1820,
        "image_size_y": 1240,
        "fov": 90,
        "sensor_tick": 0.1
    },
    "filtered_objects": {}
}