{
    "camera_transform": {
        "location": {
            "x": -70.89067840576172,
            "y": 138.84133911132812,
            "z": 2.179889440536499
        },
        "rotation": {
            "pitch": 0.0,
            "yaw": -179.86563110351562,
            "roll": 0.0
        }
    },
    "camera_parameters": {
        "image_size_x": 1820,
        "image_size_y": 1240,
        "fov": 90,
        "sensor_tick": 0.1
    },
    "filtered_objects": {}
}