{
    "camera_transform": {
        "location": {
            "x": 16.630088806152344,
            "y": 69.7193374633789,
            "z": 2.180661678314209
        },
        "rotation": {
            "pitch": -0.0004234717052895576,
            "yaw": 0.0732685774564743,
            "roll": 0.002334111137315631
        }
    },
    "camera_parameters": {
        "image_size_x": 1820,
        "image_size_y": 1240,
        "fov": 90,
        "sensor_tick": 0.1
    },
    "filtered_objects": {}
}