{
    "camera_transform": {
        "location": {
            "x": -88.04737854003906,
            "y": 69.339599609375,
            "z": 3.0119457244873047
        },
        "rotation": {
            "pitch": 0.0835263803601265,
            "yaw": 89.78703308105469,
            "roll": -0.00030517770210281014
        }
    },
    "camera_parameters": {
        "image_size_x": 1820,
        "image_size_y": 1240,
        "fov": 90,
        "sensor_tick": 0.1
    },
    "filtered_objects": {}
}