{
    "camera_transform": {
        "location": {
            "x": -62.537479400634766,
            "y": 185.97808837890625,
            "z": 2.1795175075531006
        },
        "rotation": {
            "pitch": 0.0,
            "yaw": -144.4464111328125,
            "roll": -3.051757266803179e-05
        }
    },
    "camera_parameters": {
        "image_size_x": 1820,
        "image_size_y": 1240,
        "fov": 90,
        "sensor_tick": 0.1
    },
    "filtered_objects": {}
}