{
    "camera_transform": {
        "location": {
            "x": -77.89313507080078,
            "y": 85.25299835205078,
            "z": 2.806593656539917
        },
        "rotation": {
            "pitch": 1.025668978691101,
            "yaw": -90.15643310546875,
            "roll": 0.0012358218664303422
        }
    },
    "camera_parameters": {
        "image_size_x": 1820,
        "image_size_y": 1240,
        "fov": 90,
        "sensor_tick": 0.1
    },
    "filtered_objects": {}
}