{
    "camera_transform": {
        "location": {
            "x": 114.13056182861328,
            "y": -6.619276523590088,
            "z": 2.1793196201324463
        },
        "rotation": {
            "pitch": 2.0490566384978592e-05,
            "yaw": -179.14414978027344,
            "roll": 7.905161328380927e-05
        }
    },
    "camera_parameters": {
        "image_size_x": 1820,
        "image_size_y": 1240,
        "fov": 90,
        "sensor_tick": 0.1
    },
    "filtered_objects": {}
}