{
    "camera_transform": {
        "location": {
            "x": 68.79938507080078,
            "y": -3.9413528442382812,
            "z": 2.1766180992126465
        },
        "rotation": {
            "pitch": -0.3509829044342041,
            "yaw": -179.14743041992188,
            "roll": -0.2721251845359802
        }
    },
    "camera_parameters": {
        "image_size_x": 1820,
        "image_size_y": 1240,
        "fov": 90,
        "sensor_tick": 0.1
    },
    "filtered_objects": {}
}