{
    "camera_transform": {
        "location": {
            "x": 150.32264709472656,
            "y": -123.28704071044922,
            "z": 10.17959976196289
        },
        "rotation": {
            "pitch": 0.0,
            "yaw": 90.9964599609375,
            "roll": 0.0
        }
    },
    "camera_parameters": {
        "image_size_x": 1820,
        "image_size_y": 1240,
        "fov": 90,
        "sensor_tick": 0.1
    },
    "filtered_objects": {}
}