{
    "camera_transform": {
        "location": {
            "x": -0.9275280833244324,
            "y": -114.35161590576172,
            "z": 2.179788112640381
        },
        "rotation": {
            "pitch": 0.0,
            "yaw": 91.41352844238281,
            "roll": 0.0
        }
    },
    "camera_parameters": {
        "image_size_x": 1820,
        "image_size_y": 1240,
        "fov": 90,
        "sensor_tick": 0.1
    },
    "filtered_objects": {}
}