{
    "camera_transform": {
        "location": {
            "x": -21.81279754638672,
            "y": -135.2383270263672,
            "z": 2.169614315032959
        },
        "rotation": {
            "pitch": 0.0031760376878082752,
            "yaw": 1.2267377376556396,
            "roll": -0.007965086959302425
        }
    },
    "camera_parameters": {
        "image_size_x": 1820,
        "image_size_y": 1240,
        "fov": 90,
        "sensor_tick": 0.1
    },
    "filtered_objects": {}
}