{
    "camera_transform": {
        "location": {
            "x": 240.8784637451172,
            "y": 51.08979415893555,
            "z": 2.1797378063201904
        },
        "rotation": {
            "pitch": 2.0490566384978592e-05,
            "yaw": -88.60533905029297,
            "roll": -3.051757266803179e-05
        }
    },
    "camera_parameters": {
        "image_size_x": 1820,
        "image_size_y": 1240,
        "fov": 90,
        "sensor_tick": 0.1
    },
    "filtered_objects": {}
}