{
    "camera_transform": {
        "location": {
            "x": 154.79991149902344,
            "y": 58.91693115234375,
            "z": 2.173086404800415
        },
        "rotation": {
            "pitch": 0.0,
            "yaw": 179.85252380371094,
            "roll": 0.0
        }
    },
    "camera_parameters": {
        "image_size_x": 1820,
        "image_size_y": 1240,
        "fov": 90,
        "sensor_tick": 0.1
    },
    "filtered_objects": {}
}