{
    "camera_transform": {
        "location": {
            "x": -88.24526977539062,
            "y": 108.73333740234375,
            "z": 2.397523880004883
        },
        "rotation": {
            "pitch": -0.9404554963111877,
            "yaw": 89.78738403320312,
            "roll": 0.0008282719645649195
        }
    },
    "camera_parameters": {
        "image_size_x": 1820,
        "image_size_y": 1240,
        "fov": 90,
        "sensor_tick": 0.1
    },
    "filtered_objects": {}
}