{
    "camera_transform": {
        "location": {
            "x": -13.601540565490723,
            "y": -138.56373596191406,
            "z": 2.1733500957489014
        },
        "rotation": {
            "pitch": 0.0,
            "yaw": -178.77268981933594,
            "roll": 0.0
        }
    },
    "camera_parameters": {
        "image_size_x": 1820,
        "image_size_y": 1240,
        "fov": 90,
        "sensor_tick": 0.1
    },
    "filtered_objects": {}
}