{
    "camera_transform": {
        "location": {
            "x": 181.5144805908203,
            "y": -194.18795776367188,
            "z": 2.1764280796051025
        },
        "rotation": {
            "pitch": -0.02804475463926792,
            "yaw": -1.904937505722046,
            "roll": -0.248077392578125
        }
    },
    "camera_parameters": {
        "image_size_x": 1820,
        "image_size_y": 1240,
        "fov": 90,
        "sensor_tick": 0.1
    },
    "filtered_objects": {}
}