{
    "camera_transform": {
        "location": {
            "x": 40.0961799621582,
            "y": -4.381637096405029,
            "z": 2.1799428462982178
        },
        "rotation": {
            "pitch": 0.0,
            "yaw": -179.1441650390625,
            "roll": 0.0
        }
    },
    "camera_parameters": {
        "image_size_x": 1820,
        "image_size_y": 1240,
        "fov": 90,
        "sensor_tick": 0.1
    },
    "filtered_objects": {}
}