{
    "camera_transform": {
        "location": {
            "x": -74.02857971191406,
            "y": 116.63954162597656,
            "z": 2.2946767807006836
        },
        "rotation": {
            "pitch": 0.6844873428344727,
            "yaw": -90.15088653564453,
            "roll": 0.13649408519268036
        }
    },
    "camera_parameters": {
        "image_size_x": 1820,
        "image_size_y": 1240,
        "fov": 90,
        "sensor_tick": 0.1
    },
    "filtered_objects": {}
}