{
    "camera_transform": {
        "location": {
            "x": -148.97348022460938,
            "y": -69.92131042480469,
            "z": 2.4843051433563232
        },
        "rotation": {
            "pitch": -0.6605817079544067,
            "yaw": 90.02938842773438,
            "roll": 0.00422731414437294
        }
    },
    "camera_parameters": {
        "image_size_x": 1820,
        "image_size_y": 1240,
        "fov": 90,
        "sensor_tick": 0.1
    },
    "filtered_objects": {}
}