{
    "camera_transform": {
        "location": {
            "x": 154.18190002441406,
            "y": -143.34364318847656,
            "z": 10.003615379333496
        },
        "rotation": {
            "pitch": -2.3020262718200684,
            "yaw": -89.01598358154297,
            "roll": 0.2887643873691559
        }
    },
    "camera_parameters": {
        "image_size_x": 1820,
        "image_size_y": 1240,
        "fov": 90,
        "sensor_tick": 0.1
    },
    "filtered_objects": {}
}