{
    "camera_transform": {
        "location": {
            "x": -114.4626235961914,
            "y": 59.35015106201172,
            "z": 2.1804215908050537
        },
        "rotation": {
            "pitch": -0.0003961509501095861,
            "yaw": 90.6423110961914,
            "roll": 0.005247696302831173
        }
    },
    "camera_parameters": {
        "image_size_x": 1820,
        "image_size_y": 1240,
        "fov": 90,
        "sensor_tick": 0.1
    },
    "filtered_objects": {}
}