{
    "camera_transform": {
        "location": {
            "x": -88.53410339355469,
            "y": -61.88654708862305,
            "z": 1.4295836687088013
        },
        "rotation": {
            "pitch": 0.7682801485061646,
            "yaw": 89.84349822998047,
            "roll": 0.002783658681437373
        }
    },
    "camera_parameters": {
        "image_size_x": 1820,
        "image_size_y": 1240,
        "fov": 90,
        "sensor_tick": 0.1
    },
    "filtered_objects": {}
}