{
    "camera_transform": {
        "location": {
            "x": 9.240607261657715,
            "y": -104.24063873291016,
            "z": 2.184126853942871
        },
        "rotation": {
            "pitch": 0.05841860547661781,
            "yaw": -88.58650970458984,
            "roll": -0.1470337063074112
        }
    },
    "camera_parameters": {
        "image_size_x": 1820,
        "image_size_y": 1240,
        "fov": 90,
        "sensor_tick": 0.1
    },
    "filtered_objects": {}
}