{
    "camera_transform": {
        "location": {
            "x": -0.9601879715919495,
            "y": 105.55120849609375,
            "z": 2.3988490104675293
        },
        "rotation": {
            "pitch": -0.006379396189004183,
            "yaw": -179.9993896484375,
            "roll": -0.0345153771340847
        }
    },
    "camera_parameters": {
        "image_size_x": 1820,
        "image_size_y": 1240,
        "fov": 90,
        "sensor_tick": 0.1
    },
    "filtered_objects": {}
}