{
    "camera_transform": {
        "location": {
            "x": 112.18062591552734,
            "y": -132.246337890625,
            "z": 10.180136680603027
        },
        "rotation": {
            "pitch": 0.0,
            "yaw": 1.2274954319000244,
            "roll": -0.006835936568677425
        }
    },
    "camera_parameters": {
        "image_size_x": 1820,
        "image_size_y": 1240,
        "fov": 90,
        "sensor_tick": 0.1
    },
    "filtered_objects": {}
}