{
    "camera_transform": {
        "location": {
            "x": 2.1645665168762207,
            "y": 157.03929138183594,
            "z": 2.179229974746704
        },
        "rotation": {
            "pitch": -0.058439094573259354,
            "yaw": -90.3623046875,
            "roll": -0.119232177734375
        }
    },
    "camera_parameters": {
        "image_size_x": 1820,
        "image_size_y": 1240,
        "fov": 90,
        "sensor_tick": 0.1
    },
    "filtered_objects": {}
}