{
    "camera_transform": {
        "location": {
            "x": 127.42333984375,
            "y": -201.30177307128906,
            "z": 2.1780083179473877
        },
        "rotation": {
            "pitch": 0.001379698165692389,
            "yaw": -178.52809143066406,
            "roll": 0.0004859929031226784
        }
    },
    "camera_parameters": {
        "image_size_x": 1820,
        "image_size_y": 1240,
        "fov": 90,
        "sensor_tick": 0.1
    },
    "filtered_objects": {}
}