{
    "camera_transform": {
        "location": {
            "x": -5.902965068817139,
            "y": 105.27661895751953,
            "z": 2.1773908138275146
        },
        "rotation": {
            "pitch": 0.05900600180029869,
            "yaw": 89.6373519897461,
            "roll": -0.1517334282398224
        }
    },
    "camera_parameters": {
        "image_size_x": 1820,
        "image_size_y": 1240,
        "fov": 90,
        "sensor_tick": 0.1
    },
    "filtered_objects": {}
}