{
    "camera_transform": {
        "location": {
            "x": -84.79939270019531,
            "y": 29.508434295654297,
            "z": 2.2780954837799072
        },
        "rotation": {
            "pitch": 0.3705650568008423,
            "yaw": 89.84516143798828,
            "roll": -0.0014953890349715948
        }
    },
    "camera_parameters": {
        "image_size_x": 1820,
        "image_size_y": 1240,
        "fov": 90,
        "sensor_tick": 0.1
    },
    "filtered_objects": {}
}