{
    "camera_transform": {
        "location": {
            "x": -26.22598648071289,
            "y": 28.113353729248047,
            "z": 2.1804888248443604
        },
        "rotation": {
            "pitch": -0.0004234717052895576,
            "yaw": 0.15921688079833984,
            "roll": 0.003832300892099738
        }
    },
    "camera_parameters": {
        "image_size_x": 1820,
        "image_size_y": 1240,
        "fov": 90,
        "sensor_tick": 0.1
    },
    "filtered_objects": {}
}