{
    "camera_transform": {
        "location": {
            "x": -54.696746826171875,
            "y": -39.15018081665039,
            "z": 2.235849142074585
        },
        "rotation": {
            "pitch": 0.0,
            "yaw": 89.66251373291016,
            "roll": 0.0
        }
    },
    "camera_parameters": {
        "image_size_x": 1820,
        "image_size_y": 1240,
        "fov": 90,
        "sensor_tick": 0.1
    },
    "filtered_objects": {}
}