{
    "camera_transform": {
        "location": {
            "x": 68.79939270019531,
            "y": -3.940993309020996,
            "z": 2.1764581203460693
        },
        "rotation": {
            "pitch": -0.3509214520454407,
            "yaw": -179.1471405029297,
            "roll": -0.2721251845359802
        }
    },
    "camera_parameters": {
        "image_size_x": 1820,
        "image_size_y": 1240,
        "fov": 90,
        "sensor_tick": 0.1
    },
    "filtered_objects": {}
}