{
    "camera_transform": {
        "location": {
            "x": -77.9911880493164,
            "y": -32.76652145385742,
            "z": 1.8565723896026611
        },
        "rotation": {
            "pitch": -0.8498257398605347,
            "yaw": -90.15673828125,
            "roll": 0.002709641819819808
        }
    },
    "camera_parameters": {
        "image_size_x": 1820,
        "image_size_y": 1240,
        "fov": 90,
        "sensor_tick": 0.1
    },
    "filtered_objects": {}
}