{
    "camera_transform": {
        "location": {
            "x": 106.44862365722656,
            "y": -24.05376625061035,
            "z": 2.180225133895874
        },
        "rotation": {
            "pitch": -0.0005805660621263087,
            "yaw": -91.51956176757812,
            "roll": 0.0038155384827405214
        }
    },
    "camera_parameters": {
        "image_size_x": 1820,
        "image_size_y": 1240,
        "fov": 90,
        "sensor_tick": 0.1
    },
    "filtered_objects": {}
}