{
    "camera_transform": {
        "location": {
            "x": 11.969999313354492,
            "y": 191.7699737548828,
            "z": 2.3999521732330322
        },
        "rotation": {
            "pitch": 0.0,
            "yaw": -0.00018310546875,
            "roll": 0.0
        }
    },
    "camera_parameters": {
        "image_size_x": 1820,
        "image_size_y": 1240,
        "fov": 90,
        "sensor_tick": 0.1
    },
    "filtered_objects": {}
}