{
    "camera_transform": {
        "location": {
            "x": 131.066162109375,
            "y": -190.39537048339844,
            "z": 2.1793441772460938
        },
        "rotation": {
            "pitch": -0.05856204032897949,
            "yaw": 0.0,
            "roll": 0.11914649605751038
        }
    },
    "camera_parameters": {
        "image_size_x": 1820,
        "image_size_y": 1240,
        "fov": 90,
        "sensor_tick": 0.1
    },
    "filtered_objects": {}
}