{
    "camera_transform": {
        "location": {
            "x": -102.08179473876953,
            "y": -140.3933868408203,
            "z": 2.421046495437622
        },
        "rotation": {
            "pitch": 1.0852009057998657,
            "yaw": -178.77305603027344,
            "roll": 0.061845652759075165
        }
    },
    "camera_parameters": {
        "image_size_x": 1820,
        "image_size_y": 1240,
        "fov": 90,
        "sensor_tick": 0.1
    },
    "filtered_objects": {}
}