{
    "camera_transform": {
        "location": {
            "x": -84.64698791503906,
            "y": 74.94352722167969,
            "z": 2.974287748336792
        },
        "rotation": {
            "pitch": -0.4293524920940399,
            "yaw": 89.78709411621094,
            "roll": -0.00012206636893097311
        }
    },
    "camera_parameters": {
        "image_size_x": 1820,
        "image_size_y": 1240,
        "fov": 90,
        "sensor_tick": 0.1
    },
    "filtered_objects": {}
}