{
    "camera_transform": {
        "location": {
            "x": 8.489365577697754,
            "y": 207.4994354248047,
            "z": 2.1799299716949463
        },
        "rotation": {
            "pitch": 6.830188794992864e-06,
            "yaw": -0.142974853515625,
            "roll": 3.421356086619198e-05
        }
    },
    "camera_parameters": {
        "image_size_x": 1820,
        "image_size_y": 1240,
        "fov": 90,
        "sensor_tick": 0.1
    },
    "filtered_objects": {}
}