{
    "camera_transform": {
        "location": {
            "x": 7.389035701751709,
            "y": -187.71005249023438,
            "z": 2.1784121990203857
        },
        "rotation": {
            "pitch": 9.56226431299001e-05,
            "yaw": -88.58570098876953,
            "roll": 0.0010345530463382602
        }
    },
    "camera_parameters": {
        "image_size_x": 1820,
        "image_size_y": 1240,
        "fov": 90,
        "sensor_tick": 0.1
    },
    "filtered_objects": {}
}