{
    "camera_transform": {
        "location": {
            "x": -21.8369083404541,
            "y": -57.75808334350586,
            "z": 2.1803789138793945
        },
        "rotation": {
            "pitch": -0.00045762263471260667,
            "yaw": 0.5967256426811218,
            "roll": 0.002960921498015523
        }
    },
    "camera_parameters": {
        "image_size_x": 1820,
        "image_size_y": 1240,
        "fov": 90,
        "sensor_tick": 0.1
    },
    "filtered_objects": {}
}