{
    "camera_transform": {
        "location": {
            "x": -90.1202621459961,
            "y": 12.968348503112793,
            "z": 2.1876542568206787
        },
        "rotation": {
            "pitch": 0.10523954778909683,
            "yaw": -179.878173828125,
            "roll": -0.2503966987133026
        }
    },
    "camera_parameters": {
        "image_size_x": 1820,
        "image_size_y": 1240,
        "fov": 90,
        "sensor_tick": 0.1
    },
    "filtered_objects": {}
}