{
    "camera_transform": {
        "location": {
            "x": -85.20205688476562,
            "y": -124.36734008789062,
            "z": 2.1163253784179688
        },
        "rotation": {
            "pitch": -0.16915646195411682,
            "yaw": 89.83765411376953,
            "roll": -0.047607421875
        }
    },
    "camera_parameters": {
        "image_size_x": 1820,
        "image_size_y": 1240,
        "fov": 90,
        "sensor_tick": 0.1
    },
    "filtered_objects": {}
}