{
    "camera_transform": {
        "location": {
            "x": 61.76313018798828,
            "y": -7.453593730926514,
            "z": 2.1799867153167725
        },
        "rotation": {
            "pitch": -0.00045762263471260667,
            "yaw": -179.1441650390625,
            "roll": 0.0028803336899727583
        }
    },
    "camera_parameters": {
        "image_size_x": 1820,
        "image_size_y": 1240,
        "fov": 90,
        "sensor_tick": 0.1
    },
    "filtered_objects": {}
}