{
    "camera_transform": {
        "location": {
            "x": -74.63021850585938,
            "y": -97.51256561279297,
            "z": 1.60512113571167
        },
        "rotation": {
            "pitch": 1.300966501235962,
            "yaw": -90.156494140625,
            "roll": 0.0020215099211782217
        }
    },
    "camera_parameters": {
        "image_size_x": 1820,
        "image_size_y": 1240,
        "fov": 90,
        "sensor_tick": 0.1
    },
    "filtered_objects": {}
}