{
    "camera_transform": {
        "location": {
            "x": 80.2931900024414,
            "y": -94.2114028930664,
            "z": 10.178351402282715
        },
        "rotation": {
            "pitch": -0.00027320755179971457,
            "yaw": 92.09766387939453,
            "roll": -6.103515261202119e-05
        }
    },
    "camera_parameters": {
        "image_size_x": 1820,
        "image_size_y": 1240,
        "fov": 90,
        "sensor_tick": 0.1
    },
    "filtered_objects": {}
}