{
    "camera_transform": {
        "location": {
            "x": 24.642297744750977,
            "y": 66.27977752685547,
            "z": 2.1802597045898438
        },
        "rotation": {
            "pitch": -0.00012294339830987155,
            "yaw": -179.92672729492188,
            "roll": 0.0005505337612703443
        }
    },
    "camera_parameters": {
        "image_size_x": 1820,
        "image_size_y": 1240,
        "fov": 90,
        "sensor_tick": 0.1
    },
    "filtered_objects": {}
}