{
    "camera_transform": {
        "location": {
            "x": 95.9316177368164,
            "y": -141.4652862548828,
            "z": 10.114180564880371
        },
        "rotation": {
            "pitch": 0.5153923630714417,
            "yaw": -110.48104858398438,
            "roll": 3.3812921047210693
        }
    },
    "camera_parameters": {
        "image_size_x": 1820,
        "image_size_y": 1240,
        "fov": 90,
        "sensor_tick": 0.1
    },
    "filtered_objects": {}
}