{
    "camera_transform": {
        "location": {
            "x": -88.24529266357422,
            "y": 108.73318481445312,
            "z": 2.3972604274749756
        },
        "rotation": {
            "pitch": -0.9404281973838806,
            "yaw": 89.78738403320312,
            "roll": 0.000814609753433615
        }
    },
    "camera_parameters": {
        "image_size_x": 1820,
        "image_size_y": 1240,
        "fov": 90,
        "sensor_tick": 0.1
    },
    "filtered_objects": {}
}