{
    "camera_transform": {
        "location": {
            "x": -20.885868072509766,
            "y": 130.1930389404297,
            "z": 2.180387496948242
        },
        "rotation": {
            "pitch": -0.0006147170206531882,
            "yaw": -179.6478271484375,
            "roll": 0.0031743261497467756
        }
    },
    "camera_parameters": {
        "image_size_x": 1820,
        "image_size_y": 1240,
        "fov": 90,
        "sensor_tick": 0.1
    },
    "filtered_objects": {}
}