{
    "camera_transform": {
        "location": {
            "x": 114.90245056152344,
            "y": -205.1199951171875,
            "z": 2.179861068725586
        },
        "rotation": {
            "pitch": -6.147169915493578e-05,
            "yaw": -178.5604705810547,
            "roll": -5.0888872109300376e-14
        }
    },
    "camera_parameters": {
        "image_size_x": 1820,
        "image_size_y": 1240,
        "fov": 90,
        "sensor_tick": 0.1
    },
    "filtered_objects": {}
}