{
    "camera_transform": {
        "location": {
            "x": -77.89418029785156,
            "y": 49.497840881347656,
            "z": 2.7506277561187744
        },
        "rotation": {
            "pitch": -1.4460738897323608,
            "yaw": -90.15734100341797,
            "roll": -0.0007019721087999642
        }
    },
    "camera_parameters": {
        "image_size_x": 1820,
        "image_size_y": 1240,
        "fov": 90,
        "sensor_tick": 0.1
    },
    "filtered_objects": {}
}