{
    "camera_transform": {
        "location": {
            "x": 113.03325653076172,
            "y": -76.42108154296875,
            "z": 10.1800537109375
        },
        "rotation": {
            "pitch": 0.0,
            "yaw": -178.49087524414062,
            "roll": 0.0
        }
    },
    "camera_parameters": {
        "image_size_x": 1820,
        "image_size_y": 1240,
        "fov": 90,
        "sensor_tick": 0.1
    },
    "filtered_objects": {}
}