{
    "camera_transform": {
        "location": {
            "x": -48.66958236694336,
            "y": 49.45530700683594,
            "z": 2.180083990097046
        },
        "rotation": {
            "pitch": -0.0003073585103265941,
            "yaw": 89.83875274658203,
            "roll": 0.005668379366397858
        }
    },
    "camera_parameters": {
        "image_size_x": 1820,
        "image_size_y": 1240,
        "fov": 90,
        "sensor_tick": 0.1
    },
    "filtered_objects": {}
}