{
    "camera_transform": {
        "location": {
            "x": 167.1772003173828,
            "y": 73.63097381591797,
            "z": 2.2828853130340576
        },
        "rotation": {
            "pitch": 0.3097763955593109,
            "yaw": 89.98918914794922,
            "roll": -0.0978393629193306
        }
    },
    "camera_parameters": {
        "image_size_x": 1820,
        "image_size_y": 1240,
        "fov": 90,
        "sensor_tick": 0.1
    },
    "filtered_objects": {}
}