{
    "camera_transform": {
        "location": {
            "x": -74.49011993408203,
            "y": -46.57614517211914,
            "z": 1.6541979312896729
        },
        "rotation": {
            "pitch": -0.8499760031700134,
            "yaw": -90.15672302246094,
            "roll": 0.004649522248655558
        }
    },
    "camera_parameters": {
        "image_size_x": 1820,
        "image_size_y": 1240,
        "fov": 90,
        "sensor_tick": 0.1
    },
    "filtered_objects": {}
}