{
    "camera_transform": {
        "location": {
            "x": 206.26919555664062,
            "y": 150.9684295654297,
            "z": 2.1800894737243652
        },
        "rotation": {
            "pitch": 0.0,
            "yaw": 0.23475705087184906,
            "roll": 0.0
        }
    },
    "camera_parameters": {
        "image_size_x": 1820,
        "image_size_y": 1240,
        "fov": 90,
        "sensor_tick": 0.1
    },
    "filtered_objects": {}
}