{
    "camera_transform": {
        "location": {
            "x": 110.41543579101562,
            "y": 237.5633087158203,
            "z": 2.1796281337738037
        },
        "rotation": {
            "pitch": 0.0,
            "yaw": 0.019545903429389,
            "roll": 0.0
        }
    },
    "camera_parameters": {
        "image_size_x": 1820,
        "image_size_y": 1240,
        "fov": 90,
        "sensor_tick": 0.1
    },
    "filtered_objects": {}
}