{
    "camera_transform": {
        "location": {
            "x": 378.6910705566406,
            "y": 147.98133850097656,
            "z": 2.1799240112304688
        },
        "rotation": {
            "pitch": 0.0,
            "yaw": 0.23475705087184906,
            "roll": 0.0
        }
    },
    "camera_parameters": {
        "image_size_x": 1820,
        "image_size_y": 1240,
        "fov": 90,
        "sensor_tick": 0.1
    },
    "filtered_objects": {}
}