{
    "camera_transform": {
        "location": {
            "x": -206.72894287109375,
            "y": 236.1217498779297,
            "z": 2.1800155639648438
        },
        "rotation": {
            "pitch": 0.0,
            "yaw": -0.1031188890337944,
            "roll": 0.0
        }
    },
    "camera_parameters": {
        "image_size_x": 1820,
        "image_size_y": 1240,
        "fov": 90,
        "sensor_tick": 0.1
    },
    "filtered_objects": {}
}