{
    "camera_transform": {
        "location": {
            "x": -57.250789642333984,
            "y": -2.911743640899658,
            "z": 2.1798527240753174
        },
        "rotation": {
            "pitch": 4.0981132769957185e-05,
            "yaw": -179.70535278320312,
            "roll": 8.285180956590921e-05
        }
    },
    "camera_parameters": {
        "image_size_x": 1820,
        "image_size_y": 1240,
        "fov": 90,
        "sensor_tick": 0.1
    },
    "filtered_objects": {}
}