{
    "camera_transform": {
        "location": {
            "x": 181.26425170898438,
            "y": -193.89999389648438,
            "z": 2.1731529235839844
        },
        "rotation": {
            "pitch": 0.0,
            "yaw": 0.0,
            "roll": 0.0
        }
    },
    "camera_parameters": {
        "image_size_x": 1820,
        "image_size_y": 1240,
        "fov": 90,
        "sensor_tick": 0.1
    },
    "filtered_objects": {}
}