{
    "camera_transform": {
        "location": {
            "x": 244.52200317382812,
            "y": 195.26919555664062,
            "z": 2.172358274459839
        },
        "rotation": {
            "pitch": 0.0,
            "yaw": 179.999755859375,
            "roll": 0.0
        }
    },
    "camera_parameters": {
        "image_size_x": 1820,
        "image_size_y": 1240,
        "fov": 90,
        "sensor_tick": 0.1
    },
    "filtered_objects": {}
}