{
    "camera_transform": {
        "location": {
            "x": -74.39393615722656,
            "y": 74.87116241455078,
            "z": 2.9768218994140625
        },
        "rotation": {
            "pitch": 0.8537462949752808,
            "yaw": -90.15648651123047,
            "roll": -3.055247725569643e-05
        }
    },
    "camera_parameters": {
        "image_size_x": 1820,
        "image_size_y": 1240,
        "fov": 90,
        "sensor_tick": 0.1
    },
    "filtered_objects": {}
}