{
    "camera_transform": {
        "location": {
            "x": -88.15841674804688,
            "y": 39.208003997802734,
            "z": 2.457216739654541
        },
        "rotation": {
            "pitch": 1.1822236776351929,
            "yaw": 89.78803253173828,
            "roll": -0.00021359558741096407
        }
    },
    "camera_parameters": {
        "image_size_x": 1820,
        "image_size_y": 1240,
        "fov": 90,
        "sensor_tick": 0.1
    },
    "filtered_objects": {}
}