{
    "camera_transform": {
        "location": {
            "x": -77.99036407470703,
            "y": -32.76655578613281,
            "z": 1.8571245670318604
        },
        "rotation": {
            "pitch": -0.8494774103164673,
            "yaw": -90.1567153930664,
            "roll": 0.002286336850374937
        }
    },
    "camera_parameters": {
        "image_size_x": 1820,
        "image_size_y": 1240,
        "fov": 90,
        "sensor_tick": 0.1
    },
    "filtered_objects": {}
}