{
    "camera_transform": {
        "location": {
            "x": -5.92573881149292,
            "y": 85.07646179199219,
            "z": 2.179779052734375
        },
        "rotation": {
            "pitch": 0.0,
            "yaw": 89.63746643066406,
            "roll": 0.0
        }
    },
    "camera_parameters": {
        "image_size_x": 1820,
        "image_size_y": 1240,
        "fov": 90,
        "sensor_tick": 0.1
    },
    "filtered_objects": {}
}