{
    "camera_transform": {
        "location": {
            "x": 242.8064727783203,
            "y": 55.93710708618164,
            "z": 2.1780197620391846
        },
        "rotation": {
            "pitch": -0.034362681210041046,
            "yaw": -92.19316864013672,
            "roll": 0.024814937263727188
        }
    },
    "camera_parameters": {
        "image_size_x": 1820,
        "image_size_y": 1240,
        "fov": 90,
        "sensor_tick": 0.1
    },
    "filtered_objects": {}
}