{
    "camera_transform": {
        "location": {
            "x": -6.533605575561523,
            "y": -39.69527816772461,
            "z": 2.172863483428955
        },
        "rotation": {
            "pitch": -3.415094397496432e-05,
            "yaw": 92.00419616699219,
            "roll": -6.103514533606358e-05
        }
    },
    "camera_parameters": {
        "image_size_x": 1820,
        "image_size_y": 1240,
        "fov": 90,
        "sensor_tick": 0.1
    },
    "filtered_objects": {}
}