{
    "camera_transform": {
        "location": {
            "x": -62.14482879638672,
            "y": 24.47987937927246,
            "z": 2.1801793575286865
        },
        "rotation": {
            "pitch": -0.0005532453069463372,
            "yaw": 0.15921781957149506,
            "roll": 0.004380547907203436
        }
    },
    "camera_parameters": {
        "image_size_x": 1820,
        "image_size_y": 1240,
        "fov": 90,
        "sensor_tick": 0.1
    },
    "filtered_objects": {}
}