{
    "camera_transform": {
        "location": {
            "x": -64.79328155517578,
            "y": 27.882829666137695,
            "z": 2.2631850242614746
        },
        "rotation": {
            "pitch": 1.2023727893829346,
            "yaw": 0.2196674644947052,
            "roll": -3.004211664199829
        }
    },
    "camera_parameters": {
        "image_size_x": 1820,
        "image_size_y": 1240,
        "fov": 90,
        "sensor_tick": 0.1
    },
    "filtered_objects": {}
}