{
    "camera_transform": {
        "location": {
            "x": 230.763916015625,
            "y": 38.208030700683594,
            "z": 2.1796531677246094
        },
        "rotation": {
            "pitch": 0.00010928302071988583,
            "yaw": 91.39320373535156,
            "roll": 0.0
        }
    },
    "camera_parameters": {
        "image_size_x": 1820,
        "image_size_y": 1240,
        "fov": 90,
        "sensor_tick": 0.1
    },
    "filtered_objects": {}
}