{
    "camera_transform": {
        "location": {
            "x": -21.81266975402832,
            "y": -135.2383270263672,
            "z": 2.180485248565674
        },
        "rotation": {
            "pitch": -0.0005805660621263087,
            "yaw": 1.2268050909042358,
            "roll": 0.0018114859703928232
        }
    },
    "camera_parameters": {
        "image_size_x": 1820,
        "image_size_y": 1240,
        "fov": 90,
        "sensor_tick": 0.1
    },
    "filtered_objects": {}
}