{
    "camera_transform": {
        "location": {
            "x": -74.48963928222656,
            "y": -46.57611846923828,
            "z": 1.6544897556304932
        },
        "rotation": {
            "pitch": -0.8494774103164673,
            "yaw": -90.15679931640625,
            "roll": 0.005251044407486916
        }
    },
    "camera_parameters": {
        "image_size_x": 1820,
        "image_size_y": 1240,
        "fov": 90,
        "sensor_tick": 0.1
    },
    "filtered_objects": {}
}