{
    "camera_transform": {
        "location": {
            "x": 99.39751434326172,
            "y": -17.157978057861328,
            "z": 2.1806256771087646
        },
        "rotation": {
            "pitch": -0.00018441509746480733,
            "yaw": 90.8448486328125,
            "roll": 0.0005151418154127896
        }
    },
    "camera_parameters": {
        "image_size_x": 1820,
        "image_size_y": 1240,
        "fov": 90,
        "sensor_tick": 0.1
    },
    "filtered_objects": {}
}