{
    "camera_transform": {
        "location": {
            "x": -85.03435516357422,
            "y": -51.59835433959961,
            "z": 1.5810598134994507
        },
        "rotation": {
            "pitch": 0.8493613004684448,
            "yaw": 89.8436508178711,
            "roll": 0.0017755639273673296
        }
    },
    "camera_parameters": {
        "image_size_x": 1820,
        "image_size_y": 1240,
        "fov": 90,
        "sensor_tick": 0.1
    },
    "filtered_objects": {}
}