{
    "camera_transform": {
        "location": {
            "x": -12.648181915283203,
            "y": 69.71786499023438,
            "z": 2.180492639541626
        },
        "rotation": {
            "pitch": -0.00027320755179971457,
            "yaw": 0.0732562392950058,
            "roll": 0.0009027038468047976
        }
    },
    "camera_parameters": {
        "image_size_x": 1820,
        "image_size_y": 1240,
        "fov": 90,
        "sensor_tick": 0.1
    },
    "filtered_objects": {}
}