{
    "camera_transform": {
        "location": {
            "x": -88.24398040771484,
            "y": 108.73309326171875,
            "z": 2.3972067832946777
        },
        "rotation": {
            "pitch": -0.9404554963111877,
            "yaw": 89.78752136230469,
            "roll": -0.0014037394430488348
        }
    },
    "camera_parameters": {
        "image_size_x": 1820,
        "image_size_y": 1240,
        "fov": 90,
        "sensor_tick": 0.1
    },
    "filtered_objects": {}
}