{
    "camera_transform": {
        "location": {
            "x": 113.03327941894531,
            "y": -76.42108154296875,
            "z": 10.18011474609375
        },
        "rotation": {
            "pitch": 1.3660377589985728e-05,
            "yaw": -178.49085998535156,
            "roll": 0.0
        }
    },
    "camera_parameters": {
        "image_size_x": 1820,
        "image_size_y": 1240,
        "fov": 90,
        "sensor_tick": 0.1
    },
    "filtered_objects": {}
}