{
    "camera_transform": {
        "location": {
            "x": 212.49305725097656,
            "y": 9.845731735229492,
            "z": 2.1799657344818115
        },
        "rotation": {
            "pitch": 0.0,
            "yaw": 0.8557975888252258,
            "roll": -3.0517578125e-05
        }
    },
    "camera_parameters": {
        "image_size_x": 1820,
        "image_size_y": 1240,
        "fov": 90,
        "sensor_tick": 0.1
    },
    "filtered_objects": {}
}