{
    "camera_transform": {
        "location": {
            "x": -85.03398895263672,
            "y": -51.59843444824219,
            "z": 1.5810012817382812
        },
        "rotation": {
            "pitch": 0.8492383360862732,
            "yaw": 89.84321594238281,
            "roll": 0.0021935852710157633
        }
    },
    "camera_parameters": {
        "image_size_x": 1820,
        "image_size_y": 1240,
        "fov": 90,
        "sensor_tick": 0.1
    },
    "filtered_objects": {}
}