{
    "camera_transform": {
        "location": {
            "x": -6.676017761230469,
            "y": 140.72743225097656,
            "z": 2.1804263591766357
        },
        "rotation": {
            "pitch": -0.0005190943484194577,
            "yaw": 0.35214105248451233,
            "roll": 0.004591335076838732
        }
    },
    "camera_parameters": {
        "image_size_x": 1820,
        "image_size_y": 1240,
        "fov": 90,
        "sensor_tick": 0.1
    },
    "filtered_objects": {}
}