{
    "camera_transform": {
        "location": {
            "x": 227.28167724609375,
            "y": -1.9598718881607056,
            "z": 2.171402931213379
        },
        "rotation": {
            "pitch": 0.0,
            "yaw": 179.9996337890625,
            "roll": 0.0
        }
    },
    "camera_parameters": {
        "image_size_x": 1820,
        "image_size_y": 1240,
        "fov": 90,
        "sensor_tick": 0.1
    },
    "filtered_objects": {}
}