{
    "camera_transform": {
        "location": {
            "x": 39.71155548095703,
            "y": 2.833696126937866,
            "z": 2.1798956394195557
        },
        "rotation": {
            "pitch": 0.0,
            "yaw": -13.668445587158203,
            "roll": 0.0
        }
    },
    "camera_parameters": {
        "image_size_x": 1820,
        "image_size_y": 1240,
        "fov": 90,
        "sensor_tick": 0.1
    },
    "filtered_objects": {}
}