{
    "camera_transform": {
        "location": {
            "x": 9.240615844726562,
            "y": -104.24063110351562,
            "z": 2.183717966079712
        },
        "rotation": {
            "pitch": 0.058439094573259354,
            "yaw": -88.5865478515625,
            "roll": -0.1470947116613388
        }
    },
    "camera_parameters": {
        "image_size_x": 1820,
        "image_size_y": 1240,
        "fov": 90,
        "sensor_tick": 0.1
    },
    "filtered_objects": {}
}