{
    "camera_transform": {
        "location": {
            "x": 234.26290893554688,
            "y": 29.99321174621582,
            "z": 2.172539234161377
        },
        "rotation": {
            "pitch": -0.0012226038379594684,
            "yaw": 91.39320373535156,
            "roll": -5.2110205039923585e-11
        }
    },
    "camera_parameters": {
        "image_size_x": 1820,
        "image_size_y": 1240,
        "fov": 90,
        "sensor_tick": 0.1
    },
    "filtered_objects": {}
}