{
    "camera_transform": {
        "location": {
            "x": -50.55509567260742,
            "y": 15.762211799621582,
            "z": 2.237765073776245
        },
        "rotation": {
            "pitch": 0.16706642508506775,
            "yaw": 88.9070816040039,
            "roll": -0.01165771484375
        }
    },
    "camera_parameters": {
        "image_size_x": 1820,
        "image_size_y": 1240,
        "fov": 90,
        "sensor_tick": 0.1
    },
    "filtered_objects": {}
}