{
    "camera_transform": {
        "location": {
            "x": 1.9150248765945435,
            "y": 106.59852600097656,
            "z": 2.1798224449157715
        },
        "rotation": {
            "pitch": -3.415094397496432e-05,
            "yaw": -90.36254119873047,
            "roll": 2.4646520614624023e-05
        }
    },
    "camera_parameters": {
        "image_size_x": 1820,
        "image_size_y": 1240,
        "fov": 90,
        "sensor_tick": 0.1
    },
    "filtered_objects": {}
}