{
    "camera_transform": {
        "location": {
            "x": 9.91111946105957,
            "y": -60.900028228759766,
            "z": 2.18034029006958
        },
        "rotation": {
            "pitch": -0.00018441509746480733,
            "yaw": -0.0234375,
            "roll": 0.0018093286780640483
        }
    },
    "camera_parameters": {
        "image_size_x": 1820,
        "image_size_y": 1240,
        "fov": 90,
        "sensor_tick": 0.1
    },
    "filtered_objects": {}
}