{
    "camera_transform": {
        "location": {
            "x": -6.676000595092773,
            "y": 140.7270050048828,
            "z": 2.1802735328674316
        },
        "rotation": {
            "pitch": -0.0006147170206531882,
            "yaw": 0.35211217403411865,
            "roll": 0.00297942035831511
        }
    },
    "camera_parameters": {
        "image_size_x": 1820,
        "image_size_y": 1240,
        "fov": 90,
        "sensor_tick": 0.1
    },
    "filtered_objects": {}
}