{
    "camera_transform": {
        "location": {
            "x": 4.720974445343018,
            "y": 67.12543487548828,
            "z": 2.179553985595703
        },
        "rotation": {
            "pitch": 6.830188794992864e-06,
            "yaw": -88.8912353515625,
            "roll": -3.0517576306010596e-05
        }
    },
    "camera_parameters": {
        "image_size_x": 1820,
        "image_size_y": 1240,
        "fov": 90,
        "sensor_tick": 0.1
    },
    "filtered_objects": {}
}