{
    "camera_transform": {
        "location": {
            "x": 167.1771697998047,
            "y": 73.63088989257812,
            "z": 2.2915823459625244
        },
        "rotation": {
            "pitch": 0.31028181314468384,
            "yaw": 89.98924255371094,
            "roll": -0.0950927659869194
        }
    },
    "camera_parameters": {
        "image_size_x": 1820,
        "image_size_y": 1240,
        "fov": 90,
        "sensor_tick": 0.1
    },
    "filtered_objects": {}
}