{
    "camera_transform": {
        "location": {
            "x": -77.89309692382812,
            "y": 30.67609977722168,
            "z": 2.3052587509155273
        },
        "rotation": {
            "pitch": -1.0000215768814087,
            "yaw": -90.15672302246094,
            "roll": 0.0015838844701647758
        }
    },
    "camera_parameters": {
        "image_size_x": 1820,
        "image_size_y": 1240,
        "fov": 90,
        "sensor_tick": 0.1
    },
    "filtered_objects": {}
}