{
    "camera_transform": {
        "location": {
            "x": -74.3939208984375,
            "y": 97.24303436279297,
            "z": 2.594104528427124
        },
        "rotation": {
            "pitch": 1.0220694541931152,
            "yaw": -90.15643310546875,
            "roll": -5.3369340946574084e-08
        }
    },
    "camera_parameters": {
        "image_size_x": 1820,
        "image_size_y": 1240,
        "fov": 90,
        "sensor_tick": 0.1
    },
    "filtered_objects": {}
}