{
    "camera_transform": {
        "location": {
            "x": -6.533600807189941,
            "y": -76.55654907226562,
            "z": 2.1799087524414062
        },
        "rotation": {
            "pitch": 0.0,
            "yaw": 92.00418853759766,
            "roll": 0.0
        }
    },
    "camera_parameters": {
        "image_size_x": 1820,
        "image_size_y": 1240,
        "fov": 90,
        "sensor_tick": 0.1
    },
    "filtered_objects": {}
}