{
    "camera_transform": {
        "location": {
            "x": 229.31304931640625,
            "y": 95.87853240966797,
            "z": 2.4368155002593994
        },
        "rotation": {
            "pitch": 0.6567636132240295,
            "yaw": 91.39319610595703,
            "roll": 0.001198136480525136
        }
    },
    "camera_parameters": {
        "image_size_x": 1820,
        "image_size_y": 1240,
        "fov": 90,
        "sensor_tick": 0.1
    },
    "filtered_objects": {}
}