{
    "camera_transform": {
        "location": {
            "x": 149.914794921875,
            "y": -99.83687591552734,
            "z": 10.180096626281738
        },
        "rotation": {
            "pitch": 2.7320755179971457e-05,
            "yaw": 90.9964599609375,
            "roll": 0.0
        }
    },
    "camera_parameters": {
        "image_size_x": 1820,
        "image_size_y": 1240,
        "fov": 90,
        "sensor_tick": 0.1
    },
    "filtered_objects": {}
}