{
    "camera_transform": {
        "location": {
            "x": -48.56037139892578,
            "y": 88.14498138427734,
            "z": 2.180443048477173
        },
        "rotation": {
            "pitch": -0.0003073585103265941,
            "yaw": 89.83876037597656,
            "roll": 0.0038098935037851334
        }
    },
    "camera_parameters": {
        "image_size_x": 1820,
        "image_size_y": 1240,
        "fov": 90,
        "sensor_tick": 0.1
    },
    "filtered_objects": {}
}