{
    "camera_transform": {
        "location": {
            "x": -88.70408630371094,
            "y": -117.04063415527344,
            "z": 2.0160021781921387
        },
        "rotation": {
            "pitch": -0.7534517645835876,
            "yaw": 89.84355163574219,
            "roll": 0.0
        }
    },
    "camera_parameters": {
        "image_size_x": 1820,
        "image_size_y": 1240,
        "fov": 90,
        "sensor_tick": 0.1
    },
    "filtered_objects": {}
}