{
    "camera_transform": {
        "location": {
            "x": 85.68437957763672,
            "y": -147.66795349121094,
            "z": 9.826061248779297
        },
        "rotation": {
            "pitch": -5.031800270080566,
            "yaw": -88.14702606201172,
            "roll": 0.2072685807943344
        }
    },
    "camera_parameters": {
        "image_size_x": 1820,
        "image_size_y": 1240,
        "fov": 90,
        "sensor_tick": 0.1
    },
    "filtered_objects": {}
}