{
    "camera_transform": {
        "location": {
            "x": 80.42920684814453,
            "y": -101.52638244628906,
            "z": 10.180140495300293
        },
        "rotation": {
            "pitch": -0.00045762263471260667,
            "yaw": 92.02409362792969,
            "roll": 3.358711182954721e-06
        }
    },
    "camera_parameters": {
        "image_size_x": 1820,
        "image_size_y": 1240,
        "fov": 90,
        "sensor_tick": 0.1
    },
    "filtered_objects": {}
}