{
    "camera_transform": {
        "location": {
            "x": 239.26499938964844,
            "y": 113.26058197021484,
            "z": 2.7356016635894775
        },
        "rotation": {
            "pitch": -1.1959182024002075,
            "yaw": -88.60604858398438,
            "roll": -6.105811189627275e-05
        }
    },
    "camera_parameters": {
        "image_size_x": 1820,
        "image_size_y": 1240,
        "fov": 90,
        "sensor_tick": 0.1
    },
    "filtered_objects": {}
}