{
    "camera_transform": {
        "location": {
            "x": 15.511947631835938,
            "y": -94.87040710449219,
            "z": 2.1728715896606445
        },
        "rotation": {
            "pitch": 0.0,
            "yaw": -179.9136962890625,
            "roll": 0.0
        }
    },
    "camera_parameters": {
        "image_size_x": 1820,
        "image_size_y": 1240,
        "fov": 90,
        "sensor_tick": 0.1
    },
    "filtered_objects": {}
}