{
    "camera_transform": {
        "location": {
            "x": 46.92372512817383,
            "y": 7.221636772155762,
            "z": 2.1798958778381348
        },
        "rotation": {
            "pitch": 0.0,
            "yaw": 0.855804443359375,
            "roll": 0.0
        }
    },
    "camera_parameters": {
        "image_size_x": 1820,
        "image_size_y": 1240,
        "fov": 90,
        "sensor_tick": 0.1
    },
    "filtered_objects": {}
}