{
    "camera_transform": {
        "location": {
            "x": -88.30552673339844,
            "y": 24.017953872680664,
            "z": 2.2318387031555176
        },
        "rotation": {
            "pitch": 0.3505457937717438,
            "yaw": 89.84400177001953,
            "roll": 0.16445310413837433
        }
    },
    "camera_parameters": {
        "image_size_x": 1820,
        "image_size_y": 1240,
        "fov": 90,
        "sensor_tick": 0.1
    },
    "filtered_objects": {}
}