{
    "camera_transform": {
        "location": {
            "x": 109.54084014892578,
            "y": 87.33683776855469,
            "z": 2.1804568767547607
        },
        "rotation": {
            "pitch": -0.00018441509746480733,
            "yaw": -89.60928344726562,
            "roll": 0.0007344575715251267
        }
    },
    "camera_parameters": {
        "image_size_x": 1820,
        "image_size_y": 1240,
        "fov": 90,
        "sensor_tick": 0.1
    },
    "filtered_objects": {}
}