{
    "camera_transform": {
        "location": {
            "x": 229.31312561035156,
            "y": 95.87855529785156,
            "z": 2.436938762664795
        },
        "rotation": {
            "pitch": 0.6569890379905701,
            "yaw": 91.3931884765625,
            "roll": 0.0006302864057943225
        }
    },
    "camera_parameters": {
        "image_size_x": 1820,
        "image_size_y": 1240,
        "fov": 90,
        "sensor_tick": 0.1
    },
    "filtered_objects": {}
}