{
    "camera_transform": {
        "location": {
            "x": 140.6942596435547,
            "y": -204.47178649902344,
            "z": 2.1799142360687256
        },
        "rotation": {
            "pitch": -0.0011611321242526174,
            "yaw": -178.5604705810547,
            "roll": 0.0002720890042837709
        }
    },
    "camera_parameters": {
        "image_size_x": 1820,
        "image_size_y": 1240,
        "fov": 90,
        "sensor_tick": 0.1
    },
    "filtered_objects": {}
}