{
    "camera_transform": {
        "location": {
            "x": -9.42187213897705,
            "y": 145.609375,
            "z": 2.1797614097595215
        },
        "rotation": {
            "pitch": 0.0,
            "yaw": 89.63746643066406,
            "roll": 0.0
        }
    },
    "camera_parameters": {
        "image_size_x": 1820,
        "image_size_y": 1240,
        "fov": 90,
        "sensor_tick": 0.1
    },
    "filtered_objects": {}
}