{
    "camera_transform": {
        "location": {
            "x": 229.3130645751953,
            "y": 95.87849426269531,
            "z": 2.436849355697632
        },
        "rotation": {
            "pitch": 0.6568182706832886,
            "yaw": 91.39319610595703,
            "roll": 0.0009266453562304378
        }
    },
    "camera_parameters": {
        "image_size_x": 1820,
        "image_size_y": 1240,
        "fov": 90,
        "sensor_tick": 0.1
    },
    "filtered_objects": {}
}