{
    "camera_transform": {
        "location": {
            "x": 80.42919921875,
            "y": -101.52637481689453,
            "z": 10.180092811584473
        },
        "rotation": {
            "pitch": -0.00033467926550656557,
            "yaw": 92.02409362792969,
            "roll": 1.6549158772249939e-06
        }
    },
    "camera_parameters": {
        "image_size_x": 1820,
        "image_size_y": 1240,
        "fov": 90,
        "sensor_tick": 0.1
    },
    "filtered_objects": {}
}