{
    "camera_transform": {
        "location": {
            "x": 88.13700866699219,
            "y": 80.43560028076172,
            "z": 2.171232223510742
        },
        "rotation": {
            "pitch": 0.0,
            "yaw": 90.00005340576172,
            "roll": 0.0
        }
    },
    "camera_parameters": {
        "image_size_x": 1820,
        "image_size_y": 1240,
        "fov": 90,
        "sensor_tick": 0.1
    },
    "filtered_objects": {}
}