{
    "camera_transform": {
        "location": {
            "x": 242.7636260986328,
            "y": 126.54511260986328,
            "z": 3.0155131816864014
        },
        "rotation": {
            "pitch": -1.18863046169281,
            "yaw": -88.6075439453125,
            "roll": -0.00015259149949997663
        }
    },
    "camera_parameters": {
        "image_size_x": 1820,
        "image_size_y": 1240,
        "fov": 90,
        "sensor_tick": 0.1
    },
    "filtered_objects": {}
}