{
    "camera_transform": {
        "location": {
            "x": -96.5746078491211,
            "y": 11.868423461914062,
            "z": 2.1709022521972656
        },
        "rotation": {
            "pitch": -0.24579116702079773,
            "yaw": 133.01548767089844,
            "roll": -0.2039184272289276
        }
    },
    "camera_parameters": {
        "image_size_x": 1820,
        "image_size_y": 1240,
        "fov": 90,
        "sensor_tick": 0.1
    },
    "filtered_objects": {}
}