{
    "camera_transform": {
        "location": {
            "x": 99.73765563964844,
            "y": 62.66547775268555,
            "z": 2.173473358154297
        },
        "rotation": {
            "pitch": 0.0,
            "yaw": -10.416671752929688,
            "roll": 0.0
        }
    },
    "camera_parameters": {
        "image_size_x": 1820,
        "image_size_y": 1240,
        "fov": 90,
        "sensor_tick": 0.1
    },
    "filtered_objects": {}
}