{
    "camera_transform": {
        "location": {
            "x": 138.61001586914062,
            "y": 306.4200439453125,
            "z": 2.399685859680176
        },
        "rotation": {
            "pitch": 0.0,
            "yaw": -0.00018310546875,
            "roll": 0.0
        }
    },
    "camera_parameters": {
        "image_size_x": 1820,
        "image_size_y": 1240,
        "fov": 90,
        "sensor_tick": 0.1
    },
    "filtered_objects": {}
}