{
    "camera_transform": {
        "location": {
            "x": -110.22752380371094,
            "y": -7.342385768890381,
            "z": 2.1805408000946045
        },
        "rotation": {
            "pitch": -0.0006420377176254988,
            "yaw": 90.6422348022461,
            "roll": 0.0025605596601963043
        }
    },
    "camera_parameters": {
        "image_size_x": 1820,
        "image_size_y": 1240,
        "fov": 90,
        "sensor_tick": 0.1
    },
    "filtered_objects": {}
}