{
    "camera_transform": {
        "location": {
            "x": -74.39486694335938,
            "y": -21.070629119873047,
            "z": 2.011500597000122
        },
        "rotation": {
            "pitch": -0.6338210105895996,
            "yaw": -90.15279388427734,
            "roll": 0.0011938887182623148
        }
    },
    "camera_parameters": {
        "image_size_x": 1820,
        "image_size_y": 1240,
        "fov": 90,
        "sensor_tick": 0.1
    },
    "filtered_objects": {}
}