{
    "camera_transform": {
        "location": {
            "x": -74.3939208984375,
            "y": 97.24305725097656,
            "z": 2.5941314697265625
        },
        "rotation": {
            "pitch": 1.0212634801864624,
            "yaw": -90.15624237060547,
            "roll": 0.0
        }
    },
    "camera_parameters": {
        "image_size_x": 1820,
        "image_size_y": 1240,
        "fov": 90,
        "sensor_tick": 0.1
    },
    "filtered_objects": {}
}