{
    "camera_transform": {
        "location": {
            "x": -5.903103351593018,
            "y": 105.27664184570312,
            "z": 2.184231758117676
        },
        "rotation": {
            "pitch": 0.05840494483709335,
            "yaw": 89.63726043701172,
            "roll": -0.1470947116613388
        }
    },
    "camera_parameters": {
        "image_size_x": 1820,
        "image_size_y": 1240,
        "fov": 90,
        "sensor_tick": 0.1
    },
    "filtered_objects": {}
}