{
    "camera_transform": {
        "location": {
            "x": -17.533119201660156,
            "y": 203.9994659423828,
            "z": 2.1798155307769775
        },
        "rotation": {
            "pitch": 0.0,
            "yaw": -0.1430358737707138,
            "roll": 2.3698838049313053e-05
        }
    },
    "camera_parameters": {
        "image_size_x": 1820,
        "image_size_y": 1240,
        "fov": 90,
        "sensor_tick": 0.1
    },
    "filtered_objects": {}
}