{
    "camera_transform": {
        "location": {
            "x": -74.62996673583984,
            "y": -97.5127944946289,
            "z": 1.605792760848999
        },
        "rotation": {
            "pitch": 1.3008095026016235,
            "yaw": -90.156494140625,
            "roll": 0.0010979690123349428
        }
    },
    "camera_parameters": {
        "image_size_x": 1820,
        "image_size_y": 1240,
        "fov": 90,
        "sensor_tick": 0.1
    },
    "filtered_objects": {}
}