{
    "camera_transform": {
        "location": {
            "x": 70.63333892822266,
            "y": -136.75648498535156,
            "z": 10.110734939575195
        },
        "rotation": {
            "pitch": -1.8654202222824097,
            "yaw": -178.7906494140625,
            "roll": -0.1635131686925888
        }
    },
    "camera_parameters": {
        "image_size_x": 1820,
        "image_size_y": 1240,
        "fov": 90,
        "sensor_tick": 0.1
    },
    "filtered_objects": {}
}