{
    "camera_transform": {
        "location": {
            "x": 56.62775802612305,
            "y": -196.08102416992188,
            "z": 2.1797778606414795
        },
        "rotation": {
            "pitch": 0.0,
            "yaw": 1.439543604850769,
            "roll": 0.0
        }
    },
    "camera_parameters": {
        "image_size_x": 1820,
        "image_size_y": 1240,
        "fov": 90,
        "sensor_tick": 0.1
    },
    "filtered_objects": {}
}