{
    "camera_transform": {
        "location": {
            "x": 217.90994262695312,
            "y": -5.122846603393555,
            "z": 2.1796040534973145
        },
        "rotation": {
            "pitch": 0.0,
            "yaw": -179.1442108154297,
            "roll": 0.0
        }
    },
    "camera_parameters": {
        "image_size_x": 1820,
        "image_size_y": 1240,
        "fov": 90,
        "sensor_tick": 0.1
    },
    "filtered_objects": {}
}