{
    "camera_transform": {
        "location": {
            "x": -145.55886840820312,
            "y": 97.20097351074219,
            "z": 2.1799137592315674
        },
        "rotation": {
            "pitch": 0.0,
            "yaw": -89.97014617919922,
            "roll": 0.0
        }
    },
    "camera_parameters": {
        "image_size_x": 1820,
        "image_size_y": 1240,
        "fov": 90,
        "sensor_tick": 0.1
    },
    "filtered_objects": {}
}