{
    "camera_transform": {
        "location": {
            "x": -10.839552879333496,
            "y": -61.02195739746094,
            "z": 2.18027925491333
        },
        "rotation": {
            "pitch": -0.00033467926550656557,
            "yaw": 0.5967368483543396,
            "roll": 0.004709185566753149
        }
    },
    "camera_parameters": {
        "image_size_x": 1820,
        "image_size_y": 1240,
        "fov": 90,
        "sensor_tick": 0.1
    },
    "filtered_objects": {}
}