{
    "camera_transform": {
        "location": {
            "x": 86.33004760742188,
            "y": 302.5699768066406,
            "z": 2.399705410003662
        },
        "rotation": {
            "pitch": 0.0,
            "yaw": -179.9996337890625,
            "roll": 0.0
        }
    },
    "camera_parameters": {
        "image_size_x": 1820,
        "image_size_y": 1240,
        "fov": 90,
        "sensor_tick": 0.1
    },
    "filtered_objects": {}
}