{
    "camera_transform": {
        "location": {
            "x": -1.9051827192306519,
            "y": -84.470458984375,
            "z": 2.1788012981414795
        },
        "rotation": {
            "pitch": -0.013919924385845661,
            "yaw": 91.98627471923828,
            "roll": 0.0006381607381626964
        }
    },
    "camera_parameters": {
        "image_size_x": 1820,
        "image_size_y": 1240,
        "fov": 90,
        "sensor_tick": 0.1
    },
    "filtered_objects": {}
}