{
    "camera_transform": {
        "location": {
            "x": 16.494096755981445,
            "y": 134.35699462890625,
            "z": 2.1797380447387695
        },
        "rotation": {
            "pitch": 0.0,
            "yaw": -0.8168334364891052,
            "roll": 4.115445335628465e-05
        }
    },
    "camera_parameters": {
        "image_size_x": 1820,
        "image_size_y": 1240,
        "fov": 90,
        "sensor_tick": 0.1
    },
    "filtered_objects": {}
}