{
    "camera_transform": {
        "location": {
            "x": 97.38442993164062,
            "y": -195.0568084716797,
            "z": 2.1800811290740967
        },
        "rotation": {
            "pitch": 0.016720302402973175,
            "yaw": 1.438948154449463,
            "roll": 0.0030785345006734133
        }
    },
    "camera_parameters": {
        "image_size_x": 1820,
        "image_size_y": 1240,
        "fov": 90,
        "sensor_tick": 0.1
    },
    "filtered_objects": {}
}