{
    "camera_transform": {
        "location": {
            "x": -77.89421844482422,
            "y": 49.49782943725586,
            "z": 2.750643491744995
        },
        "rotation": {
            "pitch": -1.4462242126464844,
            "yaw": -90.15728759765625,
            "roll": -0.0006713866023346782
        }
    },
    "camera_parameters": {
        "image_size_x": 1820,
        "image_size_y": 1240,
        "fov": 90,
        "sensor_tick": 0.1
    },
    "filtered_objects": {}
}