{
    "camera_transform": {
        "location": {
            "x": -74.39393615722656,
            "y": 74.87106323242188,
            "z": 2.9768524169921875
        },
        "rotation": {
            "pitch": 0.8538419008255005,
            "yaw": -90.1562728881836,
            "roll": -3.052579631912522e-05
        }
    },
    "camera_parameters": {
        "image_size_x": 1820,
        "image_size_y": 1240,
        "fov": 90,
        "sensor_tick": 0.1
    },
    "filtered_objects": {}
}