{
    "camera_transform": {
        "location": {
            "x": -9.09404182434082,
            "y": -208.23605346679688,
            "z": 2.1796300411224365
        },
        "rotation": {
            "pitch": 0.0,
            "yaw": -178.5604705810547,
            "roll": 0.0
        }
    },
    "camera_parameters": {
        "image_size_x": 1820,
        "image_size_y": 1240,
        "fov": 90,
        "sensor_tick": 0.1
    },
    "filtered_objects": {}
}