{
    "camera_transform": {
        "location": {
            "x": 33.68640899658203,
            "y": -196.9359130859375,
            "z": 2.178293466567993
        },
        "rotation": {
            "pitch": -3.415094397496432e-05,
            "yaw": -0.179901123046875,
            "roll": -9.155271982308477e-05
        }
    },
    "camera_parameters": {
        "image_size_x": 1820,
        "image_size_y": 1240,
        "fov": 90,
        "sensor_tick": 0.1
    },
    "filtered_objects": {}
}