{
    "camera_transform": {
        "location": {
            "x": -52.351810455322266,
            "y": -11.539690971374512,
            "z": 2.1802825927734375
        },
        "rotation": {
            "pitch": -0.00033467926550656557,
            "yaw": 90.43235778808594,
            "roll": 0.0047380863688886166
        }
    },
    "camera_parameters": {
        "image_size_x": 1820,
        "image_size_y": 1240,
        "fov": 90,
        "sensor_tick": 0.1
    },
    "filtered_objects": {}
}