{
    "camera_transform": {
        "location": {
            "x": 88.70610046386719,
            "y": 7.845768451690674,
            "z": 2.1797661781311035
        },
        "rotation": {
            "pitch": 0.0,
            "yaw": 0.8558229804039001,
            "roll": 0.0
        }
    },
    "camera_parameters": {
        "image_size_x": 1820,
        "image_size_y": 1240,
        "fov": 90,
        "sensor_tick": 0.1
    },
    "filtered_objects": {}
}