{
    "camera_transform": {
        "location": {
            "x": -114.46206665039062,
            "y": 59.35016632080078,
            "z": 2.1804606914520264
        },
        "rotation": {
            "pitch": -0.0005532453069463372,
            "yaw": 90.6422119140625,
            "roll": 0.003744427114725113
        }
    },
    "camera_parameters": {
        "image_size_x": 1820,
        "image_size_y": 1240,
        "fov": 90,
        "sensor_tick": 0.1
    },
    "filtered_objects": {}
}