{
    "camera_transform": {
        "location": {
            "x": 60.14008331298828,
            "y": -4.4882731437683105,
            "z": 2.1783745288848877
        },
        "rotation": {
            "pitch": 0.00023222641902975738,
            "yaw": -179.1452178955078,
            "roll": 6.487542850663885e-05
        }
    },
    "camera_parameters": {
        "image_size_x": 1820,
        "image_size_y": 1240,
        "fov": 90,
        "sensor_tick": 0.1
    },
    "filtered_objects": {}
}