{
    "camera_transform": {
        "location": {
            "x": -118.8016357421875,
            "y": 136.38978576660156,
            "z": 2.1799471378326416
        },
        "rotation": {
            "pitch": 0.0,
            "yaw": -0.597991943359375,
            "roll": 0.0
        }
    },
    "camera_parameters": {
        "image_size_x": 1820,
        "image_size_y": 1240,
        "fov": 90,
        "sensor_tick": 0.1
    },
    "filtered_objects": {}
}