{
    "camera_transform": {
        "location": {
            "x": 86.15357208251953,
            "y": -155.1202392578125,
            "z": 8.721073150634766
        },
        "rotation": {
            "pitch": -8.4259672164917,
            "yaw": -87.74884033203125,
            "roll": -0.16638150811195374
        }
    },
    "camera_parameters": {
        "image_size_x": 1820,
        "image_size_y": 1240,
        "fov": 90,
        "sensor_tick": 0.1
    },
    "filtered_objects": {}
}