{
    "camera_transform": {
        "location": {
            "x": -74.39484405517578,
            "y": -21.070592880249023,
            "z": 2.011475086212158
        },
        "rotation": {
            "pitch": -0.6338210105895996,
            "yaw": -90.15272521972656,
            "roll": 0.0011770256096497178
        }
    },
    "camera_parameters": {
        "image_size_x": 1820,
        "image_size_y": 1240,
        "fov": 90,
        "sensor_tick": 0.1
    },
    "filtered_objects": {}
}