{
    "camera_transform": {
        "location": {
            "x": -5.689459800720215,
            "y": 188.2288055419922,
            "z": 2.1797664165496826
        },
        "rotation": {
            "pitch": 0.0,
            "yaw": 89.63746643066406,
            "roll": 0.0
        }
    },
    "camera_parameters": {
        "image_size_x": 1820,
        "image_size_y": 1240,
        "fov": 90,
        "sensor_tick": 0.1
    },
    "filtered_objects": {}
}