{
    "camera_transform": {
        "location": {
            "x": 242.76242065429688,
            "y": 126.54510498046875,
            "z": 3.015369415283203
        },
        "rotation": {
            "pitch": -1.1882001161575317,
            "yaw": -88.60767364501953,
            "roll": -0.001281683100387454
        }
    },
    "camera_parameters": {
        "image_size_x": 1820,
        "image_size_y": 1240,
        "fov": 90,
        "sensor_tick": 0.1
    },
    "filtered_objects": {}
}