{
    "camera_transform": {
        "location": {
            "x": 85.6827392578125,
            "y": -147.6677703857422,
            "z": 9.826513290405273
        },
        "rotation": {
            "pitch": -5.051081657409668,
            "yaw": -88.16258239746094,
            "roll": 0.14706237614154816
        }
    },
    "camera_parameters": {
        "image_size_x": 1820,
        "image_size_y": 1240,
        "fov": 90,
        "sensor_tick": 0.1
    },
    "filtered_objects": {}
}