{
    "camera_transform": {
        "location": {
            "x": -1.9357426166534424,
            "y": -84.73414611816406,
            "z": 2.1730940341949463
        },
        "rotation": {
            "pitch": 0.0,
            "yaw": 92.00418853759766,
            "roll": 0.0
        }
    },
    "camera_parameters": {
        "image_size_x": 1820,
        "image_size_y": 1240,
        "fov": 90,
        "sensor_tick": 0.1
    },
    "filtered_objects": {}
}