{
    "camera_transform": {
        "location": {
            "x": 230.76390075683594,
            "y": 38.2080078125,
            "z": 2.1797001361846924
        },
        "rotation": {
            "pitch": 0.0002117358526447788,
            "yaw": 91.3931884765625,
            "roll": -6.513775629990448e-12
        }
    },
    "camera_parameters": {
        "image_size_x": 1820,
        "image_size_y": 1240,
        "fov": 90,
        "sensor_tick": 0.1
    },
    "filtered_objects": {}
}