{
    "camera_transform": {
        "location": {
            "x": 83.37246704101562,
            "y": -81.98434448242188,
            "z": 10.154664993286133
        },
        "rotation": {
            "pitch": 0.7448184490203857,
            "yaw": -87.9757308959961,
            "roll": 0.2395416796207428
        }
    },
    "camera_parameters": {
        "image_size_x": 1820,
        "image_size_y": 1240,
        "fov": 90,
        "sensor_tick": 0.1
    },
    "filtered_objects": {}
}