{
    "camera_transform": {
        "location": {
            "x": 230.763916015625,
            "y": 38.20800018310547,
            "z": 2.1797568798065186
        },
        "rotation": {
            "pitch": 0.00023222641902975738,
            "yaw": 91.39320373535156,
            "roll": 1.3027551259980896e-11
        }
    },
    "camera_parameters": {
        "image_size_x": 1820,
        "image_size_y": 1240,
        "fov": 90,
        "sensor_tick": 0.1
    },
    "filtered_objects": {}
}