{
    "camera_transform": {
        "location": {
            "x": 131.06617736816406,
            "y": -190.3954315185547,
            "z": 2.1792373657226562
        },
        "rotation": {
            "pitch": -0.05852788686752319,
            "yaw": -0.000152587890625,
            "roll": 0.11921998858451843
        }
    },
    "camera_parameters": {
        "image_size_x": 1820,
        "image_size_y": 1240,
        "fov": 90,
        "sensor_tick": 0.1
    },
    "filtered_objects": {}
}