{
    "camera_transform": {
        "location": {
            "x": -88.24554443359375,
            "y": 108.73357391357422,
            "z": 2.3969640731811523
        },
        "rotation": {
            "pitch": -0.9406740665435791,
            "yaw": 89.78739166259766,
            "roll": 0.001512983930297196
        }
    },
    "camera_parameters": {
        "image_size_x": 1820,
        "image_size_y": 1240,
        "fov": 90,
        "sensor_tick": 0.1
    },
    "filtered_objects": {}
}