{
    "camera_transform": {
        "location": {
            "x": 239.26499938964844,
            "y": 113.26054382324219,
            "z": 2.735605001449585
        },
        "rotation": {
            "pitch": -1.1959524154663086,
            "yaw": -88.60610961914062,
            "roll": -6.105811189627275e-05
        }
    },
    "camera_parameters": {
        "image_size_x": 1820,
        "image_size_y": 1240,
        "fov": 90,
        "sensor_tick": 0.1
    },
    "filtered_objects": {}
}