{
    "camera_transform": {
        "location": {
            "x": 239.2649688720703,
            "y": 113.26058959960938,
            "z": 2.735515594482422
        },
        "rotation": {
            "pitch": -1.196191430091858,
            "yaw": -88.6059799194336,
            "roll": -3.047568679903634e-05
        }
    },
    "camera_parameters": {
        "image_size_x": 1820,
        "image_size_y": 1240,
        "fov": 90,
        "sensor_tick": 0.1
    },
    "filtered_objects": {}
}