{
    "camera_transform": {
        "location": {
            "x": 79.41690826416016,
            "y": -69.08882904052734,
            "z": 9.99295711517334
        },
        "rotation": {
            "pitch": -0.9095147848129272,
            "yaw": 92.0368423461914,
            "roll": -0.2613219916820526
        }
    },
    "camera_parameters": {
        "image_size_x": 1820,
        "image_size_y": 1240,
        "fov": 90,
        "sensor_tick": 0.1
    },
    "filtered_objects": {}
}