{
    "camera_transform": {
        "location": {
            "x": 7.889543056488037,
            "y": -60.01231384277344,
            "z": 2.179955244064331
        },
        "rotation": {
            "pitch": 4.0981132769957185e-05,
            "yaw": -88.58648681640625,
            "roll": 0.004300401080399752
        }
    },
    "camera_parameters": {
        "image_size_x": 1820,
        "image_size_y": 1240,
        "fov": 90,
        "sensor_tick": 0.1
    },
    "filtered_objects": {}
}