{
    "camera_transform": {
        "location": {
            "x": 107.56417083740234,
            "y": -135.96807861328125,
            "z": 10.180047035217285
        },
        "rotation": {
            "pitch": 0.0,
            "yaw": -178.77268981933594,
            "roll": 0.0
        }
    },
    "camera_parameters": {
        "image_size_x": 1820,
        "image_size_y": 1240,
        "fov": 90,
        "sensor_tick": 0.1
    },
    "filtered_objects": {}
}