{
    "camera_transform": {
        "location": {
            "x": 114.4086685180664,
            "y": -8.778059959411621,
            "z": 2.1787195205688477
        },
        "rotation": {
            "pitch": 0.012854414992034435,
            "yaw": -179.3251953125,
            "roll": -0.0036315906327217817
        }
    },
    "camera_parameters": {
        "image_size_x": 1820,
        "image_size_y": 1240,
        "fov": 90,
        "sensor_tick": 0.1
    },
    "filtered_objects": {}
}