{
    "camera_transform": {
        "location": {
            "x": 127.70304107666016,
            "y": 8.444189071655273,
            "z": 2.178422689437866
        },
        "rotation": {
            "pitch": 0.0008059622487053275,
            "yaw": 0.8304212689399719,
            "roll": 0.0005480835097841918
        }
    },
    "camera_parameters": {
        "image_size_x": 1820,
        "image_size_y": 1240,
        "fov": 90,
        "sensor_tick": 0.1
    },
    "filtered_objects": {}
}