{
    "camera_transform": {
        "location": {
            "x": -84.55733489990234,
            "y": 99.15943908691406,
            "z": 2.5599493980407715
        },
        "rotation": {
            "pitch": -1.0227593183517456,
            "yaw": 89.78699493408203,
            "roll": 0.0010583142284303904
        }
    },
    "camera_parameters": {
        "image_size_x": 1820,
        "image_size_y": 1240,
        "fov": 90,
        "sensor_tick": 0.1
    },
    "filtered_objects": {}
}