{
    "camera_transform": {
        "location": {
            "x": -19.129379272460938,
            "y": 130.90135192871094,
            "z": 2.173154592514038
        },
        "rotation": {
            "pitch": 0.0,
            "yaw": 178.70315551757812,
            "roll": 0.0
        }
    },
    "camera_parameters": {
        "image_size_x": 1820,
        "image_size_y": 1240,
        "fov": 90,
        "sensor_tick": 0.1
    },
    "filtered_objects": {}
}