{
    "camera_transform": {
        "location": {
            "x": -85.20223236083984,
            "y": -124.36717224121094,
            "z": 2.1165809631347656
        },
        "rotation": {
            "pitch": -0.16985313594341278,
            "yaw": 89.8396987915039,
            "roll": -0.0477600134909153
        }
    },
    "camera_parameters": {
        "image_size_x": 1820,
        "image_size_y": 1240,
        "fov": 90,
        "sensor_tick": 0.1
    },
    "filtered_objects": {}
}