{
    "camera_transform": {
        "location": {
            "x": 111.53294372558594,
            "y": 57.98518753051758,
            "z": 2.178054094314575
        },
        "rotation": {
            "pitch": -0.0007035094313323498,
            "yaw": -9.813794136047363,
            "roll": 0.00018078794528264552
        }
    },
    "camera_parameters": {
        "image_size_x": 1820,
        "image_size_y": 1240,
        "fov": 90,
        "sensor_tick": 0.1
    },
    "filtered_objects": {}
}