{
    "camera_transform": {
        "location": {
            "x": 109.75367736816406,
            "y": -29.825416564941406,
            "z": 2.1800267696380615
        },
        "rotation": {
            "pitch": -0.0002458867966197431,
            "yaw": -94.68230438232422,
            "roll": 0.0015535312704741955
        }
    },
    "camera_parameters": {
        "image_size_x": 1820,
        "image_size_y": 1240,
        "fov": 90,
        "sensor_tick": 0.1
    },
    "filtered_objects": {}
}