{
    "camera_transform": {
        "location": {
            "x": 96.43289947509766,
            "y": -6.93447208404541,
            "z": 2.179647207260132
        },
        "rotation": {
            "pitch": 6.830188794992864e-06,
            "yaw": -179.1441650390625,
            "roll": -3.051757266803179e-05
        }
    },
    "camera_parameters": {
        "image_size_x": 1820,
        "image_size_y": 1240,
        "fov": 90,
        "sensor_tick": 0.1
    },
    "filtered_objects": {}
}