{
    "camera_transform": {
        "location": {
            "x": -74.489990234375,
            "y": -46.576087951660156,
            "z": 1.6547985076904297
        },
        "rotation": {
            "pitch": -0.8496071696281433,
            "yaw": -90.15676879882812,
            "roll": 0.003289658110588789
        }
    },
    "camera_parameters": {
        "image_size_x": 1820,
        "image_size_y": 1240,
        "fov": 90,
        "sensor_tick": 0.1
    },
    "filtered_objects": {}
}