{
    "camera_transform": {
        "location": {
            "x": 192.3948974609375,
            "y": 133.5311279296875,
            "z": 2.1778390407562256
        },
        "rotation": {
            "pitch": -0.01037505641579628,
            "yaw": 8.356502532958984,
            "roll": 0.06575328856706619
        }
    },
    "camera_parameters": {
        "image_size_x": 1820,
        "image_size_y": 1240,
        "fov": 90,
        "sensor_tick": 0.1
    },
    "filtered_objects": {}
}