{
    "camera_transform": {
        "location": {
            "x": -6.533602237701416,
            "y": -59.21866226196289,
            "z": 2.1798462867736816
        },
        "rotation": {
            "pitch": 6.830188794992864e-06,
            "yaw": 92.00418853759766,
            "roll": 1.906633951875847e-05
        }
    },
    "camera_parameters": {
        "image_size_x": 1820,
        "image_size_y": 1240,
        "fov": 90,
        "sensor_tick": 0.1
    },
    "filtered_objects": {}
}