{
    "camera_transform": {
        "location": {
            "x": -148.99078369140625,
            "y": -33.53518295288086,
            "z": 2.186958074569702
        },
        "rotation": {
            "pitch": -0.17602762579917908,
            "yaw": 90.03009033203125,
            "roll": -0.00012208352563902736
        }
    },
    "camera_parameters": {
        "image_size_x": 1820,
        "image_size_y": 1240,
        "fov": 90,
        "sensor_tick": 0.1
    },
    "filtered_objects": {}
}