{
    "camera_transform": {
        "location": {
            "x": 71.67023468017578,
            "y": -206.2064208984375,
            "z": 2.1796748638153076
        },
        "rotation": {
            "pitch": 6.830188794992864e-06,
            "yaw": -178.5604705810547,
            "roll": 7.902885954536032e-06
        }
    },
    "camera_parameters": {
        "image_size_x": 1820,
        "image_size_y": 1240,
        "fov": 90,
        "sensor_tick": 0.1
    },
    "filtered_objects": {}
}