{
    "camera_transform": {
        "location": {
            "x": 173.57058715820312,
            "y": -2.438669443130493,
            "z": 2.1733500957489014
        },
        "rotation": {
            "pitch": 0.0,
            "yaw": -179.1441650390625,
            "roll": 0.0
        }
    },
    "camera_parameters": {
        "image_size_x": 1820,
        "image_size_y": 1240,
        "fov": 90,
        "sensor_tick": 0.1
    },
    "filtered_objects": {}
}