{
    "camera_transform": {
        "location": {
            "x": 18.139890670776367,
            "y": -197.04833984375,
            "z": 2.1799025535583496
        },
        "rotation": {
            "pitch": 0.0,
            "yaw": 1.4395442008972168,
            "roll": 0.0
        }
    },
    "camera_parameters": {
        "image_size_x": 1820,
        "image_size_y": 1240,
        "fov": 90,
        "sensor_tick": 0.1
    },
    "filtered_objects": {}
}