{
    "camera_transform": {
        "location": {
            "x": -84.9482192993164,
            "y": -20.796527862548828,
            "z": 2.0235579013824463
        },
        "rotation": {
            "pitch": 0.7432065010070801,
            "yaw": 89.84358215332031,
            "roll": -0.0021667659748345613
        }
    },
    "camera_parameters": {
        "image_size_x": 1820,
        "image_size_y": 1240,
        "fov": 90,
        "sensor_tick": 0.1
    },
    "filtered_objects": {}
}