{
    "camera_transform": {
        "location": {
            "x": -133.56015014648438,
            "y": 0.18261277675628662,
            "z": 2.177889347076416
        },
        "rotation": {
            "pitch": -0.0045489058829844,
            "yaw": 0.2968721389770508,
            "roll": 0.0
        }
    },
    "camera_parameters": {
        "image_size_x": 1820,
        "image_size_y": 1240,
        "fov": 90,
        "sensor_tick": 0.1
    },
    "filtered_objects": {}
}