{
    "camera_transform": {
        "location": {
            "x": 506.0595703125,
            "y": 48.730140686035156,
            "z": 2.180582046508789
        },
        "rotation": {
            "pitch": 0.0,
            "yaw": -0.02789306640625,
            "roll": 0.0
        }
    },
    "camera_parameters": {
        "image_size_x": 1820,
        "image_size_y": 1240,
        "fov": 90,
        "sensor_tick": 0.1
    },
    "filtered_objects": {}
}