{
    "camera_transform": {
        "location": {
            "x": 241.59999084472656,
            "y": -1.959964394569397,
            "z": 2.172783374786377
        },
        "rotation": {
            "pitch": 0.0,
            "yaw": 179.9996337890625,
            "roll": 0.0
        }
    },
    "camera_parameters": {
        "image_size_x": 1820,
        "image_size_y": 1240,
        "fov": 90,
        "sensor_tick": 0.1
    },
    "filtered_objects": {}
}