{
    "camera_transform": {
        "location": {
            "x": -88.04739379882812,
            "y": 69.33953094482422,
            "z": 3.0123350620269775
        },
        "rotation": {
            "pitch": 0.08334196358919144,
            "yaw": 89.78704071044922,
            "roll": -0.00039672499406151474
        }
    },
    "camera_parameters": {
        "image_size_x": 1820,
        "image_size_y": 1240,
        "fov": 90,
        "sensor_tick": 0.1
    },
    "filtered_objects": {}
}