{
    "camera_transform": {
        "location": {
            "x": 3.1262731552124023,
            "y": 133.70909118652344,
            "z": 2.180154323577881
        },
        "rotation": {
            "pitch": -0.0004234717052895576,
            "yaw": -179.6478271484375,
            "roll": 0.00309864804148674
        }
    },
    "camera_parameters": {
        "image_size_x": 1820,
        "image_size_y": 1240,
        "fov": 90,
        "sensor_tick": 0.1
    },
    "filtered_objects": {}
}