{
    "camera_transform": {
        "location": {
            "x": -119.99341583251953,
            "y": -3.2343480587005615,
            "z": 2.179943561553955
        },
        "rotation": {
            "pitch": 0.0,
            "yaw": -179.70538330078125,
            "roll": -6.1035138060105965e-05
        }
    },
    "camera_parameters": {
        "image_size_x": 1820,
        "image_size_y": 1240,
        "fov": 90,
        "sensor_tick": 0.1
    },
    "filtered_objects": {}
}