{
    "camera_transform": {
        "location": {
            "x": 78.96858978271484,
            "y": 4.34614896774292,
            "z": 2.1797661781311035
        },
        "rotation": {
            "pitch": 0.0,
            "yaw": 0.8558231592178345,
            "roll": 0.0
        }
    },
    "camera_parameters": {
        "image_size_x": 1820,
        "image_size_y": 1240,
        "fov": 90,
        "sensor_tick": 0.1
    },
    "filtered_objects": {}
}