{
    "camera_transform": {
        "location": {
            "x": -148.97328186035156,
            "y": -69.92118835449219,
            "z": 2.484508991241455
        },
        "rotation": {
            "pitch": -0.6599123477935791,
            "yaw": 90.02935028076172,
            "roll": 0.0023519289679825306
        }
    },
    "camera_parameters": {
        "image_size_x": 1820,
        "image_size_y": 1240,
        "fov": 90,
        "sensor_tick": 0.1
    },
    "filtered_objects": {}
}