{
    "camera_transform": {
        "location": {
            "x": -84.55731201171875,
            "y": 99.15943908691406,
            "z": 2.5600345134735107
        },
        "rotation": {
            "pitch": -1.0223358869552612,
            "yaw": 89.78699493408203,
            "roll": 0.0010504155652597547
        }
    },
    "camera_parameters": {
        "image_size_x": 1820,
        "image_size_y": 1240,
        "fov": 90,
        "sensor_tick": 0.1
    },
    "filtered_objects": {}
}