{
    "camera_transform": {
        "location": {
            "x": 241.75601196289062,
            "y": 15.010778427124023,
            "z": 2.179901123046875
        },
        "rotation": {
            "pitch": 0.0,
            "yaw": -88.60674285888672,
            "roll": 0.0
        }
    },
    "camera_parameters": {
        "image_size_x": 1820,
        "image_size_y": 1240,
        "fov": 90,
        "sensor_tick": 0.1
    },
    "filtered_objects": {}
}