{
    "camera_transform": {
        "location": {
            "x": 377.6265869140625,
            "y": -17.312299728393555,
            "z": 2.1800386905670166
        },
        "rotation": {
            "pitch": 0.0,
            "yaw": 179.79132080078125,
            "roll": 0.0
        }
    },
    "camera_parameters": {
        "image_size_x": 1820,
        "image_size_y": 1240,
        "fov": 90,
        "sensor_tick": 0.1
    },
    "filtered_objects": {}
}