{
    "camera_transform": {
        "location": {
            "x": -5.903094291687012,
            "y": 105.27662658691406,
            "z": 2.1842191219329834
        },
        "rotation": {
            "pitch": 0.05845958739519119,
            "yaw": 89.63735961914062,
            "roll": -0.1469726711511612
        }
    },
    "camera_parameters": {
        "image_size_x": 1820,
        "image_size_y": 1240,
        "fov": 90,
        "sensor_tick": 0.1
    },
    "filtered_objects": {}
}