{
    "camera_transform": {
        "location": {
            "x": -74.39359283447266,
            "y": -21.070598602294922,
            "z": 2.0115411281585693
        },
        "rotation": {
            "pitch": -0.6340600848197937,
            "yaw": -90.15214538574219,
            "roll": 0.0030674494337290525
        }
    },
    "camera_parameters": {
        "image_size_x": 1820,
        "image_size_y": 1240,
        "fov": 90,
        "sensor_tick": 0.1
    },
    "filtered_objects": {}
}