{
    "camera_transform": {
        "location": {
            "x": -74.39259338378906,
            "y": 39.45188903808594,
            "z": 2.470674991607666
        },
        "rotation": {
            "pitch": -1.5331997871398926,
            "yaw": -90.15717315673828,
            "roll": 0.0033760154619812965
        }
    },
    "camera_parameters": {
        "image_size_x": 1820,
        "image_size_y": 1240,
        "fov": 90,
        "sensor_tick": 0.1
    },
    "filtered_objects": {}
}