{
    "camera_transform": {
        "location": {
            "x": -37.9121208190918,
            "y": 0.7581827640533447,
            "z": 2.1726925373077393
        },
        "rotation": {
            "pitch": 0.0,
            "yaw": 1.6669405698776245,
            "roll": 0.0
        }
    },
    "camera_parameters": {
        "image_size_x": 1820,
        "image_size_y": 1240,
        "fov": 90,
        "sensor_tick": 0.1
    },
    "filtered_objects": {}
}