{
    "camera_transform": {
        "location": {
            "x": -87.95767211914062,
            "y": 89.67061614990234,
            "z": 2.727846622467041
        },
        "rotation": {
            "pitch": -1.0230393409729004,
            "yaw": 89.78692626953125,
            "roll": 0.0010553790489211679
        }
    },
    "camera_parameters": {
        "image_size_x": 1820,
        "image_size_y": 1240,
        "fov": 90,
        "sensor_tick": 0.1
    },
    "filtered_objects": {}
}