{
    "camera_transform": {
        "location": {
            "x": 106.44991302490234,
            "y": -24.0538272857666,
            "z": 2.1800642013549805
        },
        "rotation": {
            "pitch": -0.0002458867966197431,
            "yaw": -91.51946258544922,
            "roll": 0.008465885184705257
        }
    },
    "camera_parameters": {
        "image_size_x": 1820,
        "image_size_y": 1240,
        "fov": 90,
        "sensor_tick": 0.1
    },
    "filtered_objects": {}
}