{
    "camera_transform": {
        "location": {
            "x": -41.4974365234375,
            "y": 109.44532012939453,
            "z": 2.170198917388916
        },
        "rotation": {
            "pitch": 0.003339962335303426,
            "yaw": -90.16118621826172,
            "roll": -0.01361083984375
        }
    },
    "camera_parameters": {
        "image_size_x": 1820,
        "image_size_y": 1240,
        "fov": 90,
        "sensor_tick": 0.1
    },
    "filtered_objects": {}
}