{
    "camera_transform": {
        "location": {
            "x": -115.5793228149414,
            "y": 0.28838419914245605,
            "z": 2.179732084274292
        },
        "rotation": {
            "pitch": 2.0490566384978592e-05,
            "yaw": 0.29459428787231445,
            "roll": 1.2645910828723572e-05
        }
    },
    "camera_parameters": {
        "image_size_x": 1820,
        "image_size_y": 1240,
        "fov": 90,
        "sensor_tick": 0.1
    },
    "filtered_objects": {}
}