{
    "camera_transform": {
        "location": {
            "x": 151.96409606933594,
            "y": -17.337505340576172,
            "z": 2.4804201126098633
        },
        "rotation": {
            "pitch": 3.514439582824707,
            "yaw": -89.03990173339844,
            "roll": -0.3422546684741974
        }
    },
    "camera_parameters": {
        "image_size_x": 1820,
        "image_size_y": 1240,
        "fov": 90,
        "sensor_tick": 0.1
    },
    "filtered_objects": {}
}