{
    "camera_transform": {
        "location": {
            "x": 175.64999389648438,
            "y": 2.0200154781341553,
            "z": 2.172114133834839
        },
        "rotation": {
            "pitch": 0.0,
            "yaw": -9.1552734375e-05,
            "roll": 0.0
        }
    },
    "camera_parameters": {
        "image_size_x": 1820,
        "image_size_y": 1240,
        "fov": 90,
        "sensor_tick": 0.1
    },
    "filtered_objects": {}
}