{
    "camera_transform": {
        "location": {
            "x": 97.38443756103516,
            "y": -195.0568084716797,
            "z": 2.179926872253418
        },
        "rotation": {
            "pitch": 0.016720302402973175,
            "yaw": 1.4389816522598267,
            "roll": 0.003076309571042657
        }
    },
    "camera_parameters": {
        "image_size_x": 1820,
        "image_size_y": 1240,
        "fov": 90,
        "sensor_tick": 0.1
    },
    "filtered_objects": {}
}