{
    "camera_transform": {
        "location": {
            "x": 184.0198974609375,
            "y": -5.539470195770264,
            "z": 2.1798441410064697
        },
        "rotation": {
            "pitch": 0.0,
            "yaw": -179.1441650390625,
            "roll": 0.0
        }
    },
    "camera_parameters": {
        "image_size_x": 1820,
        "image_size_y": 1240,
        "fov": 90,
        "sensor_tick": 0.1
    },
    "filtered_objects": {}
}