{
    "camera_transform": {
        "location": {
            "x": 151.9637908935547,
            "y": -17.33782958984375,
            "z": 2.4802463054656982
        },
        "rotation": {
            "pitch": 3.515559673309326,
            "yaw": -89.06011962890625,
            "roll": -0.3366394340991974
        }
    },
    "camera_parameters": {
        "image_size_x": 1820,
        "image_size_y": 1240,
        "fov": 90,
        "sensor_tick": 0.1
    },
    "filtered_objects": {}
}