{
    "camera_transform": {
        "location": {
            "x": 25.38117790222168,
            "y": -60.899505615234375,
            "z": 2.180314064025879
        },
        "rotation": {
            "pitch": -0.0007308301865123212,
            "yaw": -0.023468017578125,
            "roll": 0.00338083622045815
        }
    },
    "camera_parameters": {
        "image_size_x": 1820,
        "image_size_y": 1240,
        "fov": 90,
        "sensor_tick": 0.1
    },
    "filtered_objects": {}
}