{
    "camera_transform": {
        "location": {
            "x": -104.1318359375,
            "y": 132.68524169921875,
            "z": 2.1729817390441895
        },
        "rotation": {
            "pitch": 0.0,
            "yaw": 178.70315551757812,
            "roll": 0.0
        }
    },
    "camera_parameters": {
        "image_size_x": 1820,
        "image_size_y": 1240,
        "fov": 90,
        "sensor_tick": 0.1
    },
    "filtered_objects": {}
}