{
    "camera_transform": {
        "location": {
            "x": 56.62776184082031,
            "y": -196.0810546875,
            "z": 2.17989182472229
        },
        "rotation": {
            "pitch": 0.0,
            "yaw": 1.439546823501587,
            "roll": 3.8966081774560735e-05
        }
    },
    "camera_parameters": {
        "image_size_x": 1820,
        "image_size_y": 1240,
        "fov": 90,
        "sensor_tick": 0.1
    },
    "filtered_objects": {}
}