{
    "camera_transform": {
        "location": {
            "x": 88.6199722290039,
            "y": 265.6473693847656,
            "z": 2.180020332336426
        },
        "rotation": {
            "pitch": 0.0,
            "yaw": 90.00004577636719,
            "roll": 0.0
        }
    },
    "camera_parameters": {
        "image_size_x": 1820,
        "image_size_y": 1240,
        "fov": 90,
        "sensor_tick": 0.1
    },
    "filtered_objects": {}
}