{
    "camera_transform": {
        "location": {
            "x": 242.76239013671875,
            "y": 126.54524230957031,
            "z": 3.0153629779815674
        },
        "rotation": {
            "pitch": -1.1881113052368164,
            "yaw": -88.60769653320312,
            "roll": -0.0012512607499957085
        }
    },
    "camera_parameters": {
        "image_size_x": 1820,
        "image_size_y": 1240,
        "fov": 90,
        "sensor_tick": 0.1
    },
    "filtered_objects": {}
}