{
    "camera_transform": {
        "location": {
            "x": 154.74403381347656,
            "y": -177.36526489257812,
            "z": 2.7906434535980225
        },
        "rotation": {
            "pitch": -8.869232177734375,
            "yaw": -89.00762939453125,
            "roll": 0.0024894890375435352
        }
    },
    "camera_parameters": {
        "image_size_x": 1820,
        "image_size_y": 1240,
        "fov": 90,
        "sensor_tick": 0.1
    },
    "filtered_objects": {}
}