{
    "camera_transform": {
        "location": {
            "x": 223.199951171875,
            "y": 58.75012969970703,
            "z": 2.1881916522979736
        },
        "rotation": {
            "pitch": -0.08370396494865417,
            "yaw": 179.8525390625,
            "roll": 0.07308641076087952
        }
    },
    "camera_parameters": {
        "image_size_x": 1820,
        "image_size_y": 1240,
        "fov": 90,
        "sensor_tick": 0.1
    },
    "filtered_objects": {}
}