{
    "camera_transform": {
        "location": {
            "x": 71.1946792602539,
            "y": -206.59642028808594,
            "z": 2.1776340007781982
        },
        "rotation": {
            "pitch": 0.0020080755930393934,
            "yaw": 172.038818359375,
            "roll": 0.0036898753605782986
        }
    },
    "camera_parameters": {
        "image_size_x": 1820,
        "image_size_y": 1240,
        "fov": 90,
        "sensor_tick": 0.1
    },
    "filtered_objects": {}
}