{
    "camera_transform": {
        "location": {
            "x": -48.56050491333008,
            "y": 88.14500427246094,
            "z": 2.1804983615875244
        },
        "rotation": {
            "pitch": -0.0003073585103265941,
            "yaw": 89.83879852294922,
            "roll": 0.003943798132240772
        }
    },
    "camera_parameters": {
        "image_size_x": 1820,
        "image_size_y": 1240,
        "fov": 90,
        "sensor_tick": 0.1
    },
    "filtered_objects": {}
}