{
    "camera_transform": {
        "location": {
            "x": -26.075584411621094,
            "y": 197.0706329345703,
            "z": 2.179922342300415
        },
        "rotation": {
            "pitch": 0.0,
            "yaw": 179.85696411132812,
            "roll": 0.0
        }
    },
    "camera_parameters": {
        "image_size_x": 1820,
        "image_size_y": 1240,
        "fov": 90,
        "sensor_tick": 0.1
    },
    "filtered_objects": {}
}