{
    "camera_transform": {
        "location": {
            "x": -88.70408630371094,
            "y": -117.04064178466797,
            "z": 2.0158913135528564
        },
        "rotation": {
            "pitch": -0.7534791231155396,
            "yaw": 89.84358215332031,
            "roll": -2.6682734244332096e-08
        }
    },
    "camera_parameters": {
        "image_size_x": 1820,
        "image_size_y": 1240,
        "fov": 90,
        "sensor_tick": 0.1
    },
    "filtered_objects": {}
}