{
    "camera_transform": {
        "location": {
            "x": -9.023024559020996,
            "y": -207.91656494140625,
            "z": 2.1796622276306152
        },
        "rotation": {
            "pitch": 0.0006078868173062801,
            "yaw": -178.5598907470703,
            "roll": 0.011186822317540646
        }
    },
    "camera_parameters": {
        "image_size_x": 1820,
        "image_size_y": 1240,
        "fov": 90,
        "sensor_tick": 0.1
    },
    "filtered_objects": {}
}