{
    "camera_transform": {
        "location": {
            "x": -84.6478271484375,
            "y": 116.91559600830078,
            "z": 2.290398359298706
        },
        "rotation": {
            "pitch": -0.720366358757019,
            "yaw": 89.7873764038086,
            "roll": 0.061096932739019394
        }
    },
    "camera_parameters": {
        "image_size_x": 1820,
        "image_size_y": 1240,
        "fov": 90,
        "sensor_tick": 0.1
    },
    "filtered_objects": {}
}