{
    "camera_transform": {
        "location": {
            "x": 37.98513412475586,
            "y": -132.70510864257812,
            "z": 2.1719329357147217
        },
        "rotation": {
            "pitch": 0.0,
            "yaw": -88.46794891357422,
            "roll": 0.0
        }
    },
    "camera_parameters": {
        "image_size_x": 1820,
        "image_size_y": 1240,
        "fov": 90,
        "sensor_tick": 0.1
    },
    "filtered_objects": {}
}