{
    "camera_transform": {
        "location": {
            "x": 135.82827758789062,
            "y": -6.388907432556152,
            "z": 2.1794989109039307
        },
        "rotation": {
            "pitch": -0.02093452773988247,
            "yaw": -179.14430236816406,
            "roll": -0.009765621274709702
        }
    },
    "camera_parameters": {
        "image_size_x": 1820,
        "image_size_y": 1240,
        "fov": 90,
        "sensor_tick": 0.1
    },
    "filtered_objects": {}
}