{
    "camera_transform": {
        "location": {
            "x": 234.349609375,
            "y": 28.84703826904297,
            "z": 2.178300380706787
        },
        "rotation": {
            "pitch": 0.0002458867966197431,
            "yaw": 91.35686492919922,
            "roll": -3.051759267691523e-05
        }
    },
    "camera_parameters": {
        "image_size_x": 1820,
        "image_size_y": 1240,
        "fov": 90,
        "sensor_tick": 0.1
    },
    "filtered_objects": {}
}