{
    "camera_transform": {
        "location": {
            "x": -48.66255569458008,
            "y": -40.853919982910156,
            "z": 2.1800320148468018
        },
        "rotation": {
            "pitch": -0.00033467926550656557,
            "yaw": 90.43232727050781,
            "roll": 0.002121859695762396
        }
    },
    "camera_parameters": {
        "image_size_x": 1820,
        "image_size_y": 1240,
        "fov": 90,
        "sensor_tick": 0.1
    },
    "filtered_objects": {}
}