{
    "camera_transform": {
        "location": {
            "x": 167.1771240234375,
            "y": 73.63091278076172,
            "z": 2.2913053035736084
        },
        "rotation": {
            "pitch": 0.3103227913379669,
            "yaw": 89.98918914794922,
            "roll": -0.09515377879142761
        }
    },
    "camera_parameters": {
        "image_size_x": 1820,
        "image_size_y": 1240,
        "fov": 90,
        "sensor_tick": 0.1
    },
    "filtered_objects": {}
}