{
    "camera_transform": {
        "location": {
            "x": -74.47824096679688,
            "y": -150.92884826660156,
            "z": 2.1806650161743164
        },
        "rotation": {
            "pitch": 0.09729603677988052,
            "yaw": -88.43505096435547,
            "roll": 0.001057073357515037
        }
    },
    "camera_parameters": {
        "image_size_x": 1820,
        "image_size_y": 1240,
        "fov": 90,
        "sensor_tick": 0.1
    },
    "filtered_objects": {}
}