{
    "camera_transform": {
        "location": {
            "x": -8.083206176757812,
            "y": 207.49899291992188,
            "z": 2.1782689094543457
        },
        "rotation": {
            "pitch": -0.0003073585103265941,
            "yaw": -0.142974853515625,
            "roll": 0.0
        }
    },
    "camera_parameters": {
        "image_size_x": 1820,
        "image_size_y": 1240,
        "fov": 90,
        "sensor_tick": 0.1
    },
    "filtered_objects": {}
}