{
    "camera_transform": {
        "location": {
            "x": 70.6334457397461,
            "y": -136.7567596435547,
            "z": 10.11065673828125
        },
        "rotation": {
            "pitch": -1.8659324645996094,
            "yaw": -178.79103088378906,
            "roll": -0.1640930026769638
        }
    },
    "camera_parameters": {
        "image_size_x": 1820,
        "image_size_y": 1240,
        "fov": 90,
        "sensor_tick": 0.1
    },
    "filtered_objects": {}
}