{
    "camera_transform": {
        "location": {
            "x": -84.94786834716797,
            "y": -20.796512603759766,
            "z": 2.0234906673431396
        },
        "rotation": {
            "pitch": 0.7431928515434265,
            "yaw": 89.84358978271484,
            "roll": -0.0028076039161533117
        }
    },
    "camera_parameters": {
        "image_size_x": 1820,
        "image_size_y": 1240,
        "fov": 90,
        "sensor_tick": 0.1
    },
    "filtered_objects": {}
}