{
    "camera_transform": {
        "location": {
            "x": 19.323890686035156,
            "y": -134.36129760742188,
            "z": 2.277958393096924
        },
        "rotation": {
            "pitch": 1.4110760688781738,
            "yaw": 1.247984766960144,
            "roll": -0.0796203538775444
        }
    },
    "camera_parameters": {
        "image_size_x": 1820,
        "image_size_y": 1240,
        "fov": 90,
        "sensor_tick": 0.1
    },
    "filtered_objects": {}
}