{
    "camera_transform": {
        "location": {
            "x": -52.06940841674805,
            "y": 85.15485382080078,
            "z": 2.180122137069702
        },
        "rotation": {
            "pitch": -0.00033467926550656557,
            "yaw": 89.83876037597656,
            "roll": 0.0064274342730641365
        }
    },
    "camera_parameters": {
        "image_size_x": 1820,
        "image_size_y": 1240,
        "fov": 90,
        "sensor_tick": 0.1
    },
    "filtered_objects": {}
}