{
    "camera_transform": {
        "location": {
            "x": 132.41246032714844,
            "y": -75.67841339111328,
            "z": 10.180048942565918
        },
        "rotation": {
            "pitch": 0.0,
            "yaw": -178.49085998535156,
            "roll": -6.103514533606358e-05
        }
    },
    "camera_parameters": {
        "image_size_x": 1820,
        "image_size_y": 1240,
        "fov": 90,
        "sensor_tick": 0.1
    },
    "filtered_objects": {}
}