{
    "camera_transform": {
        "location": {
            "x": -24.522096633911133,
            "y": 69.71914672851562,
            "z": 2.1806752681732178
        },
        "rotation": {
            "pitch": -0.0005190943484194577,
            "yaw": 0.07327839732170105,
            "roll": 0.002139811869710684
        }
    },
    "camera_parameters": {
        "image_size_x": 1820,
        "image_size_y": 1240,
        "fov": 90,
        "sensor_tick": 0.1
    },
    "filtered_objects": {}
}