{
    "camera_transform": {
        "location": {
            "x": -15.884308815002441,
            "y": 193.57069396972656,
            "z": 2.179691791534424
        },
        "rotation": {
            "pitch": 0.0,
            "yaw": 179.85696411132812,
            "roll": 0.0
        }
    },
    "camera_parameters": {
        "image_size_x": 1820,
        "image_size_y": 1240,
        "fov": 90,
        "sensor_tick": 0.1
    },
    "filtered_objects": {}
}