{
    "camera_transform": {
        "location": {
            "x": 85.68356323242188,
            "y": -147.66810607910156,
            "z": 9.826521873474121
        },
        "rotation": {
            "pitch": -5.049435615539551,
            "yaw": -88.1486587524414,
            "roll": 0.15138159692287445
        }
    },
    "camera_parameters": {
        "image_size_x": 1820,
        "image_size_y": 1240,
        "fov": 90,
        "sensor_tick": 0.1
    },
    "filtered_objects": {}
}