{
    "camera_transform": {
        "location": {
            "x": -77.89401245117188,
            "y": 20.83336067199707,
            "z": 2.228393793106079
        },
        "rotation": {
            "pitch": -0.2962048053741455,
            "yaw": -90.15620422363281,
            "roll": 0.0
        }
    },
    "camera_parameters": {
        "image_size_x": 1820,
        "image_size_y": 1240,
        "fov": 90,
        "sensor_tick": 0.1
    },
    "filtered_objects": {}
}