{
    "camera_transform": {
        "location": {
            "x": 62.73533630371094,
            "y": 13.407435417175293,
            "z": 2.180413007736206
        },
        "rotation": {
            "pitch": -0.00018441509746480733,
            "yaw": -179.84078979492188,
            "roll": 0.0007214865763671696
        }
    },
    "camera_parameters": {
        "image_size_x": 1820,
        "image_size_y": 1240,
        "fov": 90,
        "sensor_tick": 0.1
    },
    "filtered_objects": {}
}