{
    "camera_transform": {
        "location": {
            "x": -134.4790496826172,
            "y": 0.19120639562606812,
            "z": 2.1799020767211914
        },
        "rotation": {
            "pitch": 0.0,
            "yaw": 0.2945939004421234,
            "roll": -6.103515261202119e-05
        }
    },
    "camera_parameters": {
        "image_size_x": 1820,
        "image_size_y": 1240,
        "fov": 90,
        "sensor_tick": 0.1
    },
    "filtered_objects": {}
}