{
    "camera_transform": {
        "location": {
            "x": 81.55533599853516,
            "y": 69.82686614990234,
            "z": 2.180570125579834
        },
        "rotation": {
            "pitch": -0.0003961509501095861,
            "yaw": 0.0732685774564743,
            "roll": 0.00122736650519073
        }
    },
    "camera_parameters": {
        "image_size_x": 1820,
        "image_size_y": 1240,
        "fov": 90,
        "sensor_tick": 0.1
    },
    "filtered_objects": {}
}