{
    "camera_transform": {
        "location": {
            "x": 5.668968200683594,
            "y": 151.3190460205078,
            "z": 2.1797704696655273
        },
        "rotation": {
            "pitch": 0.0,
            "yaw": -90.36254119873047,
            "roll": 2.3940334358485416e-05
        }
    },
    "camera_parameters": {
        "image_size_x": 1820,
        "image_size_y": 1240,
        "fov": 90,
        "sensor_tick": 0.1
    },
    "filtered_objects": {}
}