{
    "camera_transform": {
        "location": {
            "x": -99.38732147216797,
            "y": 20.85719871520996,
            "z": 2.1795363426208496
        },
        "rotation": {
            "pitch": -0.14831754565238953,
            "yaw": 134.66458129882812,
            "roll": 0.08298593014478683
        }
    },
    "camera_parameters": {
        "image_size_x": 1820,
        "image_size_y": 1240,
        "fov": 90,
        "sensor_tick": 0.1
    },
    "filtered_objects": {}
}