{
    "camera_transform": {
        "location": {
            "x": -85.03376007080078,
            "y": -51.59857177734375,
            "z": 1.5816024541854858
        },
        "rotation": {
            "pitch": 0.8492451906204224,
            "yaw": 89.84329223632812,
            "roll": 0.0011046909494325519
        }
    },
    "camera_parameters": {
        "image_size_x": 1820,
        "image_size_y": 1240,
        "fov": 90,
        "sensor_tick": 0.1
    },
    "filtered_objects": {}
}