{
    "camera_transform": {
        "location": {
            "x": -60.01259231567383,
            "y": 131.79026794433594,
            "z": 2.1783556938171387
        },
        "rotation": {
            "pitch": -6.147169915493578e-05,
            "yaw": 176.6312255859375,
            "roll": 6.739920354448259e-05
        }
    },
    "camera_parameters": {
        "image_size_x": 1820,
        "image_size_y": 1240,
        "fov": 90,
        "sensor_tick": 0.1
    },
    "filtered_objects": {}
}