{
    "camera_transform": {
        "location": {
            "x": 239.92396545410156,
            "y": 85.91727447509766,
            "z": 2.318112373352051
        },
        "rotation": {
            "pitch": -0.6583892107009888,
            "yaw": -88.40013885498047,
            "roll": 0.03339123725891113
        }
    },
    "camera_parameters": {
        "image_size_x": 1820,
        "image_size_y": 1240,
        "fov": 90,
        "sensor_tick": 0.1
    },
    "filtered_objects": {}
}