{
    "camera_transform": {
        "location": {
            "x": 151.38851928710938,
            "y": -189.7174530029297,
            "z": 2.1637659072875977
        },
        "rotation": {
            "pitch": -0.16403381526470184,
            "yaw": 90.99718475341797,
            "roll": 0.11567814648151398
        }
    },
    "camera_parameters": {
        "image_size_x": 1820,
        "image_size_y": 1240,
        "fov": 90,
        "sensor_tick": 0.1
    },
    "filtered_objects": {}
}