{
    "camera_transform": {
        "location": {
            "x": -148.97303771972656,
            "y": -69.9213638305664,
            "z": 2.4845173358917236
        },
        "rotation": {
            "pitch": -0.6601855754852295,
            "yaw": 90.02935791015625,
            "roll": 0.0020092495251446962
        }
    },
    "camera_parameters": {
        "image_size_x": 1820,
        "image_size_y": 1240,
        "fov": 90,
        "sensor_tick": 0.1
    },
    "filtered_objects": {}
}