{
    "camera_transform": {
        "location": {
            "x": -84.94808197021484,
            "y": -20.796667098999023,
            "z": 2.023604154586792
        },
        "rotation": {
            "pitch": 0.7433499097824097,
            "yaw": 89.84355163574219,
            "roll": -0.002014141296967864
        }
    },
    "camera_parameters": {
        "image_size_x": 1820,
        "image_size_y": 1240,
        "fov": 90,
        "sensor_tick": 0.1
    },
    "filtered_objects": {}
}