{
    "camera_transform": {
        "location": {
            "x": -97.7666015625,
            "y": -95.04126739501953,
            "z": 2.1726038455963135
        },
        "rotation": {
            "pitch": 0.0,
            "yaw": -179.9136962890625,
            "roll": 0.0
        }
    },
    "camera_parameters": {
        "image_size_x": 1820,
        "image_size_y": 1240,
        "fov": 90,
        "sensor_tick": 0.1
    },
    "filtered_objects": {}
}