{
    "camera_transform": {
        "location": {
            "x": 64.7396011352539,
            "y": -192.58213806152344,
            "z": 2.1797802448272705
        },
        "rotation": {
            "pitch": 0.0,
            "yaw": 1.4395465850830078,
            "roll": 0.0
        }
    },
    "camera_parameters": {
        "image_size_x": 1820,
        "image_size_y": 1240,
        "fov": 90,
        "sensor_tick": 0.1
    },
    "filtered_objects": {}
}