{
    "camera_transform": {
        "location": {
            "x": 70.63346862792969,
            "y": -136.7570343017578,
            "z": 10.11067008972168
        },
        "rotation": {
            "pitch": -1.865816354751587,
            "yaw": -178.79180908203125,
            "roll": -0.16494746506214142
        }
    },
    "camera_parameters": {
        "image_size_x": 1820,
        "image_size_y": 1240,
        "fov": 90,
        "sensor_tick": 0.1
    },
    "filtered_objects": {}
}