{
    "camera_transform": {
        "location": {
            "x": 163.09024047851562,
            "y": -5.7684502601623535,
            "z": 2.1799216270446777
        },
        "rotation": {
            "pitch": -9.56226431299001e-05,
            "yaw": -179.14468383789062,
            "roll": 0.009362582117319107
        }
    },
    "camera_parameters": {
        "image_size_x": 1820,
        "image_size_y": 1240,
        "fov": 90,
        "sensor_tick": 0.1
    },
    "filtered_objects": {}
}