{
    "camera_transform": {
        "location": {
            "x": -6.533602237701416,
            "y": -59.21866989135742,
            "z": 2.179891586303711
        },
        "rotation": {
            "pitch": -3.415094397496432e-05,
            "yaw": 92.00418853759766,
            "roll": 1.3905998912377981e-06
        }
    },
    "camera_parameters": {
        "image_size_x": 1820,
        "image_size_y": 1240,
        "fov": 90,
        "sensor_tick": 0.1
    },
    "filtered_objects": {}
}