{
    "camera_transform": {
        "location": {
            "x": 8.598749160766602,
            "y": 130.60809326171875,
            "z": 0.6823501586914062
        },
        "rotation": {
            "pitch": -35.32988739013672,
            "yaw": -62.14762878417969,
            "roll": 106.53164672851562
        }
    },
    "camera_parameters": {
        "image_size_x": 1820,
        "image_size_y": 1240,
        "fov": 90,
        "sensor_tick": 0.1
    },
    "filtered_objects": {}
}