{
    "camera_transform": {
        "location": {
            "x": 4.898860931396484,
            "y": 42.19580841064453,
            "z": 2.178222179412842
        },
        "rotation": {
            "pitch": 0.0001707547198748216,
            "yaw": -88.89118957519531,
            "roll": 1.7497695807833225e-05
        }
    },
    "camera_parameters": {
        "image_size_x": 1820,
        "image_size_y": 1240,
        "fov": 90,
        "sensor_tick": 0.1
    },
    "filtered_objects": {}
}