{
    "camera_transform": {
        "location": {
            "x": -149.04922485351562,
            "y": 78.64369201660156,
            "z": 2.179844856262207
        },
        "rotation": {
            "pitch": 0.0,
            "yaw": 90.02979278564453,
            "roll": 2.880481588363182e-06
        }
    },
    "camera_parameters": {
        "image_size_x": 1820,
        "image_size_y": 1240,
        "fov": 90,
        "sensor_tick": 0.1
    },
    "filtered_objects": {}
}