{
    "camera_transform": {
        "location": {
            "x": -74.47824096679688,
            "y": -150.92889404296875,
            "z": 2.1805357933044434
        },
        "rotation": {
            "pitch": 0.09736434370279312,
            "yaw": -88.43505096435547,
            "roll": 0.00107047357596457
        }
    },
    "camera_parameters": {
        "image_size_x": 1820,
        "image_size_y": 1240,
        "fov": 90,
        "sensor_tick": 0.1
    },
    "filtered_objects": {}
}