{
    "camera_transform": {
        "location": {
            "x": 80.42919921875,
            "y": -101.5263442993164,
            "z": 10.179985046386719
        },
        "rotation": {
            "pitch": -0.0002458867966197431,
            "yaw": 92.02409362792969,
            "roll": 0.0
        }
    },
    "camera_parameters": {
        "image_size_x": 1820,
        "image_size_y": 1240,
        "fov": 90,
        "sensor_tick": 0.1
    },
    "filtered_objects": {}
}