{
    "camera_transform": {
        "location": {
            "x": -88.64038848876953,
            "y": -100.72544860839844,
            "z": 1.678406000137329
        },
        "rotation": {
            "pitch": -1.3239091634750366,
            "yaw": 89.84293365478516,
            "roll": 0.0022587808780372143
        }
    },
    "camera_parameters": {
        "image_size_x": 1820,
        "image_size_y": 1240,
        "fov": 90,
        "sensor_tick": 0.1
    },
    "filtered_objects": {}
}