{
    "camera_transform": {
        "location": {
            "x": -74.39392852783203,
            "y": 74.87113952636719,
            "z": 2.9768872261047363
        },
        "rotation": {
            "pitch": 0.8536506295204163,
            "yaw": -90.15648651123047,
            "roll": -3.052579268114641e-05
        }
    },
    "camera_parameters": {
        "image_size_x": 1820,
        "image_size_y": 1240,
        "fov": 90,
        "sensor_tick": 0.1
    },
    "filtered_objects": {}
}