{
    "camera_transform": {
        "location": {
            "x": 106.44857025146484,
            "y": -24.05375862121582,
            "z": 2.1803348064422607
        },
        "rotation": {
            "pitch": -0.0006761886761523783,
            "yaw": -91.51957702636719,
            "roll": 0.003086821874603629
        }
    },
    "camera_parameters": {
        "image_size_x": 1820,
        "image_size_y": 1240,
        "fov": 90,
        "sensor_tick": 0.1
    },
    "filtered_objects": {}
}