{
    "camera_transform": {
        "location": {
            "x": -106.65756225585938,
            "y": -7.347294807434082,
            "z": 2.1802988052368164
        },
        "rotation": {
            "pitch": -0.0003961509501095861,
            "yaw": -89.35778045654297,
            "roll": 0.001955816987901926
        }
    },
    "camera_parameters": {
        "image_size_x": 1820,
        "image_size_y": 1240,
        "fov": 90,
        "sensor_tick": 0.1
    },
    "filtered_objects": {}
}