{
    "camera_transform": {
        "location": {
            "x": -88.30571746826172,
            "y": 24.017919540405273,
            "z": 2.2246103286743164
        },
        "rotation": {
            "pitch": 0.3510512113571167,
            "yaw": 89.84112548828125,
            "roll": 0.17363084852695465
        }
    },
    "camera_parameters": {
        "image_size_x": 1820,
        "image_size_y": 1240,
        "fov": 90,
        "sensor_tick": 0.1
    },
    "filtered_objects": {}
}