{
    "camera_transform": {
        "location": {
            "x": 131.06617736816406,
            "y": -190.39561462402344,
            "z": 2.1792943477630615
        },
        "rotation": {
            "pitch": -0.05852788686752319,
            "yaw": 6.4441269387316424e-06,
            "roll": 0.1191827803850174
        }
    },
    "camera_parameters": {
        "image_size_x": 1820,
        "image_size_y": 1240,
        "fov": 90,
        "sensor_tick": 0.1
    },
    "filtered_objects": {}
}