{
    "camera_transform": {
        "location": {
            "x": -74.39393615722656,
            "y": 74.8711929321289,
            "z": 2.977019786834717
        },
        "rotation": {
            "pitch": 0.8531725406646729,
            "yaw": -90.15631103515625,
            "roll": -6.105157808633521e-05
        }
    },
    "camera_parameters": {
        "image_size_x": 1820,
        "image_size_y": 1240,
        "fov": 90,
        "sensor_tick": 0.1
    },
    "filtered_objects": {}
}