{
    "camera_transform": {
        "location": {
            "x": 339.2957763671875,
            "y": 181.38839721679688,
            "z": 2.172612428665161
        },
        "rotation": {
            "pitch": 0.0,
            "yaw": -89.99999237060547,
            "roll": 0.0
        }
    },
    "camera_parameters": {
        "image_size_x": 1820,
        "image_size_y": 1240,
        "fov": 90,
        "sensor_tick": 0.1
    },
    "filtered_objects": {}
}