{
    "camera_transform": {
        "location": {
            "x": -62.14481735229492,
            "y": 24.47998809814453,
            "z": 2.1801469326019287
        },
        "rotation": {
            "pitch": -0.00045762263471260667,
            "yaw": 0.15917246043682098,
            "roll": 0.004731719382107258
        }
    },
    "camera_parameters": {
        "image_size_x": 1820,
        "image_size_y": 1240,
        "fov": 90,
        "sensor_tick": 0.1
    },
    "filtered_objects": {}
}