{
    "camera_transform": {
        "location": {
            "x": 122.20005798339844,
            "y": 59.012664794921875,
            "z": 2.1798007488250732
        },
        "rotation": {
            "pitch": 0.0,
            "yaw": 179.85252380371094,
            "roll": -3.0517576306010596e-05
        }
    },
    "camera_parameters": {
        "image_size_x": 1820,
        "image_size_y": 1240,
        "fov": 90,
        "sensor_tick": 0.1
    },
    "filtered_objects": {}
}