{
    "camera_transform": {
        "location": {
            "x": 109.96482849121094,
            "y": -19.687915802001953,
            "z": 2.1806235313415527
        },
        "rotation": {
            "pitch": -0.00027320755179971457,
            "yaw": -89.60928344726562,
            "roll": 0.0010288817575201392
        }
    },
    "camera_parameters": {
        "image_size_x": 1820,
        "image_size_y": 1240,
        "fov": 90,
        "sensor_tick": 0.1
    },
    "filtered_objects": {}
}