{
    "camera_transform": {
        "location": {
            "x": -52.06877899169922,
            "y": 66.03811645507812,
            "z": 2.180222511291504
        },
        "rotation": {
            "pitch": -0.0005532453069463372,
            "yaw": 89.83882904052734,
            "roll": 0.004157362040132284
        }
    },
    "camera_parameters": {
        "image_size_x": 1820,
        "image_size_y": 1240,
        "fov": 90,
        "sensor_tick": 0.1
    },
    "filtered_objects": {}
}