{
    "camera_transform": {
        "location": {
            "x": -81.92893981933594,
            "y": -136.50428771972656,
            "z": 2.1457927227020264
        },
        "rotation": {
            "pitch": -0.0009152452694252133,
            "yaw": 1.2160323858261108,
            "roll": 0.1540149748325348
        }
    },
    "camera_parameters": {
        "image_size_x": 1820,
        "image_size_y": 1240,
        "fov": 90,
        "sensor_tick": 0.1
    },
    "filtered_objects": {}
}