{
    "camera_transform": {
        "location": {
            "x": -26.532426834106445,
            "y": -58.24338150024414,
            "z": 2.178250789642334
        },
        "rotation": {
            "pitch": 0.0064340378157794476,
            "yaw": 6.394075870513916,
            "roll": 2.341050958420965e-06
        }
    },
    "camera_parameters": {
        "image_size_x": 1820,
        "image_size_y": 1240,
        "fov": 90,
        "sensor_tick": 0.1
    },
    "filtered_objects": {}
}