{
    "camera_transform": {
        "location": {
            "x": -58.79914093017578,
            "y": 131.7101593017578,
            "z": 2.180570125579834
        },
        "rotation": {
            "pitch": -0.0006761886761523783,
            "yaw": 176.63125610351562,
            "roll": 0.002443647710606456
        }
    },
    "camera_parameters": {
        "image_size_x": 1820,
        "image_size_y": 1240,
        "fov": 90,
        "sensor_tick": 0.1
    },
    "filtered_objects": {}
}