{
    "camera_transform": {
        "location": {
            "x": 97.38442993164062,
            "y": -195.0568084716797,
            "z": 2.1734373569488525
        },
        "rotation": {
            "pitch": 0.016856905072927475,
            "yaw": 1.4389952421188354,
            "roll": 0.0030480632558465004
        }
    },
    "camera_parameters": {
        "image_size_x": 1820,
        "image_size_y": 1240,
        "fov": 90,
        "sensor_tick": 0.1
    },
    "filtered_objects": {}
}