{
    "camera_transform": {
        "location": {
            "x": -74.39391326904297,
            "y": 97.24310302734375,
            "z": 2.5941524505615234
        },
        "rotation": {
            "pitch": 1.0214821100234985,
            "yaw": -90.15613555908203,
            "roll": 5.336933028843305e-08
        }
    },
    "camera_parameters": {
        "image_size_x": 1820,
        "image_size_y": 1240,
        "fov": 90,
        "sensor_tick": 0.1
    },
    "filtered_objects": {}
}