{
    "camera_transform": {
        "location": {
            "x": 62.73525619506836,
            "y": 13.40593433380127,
            "z": 2.179993152618408
        },
        "rotation": {
            "pitch": -0.0004234717052895576,
            "yaw": -179.8407745361328,
            "roll": 0.004668200388550758
        }
    },
    "camera_parameters": {
        "image_size_x": 1820,
        "image_size_y": 1240,
        "fov": 90,
        "sensor_tick": 0.1
    },
    "filtered_objects": {}
}