{
    "camera_transform": {
        "location": {
            "x": 0.08063674718141556,
            "y": 203.99945068359375,
            "z": 2.1797425746917725
        },
        "rotation": {
            "pitch": 0.0,
            "yaw": -0.142974853515625,
            "roll": 0.0
        }
    },
    "camera_parameters": {
        "image_size_x": 1820,
        "image_size_y": 1240,
        "fov": 90,
        "sensor_tick": 0.1
    },
    "filtered_objects": {}
}