{
    "camera_transform": {
        "location": {
            "x": 96.252197265625,
            "y": -132.71099853515625,
            "z": 10.18110466003418
        },
        "rotation": {
            "pitch": 0.11578536033630371,
            "yaw": 1.2268871068954468,
            "roll": -0.0391540490090847
        }
    },
    "camera_parameters": {
        "image_size_x": 1820,
        "image_size_y": 1240,
        "fov": 90,
        "sensor_tick": 0.1
    },
    "filtered_objects": {}
}