{
    "camera_transform": {
        "location": {
            "x": 53.17609405517578,
            "y": -206.67098999023438,
            "z": 2.1798250675201416
        },
        "rotation": {
            "pitch": 2.7320755179971457e-05,
            "yaw": -178.5604705810547,
            "roll": -3.051757266803179e-05
        }
    },
    "camera_parameters": {
        "image_size_x": 1820,
        "image_size_y": 1240,
        "fov": 90,
        "sensor_tick": 0.1
    },
    "filtered_objects": {}
}