{
    "camera_transform": {
        "location": {
            "x": 82.69194030761719,
            "y": -182.24044799804688,
            "z": 2.0381226539611816
        },
        "rotation": {
            "pitch": -1.296164870262146,
            "yaw": 89.98602294921875,
            "roll": 0.026335623115301132
        }
    },
    "camera_parameters": {
        "image_size_x": 1820,
        "image_size_y": 1240,
        "fov": 90,
        "sensor_tick": 0.1
    },
    "filtered_objects": {}
}