{
    "camera_transform": {
        "location": {
            "x": -52.3056526184082,
            "y": 0.9147677421569824,
            "z": 2.180211305618286
        },
        "rotation": {
            "pitch": -0.0004234717052895576,
            "yaw": 89.83879852294922,
            "roll": 0.003913442138582468
        }
    },
    "camera_parameters": {
        "image_size_x": 1820,
        "image_size_y": 1240,
        "fov": 90,
        "sensor_tick": 0.1
    },
    "filtered_objects": {}
}