{
    "camera_transform": {
        "location": {
            "x": 26.25172996520996,
            "y": -193.54940795898438,
            "z": 2.1797778606414795
        },
        "rotation": {
            "pitch": 0.0,
            "yaw": 1.4395471811294556,
            "roll": 0.0
        }
    },
    "camera_parameters": {
        "image_size_x": 1820,
        "image_size_y": 1240,
        "fov": 90,
        "sensor_tick": 0.1
    },
    "filtered_objects": {}
}