{
    "camera_transform": {
        "location": {
            "x": 24.229312896728516,
            "y": 136.0286865234375,
            "z": 2.172663450241089
        },
        "rotation": {
            "pitch": 0.0,
            "yaw": 0.23475705087184906,
            "roll": 0.0
        }
    },
    "camera_parameters": {
        "image_size_x": 1820,
        "image_size_y": 1240,
        "fov": 90,
        "sensor_tick": 0.1
    },
    "filtered_objects": {}
}