{
    "camera_transform": {
        "location": {
            "x": -88.4195327758789,
            "y": -21.318445205688477,
            "z": 2.01428484916687
        },
        "rotation": {
            "pitch": 0.7289040684700012,
            "yaw": 89.90699768066406,
            "roll": 0.0005349591374397278
        }
    },
    "camera_parameters": {
        "image_size_x": 1820,
        "image_size_y": 1240,
        "fov": 90,
        "sensor_tick": 0.1
    },
    "filtered_objects": {}
}