{
    "camera_transform": {
        "location": {
            "x": 80.42919921875,
            "y": -101.52633666992188,
            "z": 10.179984092712402
        },
        "rotation": {
            "pitch": -0.00033467926550656557,
            "yaw": 92.02404022216797,
            "roll": 0.0
        }
    },
    "camera_parameters": {
        "image_size_x": 1820,
        "image_size_y": 1240,
        "fov": 90,
        "sensor_tick": 0.1
    },
    "filtered_objects": {}
}