{
    "camera_transform": {
        "location": {
            "x": -74.49079132080078,
            "y": -46.575809478759766,
            "z": 1.6549394130706787
        },
        "rotation": {
            "pitch": -0.8498257398605347,
            "yaw": -90.15672302246094,
            "roll": 0.001380463596433401
        }
    },
    "camera_parameters": {
        "image_size_x": 1820,
        "image_size_y": 1240,
        "fov": 90,
        "sensor_tick": 0.1
    },
    "filtered_objects": {}
}