{
    "camera_transform": {
        "location": {
            "x": -88.53373718261719,
            "y": -61.88650131225586,
            "z": 1.4295239448547363
        },
        "rotation": {
            "pitch": 0.768471360206604,
            "yaw": 89.84341430664062,
            "roll": 0.0015300732338801026
        }
    },
    "camera_parameters": {
        "image_size_x": 1820,
        "image_size_y": 1240,
        "fov": 90,
        "sensor_tick": 0.1
    },
    "filtered_objects": {}
}