{
    "camera_transform": {
        "location": {
            "x": -88.45228576660156,
            "y": -31.090116500854492,
            "z": 1.8815765380859375
        },
        "rotation": {
            "pitch": 0.8485758304595947,
            "yaw": 89.8436508178711,
            "roll": 0.0056432089768350124
        }
    },
    "camera_parameters": {
        "image_size_x": 1820,
        "image_size_y": 1240,
        "fov": 90,
        "sensor_tick": 0.1
    },
    "filtered_objects": {}
}