{
    "camera_transform": {
        "location": {
            "x": 4.9744791984558105,
            "y": 38.07907485961914,
            "z": 2.173048734664917
        },
        "rotation": {
            "pitch": 0.0,
            "yaw": -88.8912353515625,
            "roll": 0.0
        }
    },
    "camera_parameters": {
        "image_size_x": 1820,
        "image_size_y": 1240,
        "fov": 90,
        "sensor_tick": 0.1
    },
    "filtered_objects": {}
}