{
    "camera_transform": {
        "location": {
            "x": 113.58001708984375,
            "y": 306.41998291015625,
            "z": 2.392956495285034
        },
        "rotation": {
            "pitch": 0.0,
            "yaw": -0.00018310546875,
            "roll": 0.0
        }
    },
    "camera_parameters": {
        "image_size_x": 1820,
        "image_size_y": 1240,
        "fov": 90,
        "sensor_tick": 0.1
    },
    "filtered_objects": {}
}