{
    "camera_transform": {
        "location": {
            "x": 154.88145446777344,
            "y": -186.3705291748047,
            "z": 2.113724946975708
        },
        "rotation": {
            "pitch": -3.1637229919433594,
            "yaw": -89.04547882080078,
            "roll": -0.258880078792572
        }
    },
    "camera_parameters": {
        "image_size_x": 1820,
        "image_size_y": 1240,
        "fov": 90,
        "sensor_tick": 0.1
    },
    "filtered_objects": {}
}