{
    "camera_transform": {
        "location": {
            "x": 61.76314926147461,
            "y": -7.452480316162109,
            "z": 2.180086374282837
        },
        "rotation": {
            "pitch": -6.147169915493578e-05,
            "yaw": -179.1441650390625,
            "roll": 0.0003630935971159488
        }
    },
    "camera_parameters": {
        "image_size_x": 1820,
        "image_size_y": 1240,
        "fov": 90,
        "sensor_tick": 0.1
    },
    "filtered_objects": {}
}