{
    "camera_transform": {
        "location": {
            "x": -77.893798828125,
            "y": 30.67612075805664,
            "z": 2.305335283279419
        },
        "rotation": {
            "pitch": -0.9996595978736877,
            "yaw": -90.1565933227539,
            "roll": 0.0004141432582400739
        }
    },
    "camera_parameters": {
        "image_size_x": 1820,
        "image_size_y": 1240,
        "fov": 90,
        "sensor_tick": 0.1
    },
    "filtered_objects": {}
}