{
    "camera_transform": {
        "location": {
            "x": 39.837730407714844,
            "y": 201.76495361328125,
            "z": 2.1719672679901123
        },
        "rotation": {
            "pitch": 0.0,
            "yaw": 0.2898404896259308,
            "roll": 0.0
        }
    },
    "camera_parameters": {
        "image_size_x": 1820,
        "image_size_y": 1240,
        "fov": 90,
        "sensor_tick": 0.1
    },
    "filtered_objects": {}
}