{
    "camera_transform": {
        "location": {
            "x": -74.39391326904297,
            "y": 97.24307250976562,
            "z": 2.593968152999878
        },
        "rotation": {
            "pitch": 1.0227525234222412,
            "yaw": -90.15645599365234,
            "roll": -5.33693551574288e-08
        }
    },
    "camera_parameters": {
        "image_size_x": 1820,
        "image_size_y": 1240,
        "fov": 90,
        "sensor_tick": 0.1
    },
    "filtered_objects": {}
}