{
    "camera_transform": {
        "location": {
            "x": 45.697265625,
            "y": -4.299599647521973,
            "z": 2.1782140731811523
        },
        "rotation": {
            "pitch": 0.00026637734845280647,
            "yaw": -179.17027282714844,
            "roll": 8.535813549315208e-07
        }
    },
    "camera_parameters": {
        "image_size_x": 1820,
        "image_size_y": 1240,
        "fov": 90,
        "sensor_tick": 0.1
    },
    "filtered_objects": {}
}