{
    "camera_transform": {
        "location": {
            "x": 80.95479583740234,
            "y": -13.993722915649414,
            "z": 2.4046967029571533
        },
        "rotation": {
            "pitch": 1.1146116256713867,
            "yaw": -87.9757080078125,
            "roll": -0.16323857009410858
        }
    },
    "camera_parameters": {
        "image_size_x": 1820,
        "image_size_y": 1240,
        "fov": 90,
        "sensor_tick": 0.1
    },
    "filtered_objects": {}
}