{
    "camera_transform": {
        "location": {
            "x": 45.34156036376953,
            "y": -193.02735900878906,
            "z": 2.1797428131103516
        },
        "rotation": {
            "pitch": 2.7320755179971457e-05,
            "yaw": 1.4396218061447144,
            "roll": -0.0016174314077943563
        }
    },
    "camera_parameters": {
        "image_size_x": 1820,
        "image_size_y": 1240,
        "fov": 90,
        "sensor_tick": 0.1
    },
    "filtered_objects": {}
}