{
    "camera_transform": {
        "location": {
            "x": -145.53448486328125,
            "y": 50.328338623046875,
            "z": 2.1797726154327393
        },
        "rotation": {
            "pitch": 0.0,
            "yaw": -89.97014617919922,
            "roll": 0.0
        }
    },
    "camera_parameters": {
        "image_size_x": 1820,
        "image_size_y": 1240,
        "fov": 90,
        "sensor_tick": 0.1
    },
    "filtered_objects": {}
}