{
    "camera_transform": {
        "location": {
            "x": 190.0231475830078,
            "y": 2.020050525665283,
            "z": 2.179966449737549
        },
        "rotation": {
            "pitch": 0.0,
            "yaw": -9.1552734375e-05,
            "roll": 0.0
        }
    },
    "camera_parameters": {
        "image_size_x": 1820,
        "image_size_y": 1240,
        "fov": 90,
        "sensor_tick": 0.1
    },
    "filtered_objects": {}
}