{
    "camera_transform": {
        "location": {
            "x": -45.46316146850586,
            "y": -28.006303787231445,
            "z": 2.299140453338623
        },
        "rotation": {
            "pitch": 1.7537944316864014,
            "yaw": -89.62509155273438,
            "roll": -4.434907913208008
        }
    },
    "camera_parameters": {
        "image_size_x": 1820,
        "image_size_y": 1240,
        "fov": 90,
        "sensor_tick": 0.1
    },
    "filtered_objects": {}
}