{
    "camera_transform": {
        "location": {
            "x": -149.07943725585938,
            "y": 72.84475708007812,
            "z": 2.1772022247314453
        },
        "rotation": {
            "pitch": 0.0009698867797851562,
            "yaw": 88.23021697998047,
            "roll": 0.03728282079100609
        }
    },
    "camera_parameters": {
        "image_size_x": 1820,
        "image_size_y": 1240,
        "fov": 90,
        "sensor_tick": 0.1
    },
    "filtered_objects": {}
}