{
    "camera_transform": {
        "location": {
            "x": -88.53428649902344,
            "y": -61.88688278198242,
            "z": 1.4300527572631836
        },
        "rotation": {
            "pitch": 0.7684099078178406,
            "yaw": 89.8433609008789,
            "roll": -0.00018315089982934296
        }
    },
    "camera_parameters": {
        "image_size_x": 1820,
        "image_size_y": 1240,
        "fov": 90,
        "sensor_tick": 0.1
    },
    "filtered_objects": {}
}