{
    "camera_transform": {
        "location": {
            "x": -57.25077819824219,
            "y": -2.9117329120635986,
            "z": 2.179931640625
        },
        "rotation": {
            "pitch": 0.0,
            "yaw": -179.70538330078125,
            "roll": 0.0
        }
    },
    "camera_parameters": {
        "image_size_x": 1820,
        "image_size_y": 1240,
        "fov": 90,
        "sensor_tick": 0.1
    },
    "filtered_objects": {}
}