{
    "camera_transform": {
        "location": {
            "x": -77.99083709716797,
            "y": -32.76639938354492,
            "z": 1.856609582901001
        },
        "rotation": {
            "pitch": -0.8494569063186646,
            "yaw": -90.15667724609375,
            "roll": 0.0024900375865399837
        }
    },
    "camera_parameters": {
        "image_size_x": 1820,
        "image_size_y": 1240,
        "fov": 90,
        "sensor_tick": 0.1
    },
    "filtered_objects": {}
}