{
    "camera_transform": {
        "location": {
            "x": 155.53309631347656,
            "y": 61.62546920776367,
            "z": 2.1747844219207764
        },
        "rotation": {
            "pitch": -0.2946475148200989,
            "yaw": 179.51954650878906,
            "roll": 0.28182080388069153
        }
    },
    "camera_parameters": {
        "image_size_x": 1820,
        "image_size_y": 1240,
        "fov": 90,
        "sensor_tick": 0.1
    },
    "filtered_objects": {}
}