{
    "camera_transform": {
        "location": {
            "x": 80.42920684814453,
            "y": -101.52638244628906,
            "z": 10.180079460144043
        },
        "rotation": {
            "pitch": -0.00027320755179971457,
            "yaw": 92.02409362792969,
            "roll": 4.762051958095981e-06
        }
    },
    "camera_parameters": {
        "image_size_x": 1820,
        "image_size_y": 1240,
        "fov": 90,
        "sensor_tick": 0.1
    },
    "filtered_objects": {}
}