{
    "camera_transform": {
        "location": {
            "x": 68.79935455322266,
            "y": -3.9414570331573486,
            "z": 2.1767258644104004
        },
        "rotation": {
            "pitch": -0.3509214520454407,
            "yaw": -179.1474151611328,
            "roll": -0.2720031440258026
        }
    },
    "camera_parameters": {
        "image_size_x": 1820,
        "image_size_y": 1240,
        "fov": 90,
        "sensor_tick": 0.1
    },
    "filtered_objects": {}
}