{
    "camera_transform": {
        "location": {
            "x": 242.7635955810547,
            "y": 126.54542541503906,
            "z": 3.015015125274658
        },
        "rotation": {
            "pitch": -1.1880499124526978,
            "yaw": -88.60748291015625,
            "roll": -0.00015253809397108853
        }
    },
    "camera_parameters": {
        "image_size_x": 1820,
        "image_size_y": 1240,
        "fov": 90,
        "sensor_tick": 0.1
    },
    "filtered_objects": {}
}