{
    "camera_transform": {
        "location": {
            "x": -72.68193054199219,
            "y": -22.401945114135742,
            "z": 2.1722960472106934
        },
        "rotation": {
            "pitch": 0.0,
            "yaw": 179.79132080078125,
            "roll": 0.0
        }
    },
    "camera_parameters": {
        "image_size_x": 1820,
        "image_size_y": 1240,
        "fov": 90,
        "sensor_tick": 0.1
    },
    "filtered_objects": {}
}