{
    "camera_transform": {
        "location": {
            "x": 11.77377700805664,
            "y": -67.92805480957031,
            "z": 2.180342674255371
        },
        "rotation": {
            "pitch": 0.0007308301865123212,
            "yaw": 179.9765625,
            "roll": 0.001266691368073225
        }
    },
    "camera_parameters": {
        "image_size_x": 1820,
        "image_size_y": 1240,
        "fov": 90,
        "sensor_tick": 0.1
    },
    "filtered_objects": {}
}