{
    "camera_transform": {
        "location": {
            "x": 98.78194427490234,
            "y": 85.390869140625,
            "z": 2.180523633956909
        },
        "rotation": {
            "pitch": -0.0006147170206531882,
            "yaw": 90.39070892333984,
            "roll": 0.0026129200123250484
        }
    },
    "camera_parameters": {
        "image_size_x": 1820,
        "image_size_y": 1240,
        "fov": 90,
        "sensor_tick": 0.1
    },
    "filtered_objects": {}
}