{
    "camera_transform": {
        "location": {
            "x": 154.8681182861328,
            "y": -185.1527099609375,
            "z": 2.1770076751708984
        },
        "rotation": {
            "pitch": -3.6304638385772705,
            "yaw": -89.0206298828125,
            "roll": -0.21820072829723358
        }
    },
    "camera_parameters": {
        "image_size_x": 1820,
        "image_size_y": 1240,
        "fov": 90,
        "sensor_tick": 0.1
    },
    "filtered_objects": {}
}