{
    "camera_transform": {
        "location": {
            "x": -84.64698028564453,
            "y": 74.94358825683594,
            "z": 2.974222421646118
        },
        "rotation": {
            "pitch": -0.42944130301475525,
            "yaw": 89.78713989257812,
            "roll": -9.156978921964765e-05
        }
    },
    "camera_parameters": {
        "image_size_x": 1820,
        "image_size_y": 1240,
        "fov": 90,
        "sensor_tick": 0.1
    },
    "filtered_objects": {}
}