{
    "camera_transform": {
        "location": {
            "x": -74.39403533935547,
            "y": -21.070247650146484,
            "z": 2.0014705657958984
        },
        "rotation": {
            "pitch": -0.6268269419670105,
            "yaw": -90.1529769897461,
            "roll": 0.0029588760808110237
        }
    },
    "camera_parameters": {
        "image_size_x": 1820,
        "image_size_y": 1240,
        "fov": 90,
        "sensor_tick": 0.1
    },
    "filtered_objects": {}
}