{
    "camera_transform": {
        "location": {
            "x": -4.4264655113220215,
            "y": -123.83793640136719,
            "z": 2.179842710494995
        },
        "rotation": {
            "pitch": 0.0,
            "yaw": 91.41352844238281,
            "roll": 0.0
        }
    },
    "camera_parameters": {
        "image_size_x": 1820,
        "image_size_y": 1240,
        "fov": 90,
        "sensor_tick": 0.1
    },
    "filtered_objects": {}
}