{
    "camera_transform": {
        "location": {
            "x": -85.1426773071289,
            "y": -90.43772888183594,
            "z": 1.4511407613754272
        },
        "rotation": {
            "pitch": -1.2184100151062012,
            "yaw": 89.84324645996094,
            "roll": 0.0061811176128685474
        }
    },
    "camera_parameters": {
        "image_size_x": 1820,
        "image_size_y": 1240,
        "fov": 90,
        "sensor_tick": 0.1
    },
    "filtered_objects": {}
}