{
    "camera_transform": {
        "location": {
            "x": 68.7994155883789,
            "y": -3.9403953552246094,
            "z": 2.1768503189086914
        },
        "rotation": {
            "pitch": -0.3510443866252899,
            "yaw": -179.1480255126953,
            "roll": -0.2727966010570526
        }
    },
    "camera_parameters": {
        "image_size_x": 1820,
        "image_size_y": 1240,
        "fov": 90,
        "sensor_tick": 0.1
    },
    "filtered_objects": {}
}