{
    "camera_transform": {
        "location": {
            "x": 5.046082973480225,
            "y": 52.88801956176758,
            "z": 2.1730682849884033
        },
        "rotation": {
            "pitch": -3.415094397496432e-05,
            "yaw": -88.8912353515625,
            "roll": 2.1080064470879734e-05
        }
    },
    "camera_parameters": {
        "image_size_x": 1820,
        "image_size_y": 1240,
        "fov": 90,
        "sensor_tick": 0.1
    },
    "filtered_objects": {}
}