{
    "camera_transform": {
        "location": {
            "x": 96.43289947509766,
            "y": -6.934460163116455,
            "z": 2.1732704639434814
        },
        "rotation": {
            "pitch": 6.830188794992864e-06,
            "yaw": -179.1441650390625,
            "roll": 0.0
        }
    },
    "camera_parameters": {
        "image_size_x": 1820,
        "image_size_y": 1240,
        "fov": 90,
        "sensor_tick": 0.1
    },
    "filtered_objects": {}
}