{
    "camera_transform": {
        "location": {
            "x": 231.2101287841797,
            "y": 16.76470947265625,
            "z": 2.1730847358703613
        },
        "rotation": {
            "pitch": 4.0981132769957185e-05,
            "yaw": 91.39320373535156,
            "roll": -3.0517578125e-05
        }
    },
    "camera_parameters": {
        "image_size_x": 1820,
        "image_size_y": 1240,
        "fov": 90,
        "sensor_tick": 0.1
    },
    "filtered_objects": {}
}