{
    "camera_transform": {
        "location": {
            "x": 232.91171264648438,
            "y": 84.66398620605469,
            "z": 2.307908535003662
        },
        "rotation": {
            "pitch": 0.6355149149894714,
            "yaw": 91.38999938964844,
            "roll": 0.02537408657371998
        }
    },
    "camera_parameters": {
        "image_size_x": 1820,
        "image_size_y": 1240,
        "fov": 90,
        "sensor_tick": 0.1
    },
    "filtered_objects": {}
}