{
    "camera_transform": {
        "location": {
            "x": -76.72383880615234,
            "y": 115.21620178222656,
            "z": 2.309300422668457
        },
        "rotation": {
            "pitch": 0.6645432114601135,
            "yaw": -106.7626724243164,
            "roll": -0.2504577934741974
        }
    },
    "camera_parameters": {
        "image_size_x": 1820,
        "image_size_y": 1240,
        "fov": 90,
        "sensor_tick": 0.1
    },
    "filtered_objects": {}
}