{
    "camera_transform": {
        "location": {
            "x": -88.04739379882812,
            "y": 69.33959197998047,
            "z": 3.0122079849243164
        },
        "rotation": {
            "pitch": 0.08347173780202866,
            "yaw": 89.78700256347656,
            "roll": -0.0003356934757903218
        }
    },
    "camera_parameters": {
        "image_size_x": 1820,
        "image_size_y": 1240,
        "fov": 90,
        "sensor_tick": 0.1
    },
    "filtered_objects": {}
}