{
    "camera_transform": {
        "location": {
            "x": 80.95435333251953,
            "y": -13.99386215209961,
            "z": 2.4041926860809326
        },
        "rotation": {
            "pitch": 1.1132934093475342,
            "yaw": -87.981201171875,
            "roll": -0.1632385551929474
        }
    },
    "camera_parameters": {
        "image_size_x": 1820,
        "image_size_y": 1240,
        "fov": 90,
        "sensor_tick": 0.1
    },
    "filtered_objects": {}
}