{
    "camera_transform": {
        "location": {
            "x": 99.65836334228516,
            "y": 4.346149444580078,
            "z": 2.179614305496216
        },
        "rotation": {
            "pitch": 0.0,
            "yaw": 0.8558229804039001,
            "roll": 0.0
        }
    },
    "camera_parameters": {
        "image_size_x": 1820,
        "image_size_y": 1240,
        "fov": 90,
        "sensor_tick": 0.1
    },
    "filtered_objects": {}
}