{
    "camera_transform": {
        "location": {
            "x": -6.55773401260376,
            "y": 46.00631332397461,
            "z": 2.1727347373962402
        },
        "rotation": {
            "pitch": 0.0,
            "yaw": 89.63743591308594,
            "roll": -6.103515625e-05
        }
    },
    "camera_parameters": {
        "image_size_x": 1820,
        "image_size_y": 1240,
        "fov": 90,
        "sensor_tick": 0.1
    },
    "filtered_objects": {}
}