{
    "camera_transform": {
        "location": {
            "x": -9.21175479888916,
            "y": 177.3771209716797,
            "z": 2.178406238555908
        },
        "rotation": {
            "pitch": 0.00026637734845280647,
            "yaw": 89.63774108886719,
            "roll": 1.2014268577331677e-05
        }
    },
    "camera_parameters": {
        "image_size_x": 1820,
        "image_size_y": 1240,
        "fov": 90,
        "sensor_tick": 0.1
    },
    "filtered_objects": {}
}