{
    "camera_transform": {
        "location": {
            "x": -148.9907989501953,
            "y": -33.535186767578125,
            "z": 2.1865408420562744
        },
        "rotation": {
            "pitch": -0.17620521783828735,
            "yaw": 90.02999877929688,
            "roll": -6.102508996264078e-05
        }
    },
    "camera_parameters": {
        "image_size_x": 1820,
        "image_size_y": 1240,
        "fov": 90,
        "sensor_tick": 0.1
    },
    "filtered_objects": {}
}