{
    "camera_transform": {
        "location": {
            "x": 234.26290893554688,
            "y": 29.993165969848633,
            "z": 2.179783821105957
        },
        "rotation": {
            "pitch": 0.00013660377589985728,
            "yaw": 91.39320373535156,
            "roll": 1.113139092012716e-07
        }
    },
    "camera_parameters": {
        "image_size_x": 1820,
        "image_size_y": 1240,
        "fov": 90,
        "sensor_tick": 0.1
    },
    "filtered_objects": {}
}