{
    "camera_transform": {
        "location": {
            "x": 42.88290023803711,
            "y": 13.40754222869873,
            "z": 2.1804444789886475
        },
        "rotation": {
            "pitch": -0.00012294339830987155,
            "yaw": -179.84078979492188,
            "roll": 0.000519747263751924
        }
    },
    "camera_parameters": {
        "image_size_x": 1820,
        "image_size_y": 1240,
        "fov": 90,
        "sensor_tick": 0.1
    },
    "filtered_objects": {}
}