{
    "camera_transform": {
        "location": {
            "x": -115.57930755615234,
            "y": 0.28839483857154846,
            "z": 2.1797730922698975
        },
        "rotation": {
            "pitch": 1.3660377589985728e-05,
            "yaw": 0.29463592171669006,
            "roll": 2.386200321780052e-05
        }
    },
    "camera_parameters": {
        "image_size_x": 1820,
        "image_size_y": 1240,
        "fov": 90,
        "sensor_tick": 0.1
    },
    "filtered_objects": {}
}