{
    "camera_transform": {
        "location": {
            "x": 103.480224609375,
            "y": -3.4348509311676025,
            "z": 2.172712564468384
        },
        "rotation": {
            "pitch": 0.0,
            "yaw": -179.1441650390625,
            "roll": 0.0
        }
    },
    "camera_parameters": {
        "image_size_x": 1820,
        "image_size_y": 1240,
        "fov": 90,
        "sensor_tick": 0.1
    },
    "filtered_objects": {}
}