{
    "camera_transform": {
        "location": {
            "x": 78.96858215332031,
            "y": 4.346149444580078,
            "z": 2.1730401515960693
        },
        "rotation": {
            "pitch": 0.0,
            "yaw": 0.8558231592178345,
            "roll": 0.0
        }
    },
    "camera_parameters": {
        "image_size_x": 1820,
        "image_size_y": 1240,
        "fov": 90,
        "sensor_tick": 0.1
    },
    "filtered_objects": {}
}