{
    "camera_transform": {
        "location": {
            "x": -33.82489776611328,
            "y": 131.29974365234375,
            "z": 2.179912567138672
        },
        "rotation": {
            "pitch": 0.0,
            "yaw": 178.70315551757812,
            "roll": 0.0
        }
    },
    "camera_parameters": {
        "image_size_x": 1820,
        "image_size_y": 1240,
        "fov": 90,
        "sensor_tick": 0.1
    },
    "filtered_objects": {}
}