{
    "camera_transform": {
        "location": {
            "x": 85.68370056152344,
            "y": -147.66775512695312,
            "z": 9.826483726501465
        },
        "rotation": {
            "pitch": -5.050234794616699,
            "yaw": -88.16608428955078,
            "roll": 0.16737812757492065
        }
    },
    "camera_parameters": {
        "image_size_x": 1820,
        "image_size_y": 1240,
        "fov": 90,
        "sensor_tick": 0.1
    },
    "filtered_objects": {}
}