{
    "camera_transform": {
        "location": {
            "x": 202.20285034179688,
            "y": 58.80682373046875,
            "z": 2.172410488128662
        },
        "rotation": {
            "pitch": 0.0,
            "yaw": 179.85252380371094,
            "roll": 0.0
        }
    },
    "camera_parameters": {
        "image_size_x": 1820,
        "image_size_y": 1240,
        "fov": 90,
        "sensor_tick": 0.1
    },
    "filtered_objects": {}
}