{
    "camera_transform": {
        "location": {
            "x": 82.49855041503906,
            "y": -181.0915985107422,
            "z": 2.0639374256134033
        },
        "rotation": {
            "pitch": -0.3402731716632843,
            "yaw": 90.52286529541016,
            "roll": 0.050741370767354965
        }
    },
    "camera_parameters": {
        "image_size_x": 1820,
        "image_size_y": 1240,
        "fov": 90,
        "sensor_tick": 0.1
    },
    "filtered_objects": {}
}