{
    "camera_transform": {
        "location": {
            "x": 24.9901065826416,
            "y": 207.49945068359375,
            "z": 2.179924488067627
        },
        "rotation": {
            "pitch": -3.415094397496432e-05,
            "yaw": -0.1430053561925888,
            "roll": -3.0517578125e-05
        }
    },
    "camera_parameters": {
        "image_size_x": 1820,
        "image_size_y": 1240,
        "fov": 90,
        "sensor_tick": 0.1
    },
    "filtered_objects": {}
}