{
    "camera_transform": {
        "location": {
            "x": -102.0820083618164,
            "y": -140.3937225341797,
            "z": 2.421638011932373
        },
        "rotation": {
            "pitch": 1.0853853225708008,
            "yaw": -178.7692108154297,
            "roll": 0.06443320959806442
        }
    },
    "camera_parameters": {
        "image_size_x": 1820,
        "image_size_y": 1240,
        "fov": 90,
        "sensor_tick": 0.1
    },
    "filtered_objects": {}
}