{
    "camera_transform": {
        "location": {
            "x": -10.839552879333496,
            "y": -61.02361297607422,
            "z": 2.180476188659668
        },
        "rotation": {
            "pitch": -0.00018441509746480733,
            "yaw": 0.5967380404472351,
            "roll": 0.0006645286921411753
        }
    },
    "camera_parameters": {
        "image_size_x": 1820,
        "image_size_y": 1240,
        "fov": 90,
        "sensor_tick": 0.1
    },
    "filtered_objects": {}
}