{
    "camera_transform": {
        "location": {
            "x": 244.3797149658203,
            "y": 61.77119445800781,
            "z": 2.184438467025757
        },
        "rotation": {
            "pitch": -0.11245223134756088,
            "yaw": -88.6065673828125,
            "roll": 0.06059269979596138
        }
    },
    "camera_parameters": {
        "image_size_x": 1820,
        "image_size_y": 1240,
        "fov": 90,
        "sensor_tick": 0.1
    },
    "filtered_objects": {}
}