{
    "camera_transform": {
        "location": {
            "x": 55.29001998901367,
            "y": 69.82804870605469,
            "z": 2.180518865585327
        },
        "rotation": {
            "pitch": -0.0005190943484194577,
            "yaw": 0.07327884435653687,
            "roll": 0.003289266722276807
        }
    },
    "camera_parameters": {
        "image_size_x": 1820,
        "image_size_y": 1240,
        "fov": 90,
        "sensor_tick": 0.1
    },
    "filtered_objects": {}
}