{
    "camera_transform": {
        "location": {
            "x": -99.38735961914062,
            "y": 20.8571720123291,
            "z": 2.1797125339508057
        },
        "rotation": {
            "pitch": -0.14807166159152985,
            "yaw": 134.6643524169922,
            "roll": 0.08194775134325027
        }
    },
    "camera_parameters": {
        "image_size_x": 1820,
        "image_size_y": 1240,
        "fov": 90,
        "sensor_tick": 0.1
    },
    "filtered_objects": {}
}