{
    "camera_transform": {
        "location": {
            "x": 76.965576171875,
            "y": -141.2869415283203,
            "z": 10.27239990234375
        },
        "rotation": {
            "pitch": -0.15332408249378204,
            "yaw": 28.624460220336914,
            "roll": 1.6047483682632446
        }
    },
    "camera_parameters": {
        "image_size_x": 1820,
        "image_size_y": 1240,
        "fov": 90,
        "sensor_tick": 0.1
    },
    "filtered_objects": {}
}