{
    "camera_transform": {
        "location": {
            "x": 70.04550170898438,
            "y": 85.60635375976562,
            "z": 61.355751037597656
        },
        "rotation": {
            "pitch": -19.684078216552734,
            "yaw": -18.903446197509766,
            "roll": -36.346614837646484
        }
    },
    "camera_parameters": {
        "image_size_x": 1820,
        "image_size_y": 1240,
        "fov": 90,
        "sensor_tick": 0.1
    },
    "filtered_objects": {}
}