{
    "camera_transform": {
        "location": {
            "x": 41.38999938964844,
            "y": 206.39999389648438,
            "z": 2.3996264934539795
        },
        "rotation": {
            "pitch": 0.0,
            "yaw": 89.99995422363281,
            "roll": 0.0
        }
    },
    "camera_parameters": {
        "image_size_x": 1820,
        "image_size_y": 1240,
        "fov": 90,
        "sensor_tick": 0.1
    },
    "filtered_objects": {}
}