{
    "camera_transform": {
        "location": {
            "x": 84.2723617553711,
            "y": -107.69013214111328,
            "z": 10.172134399414062
        },
        "rotation": {
            "pitch": 0.0,
            "yaw": -87.97588348388672,
            "roll": 0.0
        }
    },
    "camera_parameters": {
        "image_size_x": 1820,
        "image_size_y": 1240,
        "fov": 90,
        "sensor_tick": 0.1
    },
    "filtered_objects": {}
}