{
    "camera_transform": {
        "location": {
            "x": -83.27847290039062,
            "y": -22.133188247680664,
            "z": 0.7191401720046997
        },
        "rotation": {
            "pitch": 3.266298770904541,
            "yaw": 110.24211883544922,
            "roll": 146.35435485839844
        }
    },
    "camera_parameters": {
        "image_size_x": 1820,
        "image_size_y": 1240,
        "fov": 90,
        "sensor_tick": 0.1
    },
    "filtered_objects": {}
}