{
    "camera_transform": {
        "location": {
            "x": -77.69391632080078,
            "y": 65.85747528076172,
            "z": 3.011045455932617
        },
        "rotation": {
            "pitch": 0.0407215841114521,
            "yaw": -90.15666961669922,
            "roll": -9.155389852821827e-05
        }
    },
    "camera_parameters": {
        "image_size_x": 1820,
        "image_size_y": 1240,
        "fov": 90,
        "sensor_tick": 0.1
    },
    "filtered_objects": {}
}