{
    "camera_transform": {
        "location": {
            "x": 1.546735167503357,
            "y": 59.520301818847656,
            "z": 2.172656297683716
        },
        "rotation": {
            "pitch": 0.0,
            "yaw": -88.8912353515625,
            "roll": 0.0
        }
    },
    "camera_parameters": {
        "image_size_x": 1820,
        "image_size_y": 1240,
        "fov": 90,
        "sensor_tick": 0.1
    },
    "filtered_objects": {}
}