{
    "camera_transform": {
        "location": {
            "x": -77.89495849609375,
            "y": -10.64955997467041,
            "z": 2.1196975708007812
        },
        "rotation": {
            "pitch": -0.23043690621852875,
            "yaw": -90.15703582763672,
            "roll": -0.022949213162064552
        }
    },
    "camera_parameters": {
        "image_size_x": 1820,
        "image_size_y": 1240,
        "fov": 90,
        "sensor_tick": 0.1
    },
    "filtered_objects": {}
}