{
    "camera_transform": {
        "location": {
            "x": -16.384366989135742,
            "y": 169.2093505859375,
            "z": 2.179776191711426
        },
        "rotation": {
            "pitch": 0.0,
            "yaw": 168.89999389648438,
            "roll": 1.5817782696103677e-05
        }
    },
    "camera_parameters": {
        "image_size_x": 1820,
        "image_size_y": 1240,
        "fov": 90,
        "sensor_tick": 0.1
    },
    "filtered_objects": {}
}