{
    "camera_transform": {
        "location": {
            "x": 81.2751235961914,
            "y": -121.97698211669922,
            "z": 10.179146766662598
        },
        "rotation": {
            "pitch": -0.05160890519618988,
            "yaw": 92.02481079101562,
            "roll": -0.002044678432866931
        }
    },
    "camera_parameters": {
        "image_size_x": 1820,
        "image_size_y": 1240,
        "fov": 90,
        "sensor_tick": 0.1
    },
    "filtered_objects": {}
}