{
    "camera_transform": {
        "location": {
            "x": -77.99082946777344,
            "y": -32.76642608642578,
            "z": 1.8569031953811646
        },
        "rotation": {
            "pitch": -0.8493613004684448,
            "yaw": -90.1566162109375,
            "roll": 0.0022042053751647472
        }
    },
    "camera_parameters": {
        "image_size_x": 1820,
        "image_size_y": 1240,
        "fov": 90,
        "sensor_tick": 0.1
    },
    "filtered_objects": {}
}