{
    "camera_transform": {
        "location": {
            "x": 304.89813232421875,
            "y": 195.57073974609375,
            "z": 2.1800873279571533
        },
        "rotation": {
            "pitch": 0.0,
            "yaw": 179.999755859375,
            "roll": 0.0
        }
    },
    "camera_parameters": {
        "image_size_x": 1820,
        "image_size_y": 1240,
        "fov": 90,
        "sensor_tick": 0.1
    },
    "filtered_objects": {}
}