{
    "camera_transform": {
        "location": {
            "x": 1.4751336574554443,
            "y": 44.71134567260742,
            "z": 2.1799514293670654
        },
        "rotation": {
            "pitch": 0.0,
            "yaw": -88.8912353515625,
            "roll": 0.0
        }
    },
    "camera_parameters": {
        "image_size_x": 1820,
        "image_size_y": 1240,
        "fov": 90,
        "sensor_tick": 0.1
    },
    "filtered_objects": {}
}