{
    "camera_transform": {
        "location": {
            "x": 142.2559356689453,
            "y": -135.22479248046875,
            "z": 10.172079086303711
        },
        "rotation": {
            "pitch": 6.830188794992864e-06,
            "yaw": -178.77268981933594,
            "roll": -3.0517576306010596e-05
        }
    },
    "camera_parameters": {
        "image_size_x": 1820,
        "image_size_y": 1240,
        "fov": 90,
        "sensor_tick": 0.1
    },
    "filtered_objects": {}
}