{
    "camera_transform": {
        "location": {
            "x": 109.54225158691406,
            "y": 87.33677673339844,
            "z": 2.1801607608795166
        },
        "rotation": {
            "pitch": -3.415094397496432e-05,
            "yaw": -89.6092529296875,
            "roll": 0.004290391691029072
        }
    },
    "camera_parameters": {
        "image_size_x": 1820,
        "image_size_y": 1240,
        "fov": 90,
        "sensor_tick": 0.1
    },
    "filtered_objects": {}
}