{
    "camera_transform": {
        "location": {
            "x": -115.57931518554688,
            "y": 0.2883870601654053,
            "z": 2.1797800064086914
        },
        "rotation": {
            "pitch": 0.0,
            "yaw": 0.2946079969406128,
            "roll": 0.0
        }
    },
    "camera_parameters": {
        "image_size_x": 1820,
        "image_size_y": 1240,
        "fov": 90,
        "sensor_tick": 0.1
    },
    "filtered_objects": {}
}