{
    "camera_transform": {
        "location": {
            "x": -6.46100378036499,
            "y": 58.87802505493164,
            "z": 2.1782565116882324
        },
        "rotation": {
            "pitch": 0.00022539623023476452,
            "yaw": 89.63750457763672,
            "roll": 7.981604721862823e-05
        }
    },
    "camera_parameters": {
        "image_size_x": 1820,
        "image_size_y": 1240,
        "fov": 90,
        "sensor_tick": 0.1
    },
    "filtered_objects": {}
}