{
    "camera_transform": {
        "location": {
            "x": -84.79956817626953,
            "y": 29.508258819580078,
            "z": 2.2719922065734863
        },
        "rotation": {
            "pitch": 0.37585845589637756,
            "yaw": 89.84520721435547,
            "roll": 0.003947440534830093
        }
    },
    "camera_parameters": {
        "image_size_x": 1820,
        "image_size_y": 1240,
        "fov": 90,
        "sensor_tick": 0.1
    },
    "filtered_objects": {}
}