{
    "camera_transform": {
        "location": {
            "x": -85.13484954833984,
            "y": 147.04278564453125,
            "z": 2.1793065071105957
        },
        "rotation": {
            "pitch": -0.1409272849559784,
            "yaw": 89.78766632080078,
            "roll": 1.1939526984861004e-06
        }
    },
    "camera_parameters": {
        "image_size_x": 1820,
        "image_size_y": 1240,
        "fov": 90,
        "sensor_tick": 0.1
    },
    "filtered_objects": {}
}