{
    "camera_transform": {
        "location": {
            "x": -45.316307067871094,
            "y": -4.194404602050781,
            "z": 2.180450677871704
        },
        "rotation": {
            "pitch": -0.0005805660621263087,
            "yaw": -90.16118621826172,
            "roll": 0.003885896410793066
        }
    },
    "camera_parameters": {
        "image_size_x": 1820,
        "image_size_y": 1240,
        "fov": 90,
        "sensor_tick": 0.1
    },
    "filtered_objects": {}
}