{
    "camera_transform": {
        "location": {
            "x": -85.03553771972656,
            "y": -51.59836959838867,
            "z": 1.5808947086334229
        },
        "rotation": {
            "pitch": 0.8485758304595947,
            "yaw": 89.84345245361328,
            "roll": 0.003461817977949977
        }
    },
    "camera_parameters": {
        "image_size_x": 1820,
        "image_size_y": 1240,
        "fov": 90,
        "sensor_tick": 0.1
    },
    "filtered_objects": {}
}