{
    "camera_transform": {
        "location": {
            "x": -88.45187377929688,
            "y": -31.090280532836914,
            "z": 1.8814060688018799
        },
        "rotation": {
            "pitch": 0.8485075235366821,
            "yaw": 89.84355163574219,
            "roll": 0.005219476763159037
        }
    },
    "camera_parameters": {
        "image_size_x": 1820,
        "image_size_y": 1240,
        "fov": 90,
        "sensor_tick": 0.1
    },
    "filtered_objects": {}
}