{
    "camera_transform": {
        "location": {
            "x": 79.4166259765625,
            "y": -69.0889663696289,
            "z": 9.993003845214844
        },
        "rotation": {
            "pitch": -0.9091801047325134,
            "yaw": 92.04019165039062,
            "roll": -0.2611083388328552
        }
    },
    "camera_parameters": {
        "image_size_x": 1820,
        "image_size_y": 1240,
        "fov": 90,
        "sensor_tick": 0.1
    },
    "filtered_objects": {}
}