{
    "camera_transform": {
        "location": {
            "x": 15.672234535217285,
            "y": 17.250747680664062,
            "z": 2.1797587871551514
        },
        "rotation": {
            "pitch": 0.0,
            "yaw": -38.796974182128906,
            "roll": 0.0
        }
    },
    "camera_parameters": {
        "image_size_x": 1820,
        "image_size_y": 1240,
        "fov": 90,
        "sensor_tick": 0.1
    },
    "filtered_objects": {}
}