{
    "camera_transform": {
        "location": {
            "x": -9.424566268920898,
            "y": 147.5234375,
            "z": 2.1779215335845947
        },
        "rotation": {
            "pitch": -0.00012294339830987155,
            "yaw": 89.63777160644531,
            "roll": 0.00017519888933748007
        }
    },
    "camera_parameters": {
        "image_size_x": 1820,
        "image_size_y": 1240,
        "fov": 90,
        "sensor_tick": 0.1
    },
    "filtered_objects": {}
}