{
    "camera_transform": {
        "location": {
            "x": 55.2899169921875,
            "y": 69.82725524902344,
            "z": 2.18032169342041
        },
        "rotation": {
            "pitch": -0.00018441509746480733,
            "yaw": 0.0732833668589592,
            "roll": 0.002607000293210149
        }
    },
    "camera_parameters": {
        "image_size_x": 1820,
        "image_size_y": 1240,
        "fov": 90,
        "sensor_tick": 0.1
    },
    "filtered_objects": {}
}