{
    "camera_transform": {
        "location": {
            "x": 15.672496795654297,
            "y": 17.248899459838867,
            "z": 2.1676063537597656
        },
        "rotation": {
            "pitch": -0.044799208641052246,
            "yaw": -38.79690933227539,
            "roll": -0.040863037109375
        }
    },
    "camera_parameters": {
        "image_size_x": 1820,
        "image_size_y": 1240,
        "fov": 90,
        "sensor_tick": 0.1
    },
    "filtered_objects": {}
}