{
    "camera_transform": {
        "location": {
            "x": -148.99078369140625,
            "y": -33.535194396972656,
            "z": 2.187021493911743
        },
        "rotation": {
            "pitch": -0.17608226835727692,
            "yaw": 90.030029296875,
            "roll": -9.154764120467007e-05
        }
    },
    "camera_parameters": {
        "image_size_x": 1820,
        "image_size_y": 1240,
        "fov": 90,
        "sensor_tick": 0.1
    },
    "filtered_objects": {}
}