{
    "camera_transform": {
        "location": {
            "x": 2.209434986114502,
            "y": 162.2191162109375,
            "z": 2.182278633117676
        },
        "rotation": {
            "pitch": 0.060850150883197784,
            "yaw": -90.29654693603516,
            "roll": -0.1481323540210724
        }
    },
    "camera_parameters": {
        "image_size_x": 1820,
        "image_size_y": 1240,
        "fov": 90,
        "sensor_tick": 0.1
    },
    "filtered_objects": {}
}