{
    "camera_transform": {
        "location": {
            "x": -119.73322296142578,
            "y": 35.75065231323242,
            "z": 2.179854154586792
        },
        "rotation": {
            "pitch": 1.3660377589985728e-05,
            "yaw": 134.6766815185547,
            "roll": 4.644137334253173e-06
        }
    },
    "camera_parameters": {
        "image_size_x": 1820,
        "image_size_y": 1240,
        "fov": 90,
        "sensor_tick": 0.1
    },
    "filtered_objects": {}
}