{
    "camera_transform": {
        "location": {
            "x": -84.94847106933594,
            "y": -20.7966251373291,
            "z": 2.0235586166381836
        },
        "rotation": {
            "pitch": 0.7432065010070801,
            "yaw": 89.84346771240234,
            "roll": -0.0014343000948429108
        }
    },
    "camera_parameters": {
        "image_size_x": 1820,
        "image_size_y": 1240,
        "fov": 90,
        "sensor_tick": 0.1
    },
    "filtered_objects": {}
}