{
    "camera_transform": {
        "location": {
            "x": 68.01630401611328,
            "y": 7.845765590667725,
            "z": 2.179888963699341
        },
        "rotation": {
            "pitch": 0.0,
            "yaw": 0.855840265750885,
            "roll": 5.4944477597018704e-05
        }
    },
    "camera_parameters": {
        "image_size_x": 1820,
        "image_size_y": 1240,
        "fov": 90,
        "sensor_tick": 0.1
    },
    "filtered_objects": {}
}