{
    "camera_transform": {
        "location": {
            "x": 28.78376579284668,
            "y": -207.28387451171875,
            "z": 2.1799135208129883
        },
        "rotation": {
            "pitch": 0.0,
            "yaw": -178.5604705810547,
            "roll": -3.0517578125e-05
        }
    },
    "camera_parameters": {
        "image_size_x": 1820,
        "image_size_y": 1240,
        "fov": 90,
        "sensor_tick": 0.1
    },
    "filtered_objects": {}
}