{
    "camera_transform": {
        "location": {
            "x": -52.55075454711914,
            "y": 0.6185451149940491,
            "z": 2.179830312728882
        },
        "rotation": {
            "pitch": -6.147169915493578e-05,
            "yaw": 1.6669436693191528,
            "roll": 3.853388932384405e-07
        }
    },
    "camera_parameters": {
        "image_size_x": 1820,
        "image_size_y": 1240,
        "fov": 90,
        "sensor_tick": 0.1
    },
    "filtered_objects": {}
}