{
    "camera_transform": {
        "location": {
            "x": 53.17610168457031,
            "y": -206.6709747314453,
            "z": 2.1798322200775146
        },
        "rotation": {
            "pitch": 0.0,
            "yaw": -178.5604705810547,
            "roll": 0.0
        }
    },
    "camera_parameters": {
        "image_size_x": 1820,
        "image_size_y": 1240,
        "fov": 90,
        "sensor_tick": 0.1
    },
    "filtered_objects": {}
}