{
    "camera_transform": {
        "location": {
            "x": -22.303585052490234,
            "y": -208.8674774169922,
            "z": 2.1782989501953125
        },
        "rotation": {
            "pitch": -0.0005190943484194577,
            "yaw": -178.405517578125,
            "roll": 0.0001574709895066917
        }
    },
    "camera_parameters": {
        "image_size_x": 1820,
        "image_size_y": 1240,
        "fov": 90,
        "sensor_tick": 0.1
    },
    "filtered_objects": {}
}