{
    "camera_transform": {
        "location": {
            "x": -149.04710388183594,
            "y": 110.20552825927734,
            "z": 2.179918050765991
        },
        "rotation": {
            "pitch": 0.0,
            "yaw": 89.62203216552734,
            "roll": 0.0
        }
    },
    "camera_parameters": {
        "image_size_x": 1820,
        "image_size_y": 1240,
        "fov": 90,
        "sensor_tick": 0.1
    },
    "filtered_objects": {}
}