{
    "camera_transform": {
        "location": {
            "x": -74.47824096679688,
            "y": -150.9288787841797,
            "z": 2.180926561355591
        },
        "rotation": {
            "pitch": 0.09718675911426544,
            "yaw": -88.43505096435547,
            "roll": 0.001042308984324336
        }
    },
    "camera_parameters": {
        "image_size_x": 1820,
        "image_size_y": 1240,
        "fov": 90,
        "sensor_tick": 0.1
    },
    "filtered_objects": {}
}