{
    "camera_transform": {
        "location": {
            "x": 4.166253089904785,
            "y": -48.61519241333008,
            "z": 2.179964780807495
        },
        "rotation": {
            "pitch": 0.0,
            "yaw": -88.58641815185547,
            "roll": 0.0
        }
    },
    "camera_parameters": {
        "image_size_x": 1820,
        "image_size_y": 1240,
        "fov": 90,
        "sensor_tick": 0.1
    },
    "filtered_objects": {}
}