{
    "camera_transform": {
        "location": {
            "x": 19.32571029663086,
            "y": -134.35899353027344,
            "z": 2.2736260890960693
        },
        "rotation": {
            "pitch": 1.371003270149231,
            "yaw": 1.2498639822006226,
            "roll": -0.010498047806322575
        }
    },
    "camera_parameters": {
        "image_size_x": 1820,
        "image_size_y": 1240,
        "fov": 90,
        "sensor_tick": 0.1
    },
    "filtered_objects": {}
}