{
    "camera_transform": {
        "location": {
            "x": -19.771512985229492,
            "y": 141.625244140625,
            "z": 2.3517231941223145
        },
        "rotation": {
            "pitch": 2.3890907764434814,
            "yaw": 124.49010467529297,
            "roll": -0.05838014557957649
        }
    },
    "camera_parameters": {
        "image_size_x": 1820,
        "image_size_y": 1240,
        "fov": 90,
        "sensor_tick": 0.1
    },
    "filtered_objects": {}
}