{
    "camera_transform": {
        "location": {
            "x": -74.39248657226562,
            "y": 39.45161437988281,
            "z": 2.4701907634735107
        },
        "rotation": {
            "pitch": -1.5331997871398926,
            "yaw": -90.1570053100586,
            "roll": 0.004362370818853378
        }
    },
    "camera_parameters": {
        "image_size_x": 1820,
        "image_size_y": 1240,
        "fov": 90,
        "sensor_tick": 0.1
    },
    "filtered_objects": {}
}