{
    "camera_transform": {
        "location": {
            "x": 1.9150354862213135,
            "y": 106.5985336303711,
            "z": 2.173111915588379
        },
        "rotation": {
            "pitch": 0.0,
            "yaw": -90.36254119873047,
            "roll": 0.0
        }
    },
    "camera_parameters": {
        "image_size_x": 1820,
        "image_size_y": 1240,
        "fov": 90,
        "sensor_tick": 0.1
    },
    "filtered_objects": {}
}