{
    "camera_transform": {
        "location": {
            "x": 224.75767517089844,
            "y": -1.6232376098632812,
            "z": 2.179724931716919
        },
        "rotation": {
            "pitch": 0.0,
            "yaw": -179.1442108154297,
            "roll": 0.0
        }
    },
    "camera_parameters": {
        "image_size_x": 1820,
        "image_size_y": 1240,
        "fov": 90,
        "sensor_tick": 0.1
    },
    "filtered_objects": {}
}