{
    "camera_transform": {
        "location": {
            "x": -5.903106689453125,
            "y": 105.27664184570312,
            "z": 2.184103012084961
        },
        "rotation": {
            "pitch": 0.058452755212783813,
            "yaw": 89.63737487792969,
            "roll": -0.1469726413488388
        }
    },
    "camera_parameters": {
        "image_size_x": 1820,
        "image_size_y": 1240,
        "fov": 90,
        "sensor_tick": 0.1
    },
    "filtered_objects": {}
}