{
    "camera_transform": {
        "location": {
            "x": -88.64041900634766,
            "y": -100.72513580322266,
            "z": 1.6786020994186401
        },
        "rotation": {
            "pitch": -1.323813557624817,
            "yaw": 89.8427963256836,
            "roll": 0.0023738041054457426
        }
    },
    "camera_parameters": {
        "image_size_x": 1820,
        "image_size_y": 1240,
        "fov": 90,
        "sensor_tick": 0.1
    },
    "filtered_objects": {}
}