{
    "camera_transform": {
        "location": {
            "x": 80.95478820800781,
            "y": -13.993657112121582,
            "z": 2.404630422592163
        },
        "rotation": {
            "pitch": 1.1144955158233643,
            "yaw": -87.97567749023438,
            "roll": -0.1630859225988388
        }
    },
    "camera_parameters": {
        "image_size_x": 1820,
        "image_size_y": 1240,
        "fov": 90,
        "sensor_tick": 0.1
    },
    "filtered_objects": {}
}