{
    "camera_transform": {
        "location": {
            "x": 61.76314163208008,
            "y": -7.453542232513428,
            "z": 2.1806204319000244
        },
        "rotation": {
            "pitch": -0.0005532453069463372,
            "yaw": -179.14414978027344,
            "roll": 0.0017135969828814268
        }
    },
    "camera_parameters": {
        "image_size_x": 1820,
        "image_size_y": 1240,
        "fov": 90,
        "sensor_tick": 0.1
    },
    "filtered_objects": {}
}