{
    "camera_transform": {
        "location": {
            "x": 239.26499938964844,
            "y": 113.26056671142578,
            "z": 2.7354719638824463
        },
        "rotation": {
            "pitch": -1.1963485479354858,
            "yaw": -88.60604858398438,
            "roll": -3.0475688618025742e-05
        }
    },
    "camera_parameters": {
        "image_size_x": 1820,
        "image_size_y": 1240,
        "fov": 90,
        "sensor_tick": 0.1
    },
    "filtered_objects": {}
}