{
    "camera_transform": {
        "location": {
            "x": -77.97685241699219,
            "y": -160.12799072265625,
            "z": 2.1798200607299805
        },
        "rotation": {
            "pitch": 0.0,
            "yaw": -88.4346923828125,
            "roll": 0.0
        }
    },
    "camera_parameters": {
        "image_size_x": 1820,
        "image_size_y": 1240,
        "fov": 90,
        "sensor_tick": 0.1
    },
    "filtered_objects": {}
}