{
    "camera_transform": {
        "location": {
            "x": 102.30006408691406,
            "y": 82.91460418701172,
            "z": 2.1804771423339844
        },
        "rotation": {
            "pitch": -0.00021856604143977165,
            "yaw": 90.39067840576172,
            "roll": 0.0008709856192581356
        }
    },
    "camera_parameters": {
        "image_size_x": 1820,
        "image_size_y": 1240,
        "fov": 90,
        "sensor_tick": 0.1
    },
    "filtered_objects": {}
}