{
    "camera_transform": {
        "location": {
            "x": -74.39391326904297,
            "y": 97.24321746826172,
            "z": 2.5939581394195557
        },
        "rotation": {
            "pitch": 1.0224109888076782,
            "yaw": -90.15597534179688,
            "roll": 0.0
        }
    },
    "camera_parameters": {
        "image_size_x": 1820,
        "image_size_y": 1240,
        "fov": 90,
        "sensor_tick": 0.1
    },
    "filtered_objects": {}
}