{
    "camera_transform": {
        "location": {
            "x": -88.24540710449219,
            "y": 108.73347473144531,
            "z": 2.39670991897583
        },
        "rotation": {
            "pitch": -0.9403667449951172,
            "yaw": 89.7874526977539,
            "roll": 0.0014934511855244637
        }
    },
    "camera_parameters": {
        "image_size_x": 1820,
        "image_size_y": 1240,
        "fov": 90,
        "sensor_tick": 0.1
    },
    "filtered_objects": {}
}