{
    "camera_transform": {
        "location": {
            "x": -99.3878402709961,
            "y": 20.856718063354492,
            "z": 2.179957628250122
        },
        "rotation": {
            "pitch": -0.14757989346981049,
            "yaw": 134.66531372070312,
            "roll": 0.08061959594488144
        }
    },
    "camera_parameters": {
        "image_size_x": 1820,
        "image_size_y": 1240,
        "fov": 90,
        "sensor_tick": 0.1
    },
    "filtered_objects": {}
}