{
    "camera_transform": {
        "location": {
            "x": 403.3729553222656,
            "y": 41.767982482910156,
            "z": 2.180077314376831
        },
        "rotation": {
            "pitch": 0.0,
            "yaw": -0.02789306640625,
            "roll": 0.0
        }
    },
    "camera_parameters": {
        "image_size_x": 1820,
        "image_size_y": 1240,
        "fov": 90,
        "sensor_tick": 0.1
    },
    "filtered_objects": {}
}