{
    "camera_transform": {
        "location": {
            "x": 18.139894485473633,
            "y": -197.04830932617188,
            "z": 2.1728034019470215
        },
        "rotation": {
            "pitch": 0.0,
            "yaw": 1.4395465850830078,
            "roll": 0.0
        }
    },
    "camera_parameters": {
        "image_size_x": 1820,
        "image_size_y": 1240,
        "fov": 90,
        "sensor_tick": 0.1
    },
    "filtered_objects": {}
}