{
    "camera_transform": {
        "location": {
            "x": -69.294189453125,
            "y": 12.991312980651855,
            "z": 2.1805691719055176
        },
        "rotation": {
            "pitch": -6.147169915493578e-05,
            "yaw": -179.84075927734375,
            "roll": 0.0001735731348162517
        }
    },
    "camera_parameters": {
        "image_size_x": 1820,
        "image_size_y": 1240,
        "fov": 90,
        "sensor_tick": 0.1
    },
    "filtered_objects": {}
}