{
    "camera_transform": {
        "location": {
            "x": 167.17713928222656,
            "y": 73.63091278076172,
            "z": 2.291341543197632
        },
        "rotation": {
            "pitch": 0.3103227913379669,
            "yaw": 89.98921203613281,
            "roll": -0.09512326866388321
        }
    },
    "camera_parameters": {
        "image_size_x": 1820,
        "image_size_y": 1240,
        "fov": 90,
        "sensor_tick": 0.1
    },
    "filtered_objects": {}
}