{
    "camera_transform": {
        "location": {
            "x": -44.96567916870117,
            "y": 135.0346221923828,
            "z": 2.1727287769317627
        },
        "rotation": {
            "pitch": 0.0,
            "yaw": -1.29681396484375,
            "roll": 0.0
        }
    },
    "camera_parameters": {
        "image_size_x": 1820,
        "image_size_y": 1240,
        "fov": 90,
        "sensor_tick": 0.1
    },
    "filtered_objects": {}
}