{
    "camera_transform": {
        "location": {
            "x": 122.77011108398438,
            "y": 48.75855255126953,
            "z": 2.179248809814453
        },
        "rotation": {
            "pitch": 0.0,
            "yaw": -0.0539550743997097,
            "roll": 0.0
        }
    },
    "camera_parameters": {
        "image_size_x": 1820,
        "image_size_y": 1240,
        "fov": 90,
        "sensor_tick": 0.1
    },
    "filtered_objects": {}
}