{
    "camera_transform": {
        "location": {
            "x": -84.55733489990234,
            "y": 99.15939331054688,
            "z": 2.5597448348999023
        },
        "rotation": {
            "pitch": -1.023216962814331,
            "yaw": 89.78703308105469,
            "roll": 0.001050789374858141
        }
    },
    "camera_parameters": {
        "image_size_x": 1820,
        "image_size_y": 1240,
        "fov": 90,
        "sensor_tick": 0.1
    },
    "filtered_objects": {}
}