{
    "camera_transform": {
        "location": {
            "x": 178.44456481933594,
            "y": 62.35085678100586,
            "z": 2.176797866821289
        },
        "rotation": {
            "pitch": -0.28231900930404663,
            "yaw": -0.1104736179113388,
            "roll": -0.4109801948070526
        }
    },
    "camera_parameters": {
        "image_size_x": 1820,
        "image_size_y": 1240,
        "fov": 90,
        "sensor_tick": 0.1
    },
    "filtered_objects": {}
}