{
    "camera_transform": {
        "location": {
            "x": 2.1645126342773438,
            "y": 157.039306640625,
            "z": 2.1792891025543213
        },
        "rotation": {
            "pitch": -0.058439094573259354,
            "yaw": -90.36251831054688,
            "roll": -0.1191101148724556
        }
    },
    "camera_parameters": {
        "image_size_x": 1820,
        "image_size_y": 1240,
        "fov": 90,
        "sensor_tick": 0.1
    },
    "filtered_objects": {}
}