{
    "camera_transform": {
        "location": {
            "x": -87.38579559326172,
            "y": 27.941478729248047,
            "z": 2.1804397106170654
        },
        "rotation": {
            "pitch": -9.56226431299001e-05,
            "yaw": 0.15918688476085663,
            "roll": 0.0003821022983174771
        }
    },
    "camera_parameters": {
        "image_size_x": 1820,
        "image_size_y": 1240,
        "fov": 90,
        "sensor_tick": 0.1
    },
    "filtered_objects": {}
}