{
    "camera_transform": {
        "location": {
            "x": -6.557741641998291,
            "y": 46.00631332397461,
            "z": 2.179856538772583
        },
        "rotation": {
            "pitch": 1.3660377589985728e-05,
            "yaw": 89.63748168945312,
            "roll": 0.0
        }
    },
    "camera_parameters": {
        "image_size_x": 1820,
        "image_size_y": 1240,
        "fov": 90,
        "sensor_tick": 0.1
    },
    "filtered_objects": {}
}