{
    "camera_transform": {
        "location": {
            "x": 46.92374038696289,
            "y": 7.2216339111328125,
            "z": 2.179636240005493
        },
        "rotation": {
            "pitch": 1.3660377589985728e-05,
            "yaw": 0.855800986289978,
            "roll": 0.0
        }
    },
    "camera_parameters": {
        "image_size_x": 1820,
        "image_size_y": 1240,
        "fov": 90,
        "sensor_tick": 0.1
    },
    "filtered_objects": {}
}