{
    "camera_transform": {
        "location": {
            "x": -88.5355453491211,
            "y": -61.886566162109375,
            "z": 1.429369330406189
        },
        "rotation": {
            "pitch": 0.767638087272644,
            "yaw": 89.8436508178711,
            "roll": 0.0033574458211660385
        }
    },
    "camera_parameters": {
        "image_size_x": 1820,
        "image_size_y": 1240,
        "fov": 90,
        "sensor_tick": 0.1
    },
    "filtered_objects": {}
}