{
    "camera_transform": {
        "location": {
            "x": -88.7040786743164,
            "y": -117.04057312011719,
            "z": 2.0158634185791016
        },
        "rotation": {
            "pitch": -0.7534791231155396,
            "yaw": 89.84351348876953,
            "roll": 0.0
        }
    },
    "camera_parameters": {
        "image_size_x": 1820,
        "image_size_y": 1240,
        "fov": 90,
        "sensor_tick": 0.1
    },
    "filtered_objects": {}
}