{
    "camera_transform": {
        "location": {
            "x": -74.38404846191406,
            "y": 23.224140167236328,
            "z": 2.23510479927063
        },
        "rotation": {
            "pitch": -0.2938210666179657,
            "yaw": -90.14855194091797,
            "roll": 0.2578331232070923
        }
    },
    "camera_parameters": {
        "image_size_x": 1820,
        "image_size_y": 1240,
        "fov": 90,
        "sensor_tick": 0.1
    },
    "filtered_objects": {}
}