{
    "camera_transform": {
        "location": {
            "x": 137.11276245117188,
            "y": -204.5886688232422,
            "z": 2.178347587585449
        },
        "rotation": {
            "pitch": -0.00018441509746480733,
            "yaw": -178.56094360351562,
            "roll": 8.401268860325217e-05
        }
    },
    "camera_parameters": {
        "image_size_x": 1820,
        "image_size_y": 1240,
        "fov": 90,
        "sensor_tick": 0.1
    },
    "filtered_objects": {}
}