{
    "camera_transform": {
        "location": {
            "x": -0.24883703887462616,
            "y": 79.19121551513672,
            "z": 2.2444489002227783
        },
        "rotation": {
            "pitch": 2.7320755179971457e-05,
            "yaw": -83.19981384277344,
            "roll": 5.520369052886963
        }
    },
    "camera_parameters": {
        "image_size_x": 1820,
        "image_size_y": 1240,
        "fov": 90,
        "sensor_tick": 0.1
    },
    "filtered_objects": {}
}