{
    "camera_transform": {
        "location": {
            "x": -9.932615280151367,
            "y": 72.55974578857422,
            "z": 2.179624080657959
        },
        "rotation": {
            "pitch": 6.830188794992864e-06,
            "yaw": 89.63743591308594,
            "roll": 0.0
        }
    },
    "camera_parameters": {
        "image_size_x": 1820,
        "image_size_y": 1240,
        "fov": 90,
        "sensor_tick": 0.1
    },
    "filtered_objects": {}
}