{
    "camera_transform": {
        "location": {
            "x": -116.54039001464844,
            "y": 37.64177322387695,
            "z": 2.179748058319092
        },
        "rotation": {
            "pitch": 0.0,
            "yaw": 134.67672729492188,
            "roll": 0.0
        }
    },
    "camera_parameters": {
        "image_size_x": 1820,
        "image_size_y": 1240,
        "fov": 90,
        "sensor_tick": 0.1
    },
    "filtered_objects": {}
}