{
    "camera_transform": {
        "location": {
            "x": -88.5357666015625,
            "y": -61.88654327392578,
            "z": 1.429585576057434
        },
        "rotation": {
            "pitch": 0.7674468159675598,
            "yaw": 89.84384155273438,
            "roll": 0.0030405072029680014
        }
    },
    "camera_parameters": {
        "image_size_x": 1820,
        "image_size_y": 1240,
        "fov": 90,
        "sensor_tick": 0.1
    },
    "filtered_objects": {}
}