{
    "camera_transform": {
        "location": {
            "x": 2.164534330368042,
            "y": 157.03927612304688,
            "z": 2.1792807579040527
        },
        "rotation": {
            "pitch": -0.058439094573259354,
            "yaw": -90.3624496459961,
            "roll": -0.1192626878619194
        }
    },
    "camera_parameters": {
        "image_size_x": 1820,
        "image_size_y": 1240,
        "fov": 90,
        "sensor_tick": 0.1
    },
    "filtered_objects": {}
}