{
    "camera_transform": {
        "location": {
            "x": -134.4790496826172,
            "y": 0.19121401011943817,
            "z": 2.1799092292785645
        },
        "rotation": {
            "pitch": 0.0,
            "yaw": 0.294607549905777,
            "roll": 0.0
        }
    },
    "camera_parameters": {
        "image_size_x": 1820,
        "image_size_y": 1240,
        "fov": 90,
        "sensor_tick": 0.1
    },
    "filtered_objects": {}
}