{
    "camera_transform": {
        "location": {
            "x": -106.65821075439453,
            "y": -7.347299575805664,
            "z": 2.180659055709839
        },
        "rotation": {
            "pitch": -0.00021856604143977165,
            "yaw": -89.35784149169922,
            "roll": 0.0005817371420562267
        }
    },
    "camera_parameters": {
        "image_size_x": 1820,
        "image_size_y": 1240,
        "fov": 90,
        "sensor_tick": 0.1
    },
    "filtered_objects": {}
}