{
    "camera_transform": {
        "location": {
            "x": -51.18442916870117,
            "y": -37.07082748413086,
            "z": 2.22550368309021
        },
        "rotation": {
            "pitch": 0.0,
            "yaw": 89.66251373291016,
            "roll": 2.633861731737852e-05
        }
    },
    "camera_parameters": {
        "image_size_x": 1820,
        "image_size_y": 1240,
        "fov": 90,
        "sensor_tick": 0.1
    },
    "filtered_objects": {}
}