{
    "camera_transform": {
        "location": {
            "x": 55.29002380371094,
            "y": 69.82784271240234,
            "z": 2.180192470550537
        },
        "rotation": {
            "pitch": -0.0005805660621263087,
            "yaw": 0.0732545405626297,
            "roll": 0.0040701753459870815
        }
    },
    "camera_parameters": {
        "image_size_x": 1820,
        "image_size_y": 1240,
        "fov": 90,
        "sensor_tick": 0.1
    },
    "filtered_objects": {}
}