{
    "camera_transform": {
        "location": {
            "x": 43.99702072143555,
            "y": 50.04887008666992,
            "z": 2.180206537246704
        },
        "rotation": {
            "pitch": -0.0003073585103265941,
            "yaw": -90.75102996826172,
            "roll": 0.0015666043618693948
        }
    },
    "camera_parameters": {
        "image_size_x": 1820,
        "image_size_y": 1240,
        "fov": 90,
        "sensor_tick": 0.1
    },
    "filtered_objects": {}
}