{
    "camera_transform": {
        "location": {
            "x": -74.62982940673828,
            "y": -97.5128173828125,
            "z": 1.6052660942077637
        },
        "rotation": {
            "pitch": 1.3006659746170044,
            "yaw": -90.15640258789062,
            "roll": 0.0029572732746601105
        }
    },
    "camera_parameters": {
        "image_size_x": 1820,
        "image_size_y": 1240,
        "fov": 90,
        "sensor_tick": 0.1
    },
    "filtered_objects": {}
}