{
    "camera_transform": {
        "location": {
            "x": -88.30548858642578,
            "y": 24.018144607543945,
            "z": 2.231889247894287
        },
        "rotation": {
            "pitch": 0.3505730926990509,
            "yaw": 89.84410858154297,
            "roll": 0.16450700163841248
        }
    },
    "camera_parameters": {
        "image_size_x": 1820,
        "image_size_y": 1240,
        "fov": 90,
        "sensor_tick": 0.1
    },
    "filtered_objects": {}
}