{
    "camera_transform": {
        "location": {
            "x": 181.2794952392578,
            "y": -194.03189086914062,
            "z": 2.1798224449157715
        },
        "rotation": {
            "pitch": -6.147169915493578e-05,
            "yaw": -9.1552734375e-05,
            "roll": 0.0059869191609323025
        }
    },
    "camera_parameters": {
        "image_size_x": 1820,
        "image_size_y": 1240,
        "fov": 90,
        "sensor_tick": 0.1
    },
    "filtered_objects": {}
}