{
    "camera_transform": {
        "location": {
            "x": -5.925734043121338,
            "y": 85.07646179199219,
            "z": 2.179938554763794
        },
        "rotation": {
            "pitch": 0.0,
            "yaw": 89.63746643066406,
            "roll": 0.0
        }
    },
    "camera_parameters": {
        "image_size_x": 1820,
        "image_size_y": 1240,
        "fov": 90,
        "sensor_tick": 0.1
    },
    "filtered_objects": {}
}