{
    "camera_transform": {
        "location": {
            "x": -92.94496154785156,
            "y": 136.08978271484375,
            "z": 2.1798360347747803
        },
        "rotation": {
            "pitch": 0.0,
            "yaw": -0.597991943359375,
            "roll": 0.0
        }
    },
    "camera_parameters": {
        "image_size_x": 1820,
        "image_size_y": 1240,
        "fov": 90,
        "sensor_tick": 0.1
    },
    "filtered_objects": {}
}