{
    "camera_transform": {
        "location": {
            "x": -74.47824096679688,
            "y": -150.9288787841797,
            "z": 2.1806161403656006
        },
        "rotation": {
            "pitch": 0.09732335805892944,
            "yaw": -88.4350814819336,
            "roll": 0.0010629664175212383
        }
    },
    "camera_parameters": {
        "image_size_x": 1820,
        "image_size_y": 1240,
        "fov": 90,
        "sensor_tick": 0.1
    },
    "filtered_objects": {}
}