{
    "camera_transform": {
        "location": {
            "x": 85.68287658691406,
            "y": -147.6678466796875,
            "z": 9.826520919799805
        },
        "rotation": {
            "pitch": -5.049927234649658,
            "yaw": -88.16273498535156,
            "roll": 0.14794816076755524
        }
    },
    "camera_parameters": {
        "image_size_x": 1820,
        "image_size_y": 1240,
        "fov": 90,
        "sensor_tick": 0.1
    },
    "filtered_objects": {}
}