{
    "camera_transform": {
        "location": {
            "x": -88.45149230957031,
            "y": -31.090116500854492,
            "z": 1.8818144798278809
        },
        "rotation": {
            "pitch": 0.8485416769981384,
            "yaw": 89.84366607666016,
            "roll": 0.002444328274577856
        }
    },
    "camera_parameters": {
        "image_size_x": 1820,
        "image_size_y": 1240,
        "fov": 90,
        "sensor_tick": 0.1
    },
    "filtered_objects": {}
}