{
    "camera_transform": {
        "location": {
            "x": -109.959716796875,
            "y": -20.928552627563477,
            "z": 2.1805167198181152
        },
        "rotation": {
            "pitch": -0.00033467926550656557,
            "yaw": 90.6423110961914,
            "roll": 0.004035313613712788
        }
    },
    "camera_parameters": {
        "image_size_x": 1820,
        "image_size_y": 1240,
        "fov": 90,
        "sensor_tick": 0.1
    },
    "filtered_objects": {}
}