{
    "camera_transform": {
        "location": {
            "x": 13.412545204162598,
            "y": -57.40110397338867,
            "z": 2.1806540489196777
        },
        "rotation": {
            "pitch": -0.0005532453069463372,
            "yaw": -0.0234375,
            "roll": 0.0016819698503240943
        }
    },
    "camera_parameters": {
        "image_size_x": 1820,
        "image_size_y": 1240,
        "fov": 90,
        "sensor_tick": 0.1
    },
    "filtered_objects": {}
}