{
    "camera_transform": {
        "location": {
            "x": 167.1809539794922,
            "y": 69.91062927246094,
            "z": 2.269493579864502
        },
        "rotation": {
            "pitch": 0.30683258175849915,
            "yaw": 89.98799133300781,
            "roll": -0.0955810621380806
        }
    },
    "camera_parameters": {
        "image_size_x": 1820,
        "image_size_y": 1240,
        "fov": 90,
        "sensor_tick": 0.1
    },
    "filtered_objects": {}
}