{
    "camera_transform": {
        "location": {
            "x": -88.15837860107422,
            "y": 39.20812225341797,
            "z": 2.465070962905884
        },
        "rotation": {
            "pitch": 1.1723814010620117,
            "yaw": 89.78803253173828,
            "roll": -0.0018310339655727148
        }
    },
    "camera_parameters": {
        "image_size_x": 1820,
        "image_size_y": 1240,
        "fov": 90,
        "sensor_tick": 0.1
    },
    "filtered_objects": {}
}