{
    "camera_transform": {
        "location": {
            "x": -58.79913330078125,
            "y": 131.70947265625,
            "z": 2.180419683456421
        },
        "rotation": {
            "pitch": -0.00033467926550656557,
            "yaw": 176.6312713623047,
            "roll": 0.005296637769788504
        }
    },
    "camera_parameters": {
        "image_size_x": 1820,
        "image_size_y": 1240,
        "fov": 90,
        "sensor_tick": 0.1
    },
    "filtered_objects": {}
}