{
    "camera_transform": {
        "location": {
            "x": 102.910888671875,
            "y": -6.881590366363525,
            "z": 2.180262804031372
        },
        "rotation": {
            "pitch": -0.00033467926550656557,
            "yaw": 90.39073181152344,
            "roll": 0.004908932372927666
        }
    },
    "camera_parameters": {
        "image_size_x": 1820,
        "image_size_y": 1240,
        "fov": 90,
        "sensor_tick": 0.1
    },
    "filtered_objects": {}
}