{
    "camera_transform": {
        "location": {
            "x": 1.9150365591049194,
            "y": 106.59854125976562,
            "z": 2.179734468460083
        },
        "rotation": {
            "pitch": 0.0,
            "yaw": -90.36254119873047,
            "roll": 0.0
        }
    },
    "camera_parameters": {
        "image_size_x": 1820,
        "image_size_y": 1240,
        "fov": 90,
        "sensor_tick": 0.1
    },
    "filtered_objects": {}
}