{
    "camera_transform": {
        "location": {
            "x": -88.12329864501953,
            "y": 23.945934295654297,
            "z": 2.377676248550415
        },
        "rotation": {
            "pitch": 2.5150530338287354,
            "yaw": 89.66532135009766,
            "roll": -5.28256368637085
        }
    },
    "camera_parameters": {
        "image_size_x": 1820,
        "image_size_y": 1240,
        "fov": 90,
        "sensor_tick": 0.1
    },
    "filtered_objects": {}
}