{
    "camera_transform": {
        "location": {
            "x": 81.27519226074219,
            "y": -121.9771728515625,
            "z": 10.17892074584961
        },
        "rotation": {
            "pitch": -0.05176600068807602,
            "yaw": 92.02446746826172,
            "roll": -0.0019836421124637127
        }
    },
    "camera_parameters": {
        "image_size_x": 1820,
        "image_size_y": 1240,
        "fov": 90,
        "sensor_tick": 0.1
    },
    "filtered_objects": {}
}