{
    "camera_transform": {
        "location": {
            "x": 193.77999877929688,
            "y": 216.2899932861328,
            "z": 2.399782419204712
        },
        "rotation": {
            "pitch": 0.0,
            "yaw": -89.99981689453125,
            "roll": 0.0
        }
    },
    "camera_parameters": {
        "image_size_x": 1820,
        "image_size_y": 1240,
        "fov": 90,
        "sensor_tick": 0.1
    },
    "filtered_objects": {}
}