{
    "camera_transform": {
        "location": {
            "x": -128.18951416015625,
            "y": -72.58724212646484,
            "z": 2.1793928146362305
        },
        "rotation": {
            "pitch": 0.0,
            "yaw": 90.39354705810547,
            "roll": 0.0
        }
    },
    "camera_parameters": {
        "image_size_x": 1820,
        "image_size_y": 1240,
        "fov": 90,
        "sensor_tick": 0.1
    },
    "filtered_objects": {}
}