{
    "camera_transform": {
        "location": {
            "x": -118.08451080322266,
            "y": 34.135765075683594,
            "z": 2.178293466567993
        },
        "rotation": {
            "pitch": 2.0490566384978592e-05,
            "yaw": 134.74105834960938,
            "roll": -0.00012207029067212716
        }
    },
    "camera_parameters": {
        "image_size_x": 1820,
        "image_size_y": 1240,
        "fov": 90,
        "sensor_tick": 0.1
    },
    "filtered_objects": {}
}