{
    "camera_transform": {
        "location": {
            "x": -66.60389709472656,
            "y": 16.498729705810547,
            "z": 2.1804733276367188
        },
        "rotation": {
            "pitch": -9.56226431299001e-05,
            "yaw": -179.8407745361328,
            "roll": 0.0003253354807384312
        }
    },
    "camera_parameters": {
        "image_size_x": 1820,
        "image_size_y": 1240,
        "fov": 90,
        "sensor_tick": 0.1
    },
    "filtered_objects": {}
}