{
    "camera_transform": {
        "location": {
            "x": -148.9907989501953,
            "y": -33.53517150878906,
            "z": 2.1770341396331787
        },
        "rotation": {
            "pitch": -0.17767369747161865,
            "yaw": 90.030029296875,
            "roll": 0.00030646618688479066
        }
    },
    "camera_parameters": {
        "image_size_x": 1820,
        "image_size_y": 1240,
        "fov": 90,
        "sensor_tick": 0.1
    },
    "filtered_objects": {}
}