{
    "camera_transform": {
        "location": {
            "x": 223.199951171875,
            "y": 58.75010681152344,
            "z": 2.1877102851867676
        },
        "rotation": {
            "pitch": -0.08385422825813293,
            "yaw": 179.85255432128906,
            "roll": 0.07314851880073547
        }
    },
    "camera_parameters": {
        "image_size_x": 1820,
        "image_size_y": 1240,
        "fov": 90,
        "sensor_tick": 0.1
    },
    "filtered_objects": {}
}