{
    "camera_transform": {
        "location": {
            "x": 239.2649688720703,
            "y": 113.26090240478516,
            "z": 2.7449984550476074
        },
        "rotation": {
            "pitch": -1.1849899291992188,
            "yaw": -88.60612487792969,
            "roll": -3.052893589483574e-05
        }
    },
    "camera_parameters": {
        "image_size_x": 1820,
        "image_size_y": 1240,
        "fov": 90,
        "sensor_tick": 0.1
    },
    "filtered_objects": {}
}