{
    "camera_transform": {
        "location": {
            "x": -149.02621459960938,
            "y": 34.459774017333984,
            "z": 2.179711103439331
        },
        "rotation": {
            "pitch": 0.0,
            "yaw": 90.0298080444336,
            "roll": 0.0
        }
    },
    "camera_parameters": {
        "image_size_x": 1820,
        "image_size_y": 1240,
        "fov": 90,
        "sensor_tick": 0.1
    },
    "filtered_objects": {}
}