{
    "camera_transform": {
        "location": {
            "x": 234.70909118652344,
            "y": 6.049813270568848,
            "z": 2.1795945167541504
        },
        "rotation": {
            "pitch": 0.0,
            "yaw": 91.3931884765625,
            "roll": 0.0
        }
    },
    "camera_parameters": {
        "image_size_x": 1820,
        "image_size_y": 1240,
        "fov": 90,
        "sensor_tick": 0.1
    },
    "filtered_objects": {}
}