{
    "camera_transform": {
        "location": {
            "x": -77.89381408691406,
            "y": 85.25293731689453,
            "z": 2.8066418170928955
        },
        "rotation": {
            "pitch": 1.0260378122329712,
            "yaw": -90.15630340576172,
            "roll": 9.211559518007562e-05
        }
    },
    "camera_parameters": {
        "image_size_x": 1820,
        "image_size_y": 1240,
        "fov": 90,
        "sensor_tick": 0.1
    },
    "filtered_objects": {}
}