{
    "camera_transform": {
        "location": {
            "x": -45.21554183959961,
            "y": -39.00005340576172,
            "z": 2.1806797981262207
        },
        "rotation": {
            "pitch": -0.0004234717052895576,
            "yaw": -89.56768035888672,
            "roll": 0.001837625284679234
        }
    },
    "camera_parameters": {
        "image_size_x": 1820,
        "image_size_y": 1240,
        "fov": 90,
        "sensor_tick": 0.1
    },
    "filtered_objects": {}
}