{
    "camera_transform": {
        "location": {
            "x": 81.2751693725586,
            "y": -121.97711944580078,
            "z": 10.178998947143555
        },
        "rotation": {
            "pitch": -0.0517045296728611,
            "yaw": 92.02444458007812,
            "roll": -0.0020141610875725746
        }
    },
    "camera_parameters": {
        "image_size_x": 1820,
        "image_size_y": 1240,
        "fov": 90,
        "sensor_tick": 0.1
    },
    "filtered_objects": {}
}