{
    "camera_transform": {
        "location": {
            "x": 122.20004272460938,
            "y": 59.01265335083008,
            "z": 2.179821014404297
        },
        "rotation": {
            "pitch": 0.0,
            "yaw": 179.85252380371094,
            "roll": 0.0
        }
    },
    "camera_parameters": {
        "image_size_x": 1820,
        "image_size_y": 1240,
        "fov": 90,
        "sensor_tick": 0.1
    },
    "filtered_objects": {}
}