{
    "camera_transform": {
        "location": {
            "x": 54.4620361328125,
            "y": -4.315935134887695,
            "z": 2.179935932159424
        },
        "rotation": {
            "pitch": -6.147169915493578e-05,
            "yaw": -179.14369201660156,
            "roll": 3.659550566226244e-05
        }
    },
    "camera_parameters": {
        "image_size_x": 1820,
        "image_size_y": 1240,
        "fov": 90,
        "sensor_tick": 0.1
    },
    "filtered_objects": {}
}