{
    "camera_transform": {
        "location": {
            "x": 135.82826232910156,
            "y": -6.388909339904785,
            "z": 2.1795036792755127
        },
        "rotation": {
            "pitch": -0.02099600061774254,
            "yaw": -179.1442413330078,
            "roll": -0.00970458984375
        }
    },
    "camera_parameters": {
        "image_size_x": 1820,
        "image_size_y": 1240,
        "fov": 90,
        "sensor_tick": 0.1
    },
    "filtered_objects": {}
}