{
    "camera_transform": {
        "location": {
            "x": 77.7654800415039,
            "y": 16.898344039916992,
            "z": 2.180644989013672
        },
        "rotation": {
            "pitch": -0.0006147170206531882,
            "yaw": -179.84078979492188,
            "roll": 0.0017746805679053068
        }
    },
    "camera_parameters": {
        "image_size_x": 1820,
        "image_size_y": 1240,
        "fov": 90,
        "sensor_tick": 0.1
    },
    "filtered_objects": {}
}