{
    "camera_transform": {
        "location": {
            "x": -145.55889892578125,
            "y": 97.20095825195312,
            "z": 2.17319393157959
        },
        "rotation": {
            "pitch": 2.0490566384978592e-05,
            "yaw": -89.97018432617188,
            "roll": 9.905099886964308e-07
        }
    },
    "camera_parameters": {
        "image_size_x": 1820,
        "image_size_y": 1240,
        "fov": 90,
        "sensor_tick": 0.1
    },
    "filtered_objects": {}
}