{
    "camera_transform": {
        "location": {
            "x": 15.681379318237305,
            "y": 203.9994354248047,
            "z": 2.172708034515381
        },
        "rotation": {
            "pitch": 0.0,
            "yaw": -0.142974853515625,
            "roll": 0.0
        }
    },
    "camera_parameters": {
        "image_size_x": 1820,
        "image_size_y": 1240,
        "fov": 90,
        "sensor_tick": 0.1
    },
    "filtered_objects": {}
}