{
    "camera_transform": {
        "location": {
            "x": -59.27201843261719,
            "y": -0.25268515944480896,
            "z": 2.202335834503174
        },
        "rotation": {
            "pitch": 0.1803852915763855,
            "yaw": 15.581995010375977,
            "roll": 0.6298679709434509
        }
    },
    "camera_parameters": {
        "image_size_x": 1820,
        "image_size_y": 1240,
        "fov": 90,
        "sensor_tick": 0.1
    },
    "filtered_objects": {}
}