{
    "camera_transform": {
        "location": {
            "x": -17.90744972229004,
            "y": 133.71104431152344,
            "z": 2.1801719665527344
        },
        "rotation": {
            "pitch": -0.00033467926550656557,
            "yaw": -179.6478271484375,
            "roll": 0.004406692925840616
        }
    },
    "camera_parameters": {
        "image_size_x": 1820,
        "image_size_y": 1240,
        "fov": 90,
        "sensor_tick": 0.1
    },
    "filtered_objects": {}
}