{
    "camera_transform": {
        "location": {
            "x": -74.3927001953125,
            "y": 39.45169448852539,
            "z": 2.4704222679138184
        },
        "rotation": {
            "pitch": -1.5331109762191772,
            "yaw": -90.15708923339844,
            "roll": 0.0036228979006409645
        }
    },
    "camera_parameters": {
        "image_size_x": 1820,
        "image_size_y": 1240,
        "fov": 90,
        "sensor_tick": 0.1
    },
    "filtered_objects": {}
}