{
    "camera_transform": {
        "location": {
            "x": -109.95986938476562,
            "y": -20.92858123779297,
            "z": 2.1804940700531006
        },
        "rotation": {
            "pitch": -0.00027320755179971457,
            "yaw": 90.6422348022461,
            "roll": 0.004538909066468477
        }
    },
    "camera_parameters": {
        "image_size_x": 1820,
        "image_size_y": 1240,
        "fov": 90,
        "sensor_tick": 0.1
    },
    "filtered_objects": {}
}