{
    "camera_transform": {
        "location": {
            "x": 83.37250518798828,
            "y": -81.98438262939453,
            "z": 10.154817581176758
        },
        "rotation": {
            "pitch": 0.7445315718650818,
            "yaw": -87.97521209716797,
            "roll": 0.23956243693828583
        }
    },
    "camera_parameters": {
        "image_size_x": 1820,
        "image_size_y": 1240,
        "fov": 90,
        "sensor_tick": 0.1
    },
    "filtered_objects": {}
}