{
    "camera_transform": {
        "location": {
            "x": 239.26499938964844,
            "y": 113.26078796386719,
            "z": 2.7363998889923096
        },
        "rotation": {
            "pitch": -1.1939648389816284,
            "yaw": -88.6060791015625,
            "roll": -6.100469909142703e-05
        }
    },
    "camera_parameters": {
        "image_size_x": 1820,
        "image_size_y": 1240,
        "fov": 90,
        "sensor_tick": 0.1
    },
    "filtered_objects": {}
}