{
    "camera_transform": {
        "location": {
            "x": -85.13968658447266,
            "y": -90.43788146972656,
            "z": 1.451377511024475
        },
        "rotation": {
            "pitch": -1.2179524898529053,
            "yaw": 89.84332275390625,
            "roll": 0.0012969615636393428
        }
    },
    "camera_parameters": {
        "image_size_x": 1820,
        "image_size_y": 1240,
        "fov": 90,
        "sensor_tick": 0.1
    },
    "filtered_objects": {}
}