{
    "camera_transform": {
        "location": {
            "x": 149.31431579589844,
            "y": -65.33100128173828,
            "z": 9.970046997070312
        },
        "rotation": {
            "pitch": -1.05398690700531,
            "yaw": 90.92906951904297,
            "roll": 0.8262467384338379
        }
    },
    "camera_parameters": {
        "image_size_x": 1820,
        "image_size_y": 1240,
        "fov": 90,
        "sensor_tick": 0.1
    },
    "filtered_objects": {}
}