{
    "camera_transform": {
        "location": {
            "x": -52.18037796020508,
            "y": 45.06512451171875,
            "z": 2.180466651916504
        },
        "rotation": {
            "pitch": -0.0002458867966197431,
            "yaw": 89.83870697021484,
            "roll": 0.0009990145917981863
        }
    },
    "camera_parameters": {
        "image_size_x": 1820,
        "image_size_y": 1240,
        "fov": 90,
        "sensor_tick": 0.1
    },
    "filtered_objects": {}
}