{
    "camera_transform": {
        "location": {
            "x": -77.89401245117188,
            "y": 20.833341598510742,
            "z": 2.2283453941345215
        },
        "rotation": {
            "pitch": -0.2962048053741455,
            "yaw": -90.15618133544922,
            "roll": 0.0
        }
    },
    "camera_parameters": {
        "image_size_x": 1820,
        "image_size_y": 1240,
        "fov": 90,
        "sensor_tick": 0.1
    },
    "filtered_objects": {}
}