{
    "camera_transform": {
        "location": {
            "x": -48.66355514526367,
            "y": -40.85393524169922,
            "z": 2.1803314685821533
        },
        "rotation": {
            "pitch": -0.0003961509501095861,
            "yaw": 90.4323501586914,
            "roll": 0.003981452900916338
        }
    },
    "camera_parameters": {
        "image_size_x": 1820,
        "image_size_y": 1240,
        "fov": 90,
        "sensor_tick": 0.1
    },
    "filtered_objects": {}
}