{
    "camera_transform": {
        "location": {
            "x": -21.812772750854492,
            "y": -135.2382049560547,
            "z": 2.1704626083374023
        },
        "rotation": {
            "pitch": 0.0028550189454108477,
            "yaw": 1.226791262626648,
            "roll": -0.010406495071947575
        }
    },
    "camera_parameters": {
        "image_size_x": 1820,
        "image_size_y": 1240,
        "fov": 90,
        "sensor_tick": 0.1
    },
    "filtered_objects": {}
}