{
    "camera_transform": {
        "location": {
            "x": -52.068660736083984,
            "y": 85.15483093261719,
            "z": 2.180339813232422
        },
        "rotation": {
            "pitch": -0.00036883019492961466,
            "yaw": 89.83882904052734,
            "roll": 0.003801536513492465
        }
    },
    "camera_parameters": {
        "image_size_x": 1820,
        "image_size_y": 1240,
        "fov": 90,
        "sensor_tick": 0.1
    },
    "filtered_objects": {}
}