{
    "camera_transform": {
        "location": {
            "x": -74.63078308105469,
            "y": -97.51265716552734,
            "z": 1.6053414344787598
        },
        "rotation": {
            "pitch": 1.3015880584716797,
            "yaw": -90.15662384033203,
            "roll": 0.0015286492416635156
        }
    },
    "camera_parameters": {
        "image_size_x": 1820,
        "image_size_y": 1240,
        "fov": 90,
        "sensor_tick": 0.1
    },
    "filtered_objects": {}
}