{
    "camera_transform": {
        "location": {
            "x": 81.5553207397461,
            "y": 69.82746124267578,
            "z": 2.180286407470703
        },
        "rotation": {
            "pitch": -0.0005805660621263087,
            "yaw": 0.0732683390378952,
            "roll": 0.002921666018664837
        }
    },
    "camera_parameters": {
        "image_size_x": 1820,
        "image_size_y": 1240,
        "fov": 90,
        "sensor_tick": 0.1
    },
    "filtered_objects": {}
}