{
    "camera_transform": {
        "location": {
            "x": -74.3927001953125,
            "y": 39.45186996459961,
            "z": 2.4704082012176514
        },
        "rotation": {
            "pitch": -1.5331109762191772,
            "yaw": -90.15707397460938,
            "roll": 0.0036763844545930624
        }
    },
    "camera_parameters": {
        "image_size_x": 1820,
        "image_size_y": 1240,
        "fov": 90,
        "sensor_tick": 0.1
    },
    "filtered_objects": {}
}