{
    "camera_transform": {
        "location": {
            "x": 229.31288146972656,
            "y": 95.8785400390625,
            "z": 2.4365007877349854
        },
        "rotation": {
            "pitch": 0.6565450429916382,
            "yaw": 91.39318084716797,
            "roll": 0.0015209907433018088
        }
    },
    "camera_parameters": {
        "image_size_x": 1820,
        "image_size_y": 1240,
        "fov": 90,
        "sensor_tick": 0.1
    },
    "filtered_objects": {}
}