{
    "camera_transform": {
        "location": {
            "x": -74.39236450195312,
            "y": 39.45201873779297,
            "z": 2.4702022075653076
        },
        "rotation": {
            "pitch": -1.5333501100540161,
            "yaw": -90.15695190429688,
            "roll": 0.00469338009133935
        }
    },
    "camera_parameters": {
        "image_size_x": 1820,
        "image_size_y": 1240,
        "fov": 90,
        "sensor_tick": 0.1
    },
    "filtered_objects": {}
}