{
    "camera_transform": {
        "location": {
            "x": -74.63043212890625,
            "y": -97.512939453125,
            "z": 1.60551118850708
        },
        "rotation": {
            "pitch": 1.3010963201522827,
            "yaw": -90.15689086914062,
            "roll": 0.0013178191147744656
        }
    },
    "camera_parameters": {
        "image_size_x": 1820,
        "image_size_y": 1240,
        "fov": 90,
        "sensor_tick": 0.1
    },
    "filtered_objects": {}
}