{
    "camera_transform": {
        "location": {
            "x": 112.01512145996094,
            "y": -138.77061462402344,
            "z": 11.47841739654541
        },
        "rotation": {
            "pitch": -69.25300598144531,
            "yaw": 0.641803503036499,
            "roll": 165.12008666992188
        }
    },
    "camera_parameters": {
        "image_size_x": 1820,
        "image_size_y": 1240,
        "fov": 90,
        "sensor_tick": 0.1
    },
    "filtered_objects": {}
}