{
    "camera_transform": {
        "location": {
            "x": 117.6537857055664,
            "y": -194.39993286132812,
            "z": 2.1783034801483154
        },
        "rotation": {
            "pitch": 0.0,
            "yaw": -6.103515261202119e-05,
            "roll": 0.0
        }
    },
    "camera_parameters": {
        "image_size_x": 1820,
        "image_size_y": 1240,
        "fov": 90,
        "sensor_tick": 0.1
    },
    "filtered_objects": {}
}