{
    "camera_transform": {
        "location": {
            "x": 143.77615356445312,
            "y": -2.8843634128570557,
            "z": 2.1852943897247314
        },
        "rotation": {
            "pitch": 0.0,
            "yaw": -179.1441192626953,
            "roll": -0.1422729194164276
        }
    },
    "camera_parameters": {
        "image_size_x": 1820,
        "image_size_y": 1240,
        "fov": 90,
        "sensor_tick": 0.1
    },
    "filtered_objects": {}
}