{
    "camera_transform": {
        "location": {
            "x": -229.1213836669922,
            "y": 49.66731643676758,
            "z": 2.1783158779144287
        },
        "rotation": {
            "pitch": 0.00015709434228483588,
            "yaw": -3.182434320449829,
            "roll": 1.834739487094339e-05
        }
    },
    "camera_parameters": {
        "image_size_x": 1820,
        "image_size_y": 1240,
        "fov": 90,
        "sensor_tick": 0.1
    },
    "filtered_objects": {}
}