{
    "camera_transform": {
        "location": {
            "x": 143.77615356445312,
            "y": -2.8843374252319336,
            "z": 2.185323476791382
        },
        "rotation": {
            "pitch": 0.0,
            "yaw": -179.14414978027344,
            "roll": -0.1422424167394638
        }
    },
    "camera_parameters": {
        "image_size_x": 1820,
        "image_size_y": 1240,
        "fov": 90,
        "sensor_tick": 0.1
    },
    "filtered_objects": {}
}