{
    "camera_transform": {
        "location": {
            "x": 244.37969970703125,
            "y": 61.77119445800781,
            "z": 2.184434413909912
        },
        "rotation": {
            "pitch": -0.11245223134756088,
            "yaw": -88.60650634765625,
            "roll": 0.0605807863175869
        }
    },
    "camera_parameters": {
        "image_size_x": 1820,
        "image_size_y": 1240,
        "fov": 90,
        "sensor_tick": 0.1
    },
    "filtered_objects": {}
}