{
    "camera_transform": {
        "location": {
            "x": 6.0861334800720215,
            "y": -203.98025512695312,
            "z": 2.2048850059509277
        },
        "rotation": {
            "pitch": 0.32934486865997314,
            "yaw": 179.7582550048828,
            "roll": -0.0034484860952943563
        }
    },
    "camera_parameters": {
        "image_size_x": 1820,
        "image_size_y": 1240,
        "fov": 90,
        "sensor_tick": 0.1
    },
    "filtered_objects": {}
}