{
    "camera_transform": {
        "location": {
            "x": 140.6942596435547,
            "y": -204.47181701660156,
            "z": 2.1732661724090576
        },
        "rotation": {
            "pitch": -0.001188452821224928,
            "yaw": -178.5604705810547,
            "roll": 0.000284519832348451
        }
    },
    "camera_parameters": {
        "image_size_x": 1820,
        "image_size_y": 1240,
        "fov": 90,
        "sensor_tick": 0.1
    },
    "filtered_objects": {}
}