{
    "camera_transform": {
        "location": {
            "x": 34.91602325439453,
            "y": -17.126527786254883,
            "z": 2.1724748611450195
        },
        "rotation": {
            "pitch": 0.0,
            "yaw": -89.80089569091797,
            "roll": 0.0
        }
    },
    "camera_parameters": {
        "image_size_x": 1820,
        "image_size_y": 1240,
        "fov": 90,
        "sensor_tick": 0.1
    },
    "filtered_objects": {}
}