{
    "camera_transform": {
        "location": {
            "x": 232.9116668701172,
            "y": 84.66409301757812,
            "z": 2.307917356491089
        },
        "rotation": {
            "pitch": 0.6355149149894714,
            "yaw": 91.39005279541016,
            "roll": 0.02538481168448925
        }
    },
    "camera_parameters": {
        "image_size_x": 1820,
        "image_size_y": 1240,
        "fov": 90,
        "sensor_tick": 0.1
    },
    "filtered_objects": {}
}