{
    "camera_transform": {
        "location": {
            "x": 51.96973419189453,
            "y": -64.34992218017578,
            "z": 2.18021297454834
        },
        "rotation": {
            "pitch": -0.0004234717052895576,
            "yaw": 179.9765625,
            "roll": 0.005711756646633148
        }
    },
    "camera_parameters": {
        "image_size_x": 1820,
        "image_size_y": 1240,
        "fov": 90,
        "sensor_tick": 0.1
    },
    "filtered_objects": {}
}