{
    "camera_transform": {
        "location": {
            "x": -148.99078369140625,
            "y": -33.535194396972656,
            "z": 2.1869821548461914
        },
        "rotation": {
            "pitch": -0.17602762579917908,
            "yaw": 90.02999877929688,
            "roll": -0.00012207686086185277
        }
    },
    "camera_parameters": {
        "image_size_x": 1820,
        "image_size_y": 1240,
        "fov": 90,
        "sensor_tick": 0.1
    },
    "filtered_objects": {}
}