{
    "camera_transform": {
        "location": {
            "x": -77.97685241699219,
            "y": -160.1279754638672,
            "z": 2.179687261581421
        },
        "rotation": {
            "pitch": 0.0,
            "yaw": -88.4347152709961,
            "roll": -3.0517576306010596e-05
        }
    },
    "camera_parameters": {
        "image_size_x": 1820,
        "image_size_y": 1240,
        "fov": 90,
        "sensor_tick": 0.1
    },
    "filtered_objects": {}
}