{
    "camera_transform": {
        "location": {
            "x": -28.26133918762207,
            "y": -6.453823566436768,
            "z": 2.1794121265411377
        },
        "rotation": {
            "pitch": 0.0,
            "yaw": 143.07748413085938,
            "roll": 0.0
        }
    },
    "camera_parameters": {
        "image_size_x": 1820,
        "image_size_y": 1240,
        "fov": 90,
        "sensor_tick": 0.1
    },
    "filtered_objects": {}
}