{
    "camera_transform": {
        "location": {
            "x": -52.55076217651367,
            "y": 0.6185635924339294,
            "z": 2.1798064708709717
        },
        "rotation": {
            "pitch": 0.0,
            "yaw": 1.6669410467147827,
            "roll": 0.0
        }
    },
    "camera_parameters": {
        "image_size_x": 1820,
        "image_size_y": 1240,
        "fov": 90,
        "sensor_tick": 0.1
    },
    "filtered_objects": {}
}