{
    "camera_transform": {
        "location": {
            "x": 239.26499938964844,
            "y": 113.26060485839844,
            "z": 2.7356505393981934
        },
        "rotation": {
            "pitch": -1.1959182024002075,
            "yaw": -88.60613250732422,
            "roll": -3.047568679903634e-05
        }
    },
    "camera_parameters": {
        "image_size_x": 1820,
        "image_size_y": 1240,
        "fov": 90,
        "sensor_tick": 0.1
    },
    "filtered_objects": {}
}