{
    "camera_transform": {
        "location": {
            "x": -77.8941650390625,
            "y": 49.497596740722656,
            "z": 2.741234302520752
        },
        "rotation": {
            "pitch": -1.4562371969223022,
            "yaw": -90.15729522705078,
            "roll": 0.0009964621858671308
        }
    },
    "camera_parameters": {
        "image_size_x": 1820,
        "image_size_y": 1240,
        "fov": 90,
        "sensor_tick": 0.1
    },
    "filtered_objects": {}
}