{
    "camera_transform": {
        "location": {
            "x": 167.1771240234375,
            "y": 73.63087463378906,
            "z": 2.2914962768554688
        },
        "rotation": {
            "pitch": 0.31031596660614014,
            "yaw": 89.98930358886719,
            "roll": -0.09515377134084702
        }
    },
    "camera_parameters": {
        "image_size_x": 1820,
        "image_size_y": 1240,
        "fov": 90,
        "sensor_tick": 0.1
    },
    "filtered_objects": {}
}