{
    "camera_transform": {
        "location": {
            "x": -84.7589340209961,
            "y": 54.38868713378906,
            "z": 2.8732237815856934
        },
        "rotation": {
            "pitch": 1.4436150789260864,
            "yaw": 89.7870864868164,
            "roll": 0.00012463715393096209
        }
    },
    "camera_parameters": {
        "image_size_x": 1820,
        "image_size_y": 1240,
        "fov": 90,
        "sensor_tick": 0.1
    },
    "filtered_objects": {}
}