{
    "camera_transform": {
        "location": {
            "x": -74.4902572631836,
            "y": -46.576087951660156,
            "z": 1.6542435884475708
        },
        "rotation": {
            "pitch": -0.8499760031700134,
            "yaw": -90.15673828125,
            "roll": 0.004086797125637531
        }
    },
    "camera_parameters": {
        "image_size_x": 1820,
        "image_size_y": 1240,
        "fov": 90,
        "sensor_tick": 0.1
    },
    "filtered_objects": {}
}