{
    "camera_transform": {
        "location": {
            "x": -74.39412689208984,
            "y": 56.9066162109375,
            "z": 2.920933246612549
        },
        "rotation": {
            "pitch": -0.7757865190505981,
            "yaw": -90.15682220458984,
            "roll": -0.0003967476077377796
        }
    },
    "camera_parameters": {
        "image_size_x": 1820,
        "image_size_y": 1240,
        "fov": 90,
        "sensor_tick": 0.1
    },
    "filtered_objects": {}
}