{
    "camera_transform": {
        "location": {
            "x": -17.90743064880371,
            "y": 133.7108612060547,
            "z": 2.1800756454467773
        },
        "rotation": {
            "pitch": -0.0004234717052895576,
            "yaw": -179.64779663085938,
            "roll": 0.005782144144177437
        }
    },
    "camera_parameters": {
        "image_size_x": 1820,
        "image_size_y": 1240,
        "fov": 90,
        "sensor_tick": 0.1
    },
    "filtered_objects": {}
}