{
    "camera_transform": {
        "location": {
            "x": 5.827327251434326,
            "y": -115.72901153564453,
            "z": 2.172804594039917
        },
        "rotation": {
            "pitch": 0.0,
            "yaw": -88.8760986328125,
            "roll": 0.0
        }
    },
    "camera_parameters": {
        "image_size_x": 1820,
        "image_size_y": 1240,
        "fov": 90,
        "sensor_tick": 0.1
    },
    "filtered_objects": {}
}