{
    "camera_transform": {
        "location": {
            "x": -127.72508239746094,
            "y": 55.914554595947266,
            "z": 2.172551155090332
        },
        "rotation": {
            "pitch": 0.0,
            "yaw": 89.48860168457031,
            "roll": 0.0
        }
    },
    "camera_parameters": {
        "image_size_x": 1820,
        "image_size_y": 1240,
        "fov": 90,
        "sensor_tick": 0.1
    },
    "filtered_objects": {}
}