{
    "camera_transform": {
        "location": {
            "x": -149.0122528076172,
            "y": 7.6597723960876465,
            "z": 2.180295467376709
        },
        "rotation": {
            "pitch": 6.830188794992864e-06,
            "yaw": 90.02980041503906,
            "roll": 0.0
        }
    },
    "camera_parameters": {
        "image_size_x": 1820,
        "image_size_y": 1240,
        "fov": 90,
        "sensor_tick": 0.1
    },
    "filtered_objects": {}
}