{
    "camera_transform": {
        "location": {
            "x": 233.31564331054688,
            "y": 84.50514221191406,
            "z": 2.306704521179199
        },
        "rotation": {
            "pitch": 0.6328238248825073,
            "yaw": 91.87809753417969,
            "roll": 0.03608529269695282
        }
    },
    "camera_parameters": {
        "image_size_x": 1820,
        "image_size_y": 1240,
        "fov": 90,
        "sensor_tick": 0.1
    },
    "filtered_objects": {}
}