{
    "camera_transform": {
        "location": {
            "x": -46.749691009521484,
            "y": 203.7208709716797,
            "z": 2.1797587871551514
        },
        "rotation": {
            "pitch": 0.0,
            "yaw": 12.333605766296387,
            "roll": 0.0
        }
    },
    "camera_parameters": {
        "image_size_x": 1820,
        "image_size_y": 1240,
        "fov": 90,
        "sensor_tick": 0.1
    },
    "filtered_objects": {}
}