{
    "camera_transform": {
        "location": {
            "x": -2.7357418537139893,
            "y": -67.39625549316406,
            "z": 2.172917366027832
        },
        "rotation": {
            "pitch": 0.0,
            "yaw": 92.00418853759766,
            "roll": 0.0
        }
    },
    "camera_parameters": {
        "image_size_x": 1820,
        "image_size_y": 1240,
        "fov": 90,
        "sensor_tick": 0.1
    },
    "filtered_objects": {}
}