{
    "camera_transform": {
        "location": {
            "x": -149.04922485351562,
            "y": 78.6436996459961,
            "z": 2.1797609329223633
        },
        "rotation": {
            "pitch": 0.0,
            "yaw": 90.0298080444336,
            "roll": 0.0
        }
    },
    "camera_parameters": {
        "image_size_x": 1820,
        "image_size_y": 1240,
        "fov": 90,
        "sensor_tick": 0.1
    },
    "filtered_objects": {}
}