{
    "camera_transform": {
        "location": {
            "x": 109.75527954101562,
            "y": -29.82554054260254,
            "z": 2.1803741455078125
        },
        "rotation": {
            "pitch": -0.00027320755179971457,
            "yaw": -94.68230438232422,
            "roll": 0.00534206535667181
        }
    },
    "camera_parameters": {
        "image_size_x": 1820,
        "image_size_y": 1240,
        "fov": 90,
        "sensor_tick": 0.1
    },
    "filtered_objects": {}
}