{
    "camera_transform": {
        "location": {
            "x": -74.47823333740234,
            "y": -150.92889404296875,
            "z": 2.1807610988616943
        },
        "rotation": {
            "pitch": 0.09724139422178268,
            "yaw": -88.43502807617188,
            "roll": 0.0010481253266334534
        }
    },
    "camera_parameters": {
        "image_size_x": 1820,
        "image_size_y": 1240,
        "fov": 90,
        "sensor_tick": 0.1
    },
    "filtered_objects": {}
}