{
    "camera_transform": {
        "location": {
            "x": 69.18229675292969,
            "y": -202.70751953125,
            "z": 2.1732709407806396
        },
        "rotation": {
            "pitch": 0.0,
            "yaw": -178.5604705810547,
            "roll": 0.0
        }
    },
    "camera_parameters": {
        "image_size_x": 1820,
        "image_size_y": 1240,
        "fov": 90,
        "sensor_tick": 0.1
    },
    "filtered_objects": {}
}