{
    "camera_transform": {
        "location": {
            "x": -106.65678405761719,
            "y": -7.347288131713867,
            "z": 2.1805310249328613
        },
        "rotation": {
            "pitch": -0.0005805660621263087,
            "yaw": -89.35775756835938,
            "roll": 0.0033085166942328215
        }
    },
    "camera_parameters": {
        "image_size_x": 1820,
        "image_size_y": 1240,
        "fov": 90,
        "sensor_tick": 0.1
    },
    "filtered_objects": {}
}