{
    "camera_transform": {
        "location": {
            "x": -58.79917526245117,
            "y": 131.7093963623047,
            "z": 2.1802093982696533
        },
        "rotation": {
            "pitch": -0.00027320755179971457,
            "yaw": 176.6312713623047,
            "roll": 0.006042826920747757
        }
    },
    "camera_parameters": {
        "image_size_x": 1820,
        "image_size_y": 1240,
        "fov": 90,
        "sensor_tick": 0.1
    },
    "filtered_objects": {}
}