{
    "camera_transform": {
        "location": {
            "x": 122.57537841796875,
            "y": 8.908102035522461,
            "z": 2.179738998413086
        },
        "rotation": {
            "pitch": 0.0,
            "yaw": 0.8558040261268616,
            "roll": 0.0
        }
    },
    "camera_parameters": {
        "image_size_x": 1820,
        "image_size_y": 1240,
        "fov": 90,
        "sensor_tick": 0.1
    },
    "filtered_objects": {}
}