{
    "camera_transform": {
        "location": {
            "x": -34.13178634643555,
            "y": -194.8607940673828,
            "z": 2.179779529571533
        },
        "rotation": {
            "pitch": 0.0,
            "yaw": 1.4395225048065186,
            "roll": -3.0517578125e-05
        }
    },
    "camera_parameters": {
        "image_size_x": 1820,
        "image_size_y": 1240,
        "fov": 90,
        "sensor_tick": 0.1
    },
    "filtered_objects": {}
}