{
    "camera_transform": {
        "location": {
            "x": 28.93862533569336,
            "y": 6.834564685821533,
            "z": 2.1729915142059326
        },
        "rotation": {
            "pitch": -0.0007035094313323498,
            "yaw": -13.668567657470703,
            "roll": -0.000274658203125
        }
    },
    "camera_parameters": {
        "image_size_x": 1820,
        "image_size_y": 1240,
        "fov": 90,
        "sensor_tick": 0.1
    },
    "filtered_objects": {}
}