{
    "camera_transform": {
        "location": {
            "x": -84.64698791503906,
            "y": 74.94356536865234,
            "z": 2.974191427230835
        },
        "rotation": {
            "pitch": -0.4295027554035187,
            "yaw": 89.78707122802734,
            "roll": -6.104652857175097e-05
        }
    },
    "camera_parameters": {
        "image_size_x": 1820,
        "image_size_y": 1240,
        "fov": 90,
        "sensor_tick": 0.1
    },
    "filtered_objects": {}
}