{
    "camera_transform": {
        "location": {
            "x": -84.94863891601562,
            "y": -20.796627044677734,
            "z": 2.023733377456665
        },
        "rotation": {
            "pitch": 0.7432816624641418,
            "yaw": 89.84330749511719,
            "roll": -0.0012817287351936102
        }
    },
    "camera_parameters": {
        "image_size_x": 1820,
        "image_size_y": 1240,
        "fov": 90,
        "sensor_tick": 0.1
    },
    "filtered_objects": {}
}