{
    "camera_transform": {
        "location": {
            "x": -8.524459838867188,
            "y": 26.861745834350586,
            "z": 2.1796422004699707
        },
        "rotation": {
            "pitch": 0.0,
            "yaw": 78.62483215332031,
            "roll": 0.0
        }
    },
    "camera_parameters": {
        "image_size_x": 1820,
        "image_size_y": 1240,
        "fov": 90,
        "sensor_tick": 0.1
    },
    "filtered_objects": {}
}