{
    "camera_transform": {
        "location": {
            "x": -88.15837860107422,
            "y": 39.20817184448242,
            "z": 2.464991569519043
        },
        "rotation": {
            "pitch": 1.1728800535202026,
            "yaw": 89.78826904296875,
            "roll": -0.0017699766904115677
        }
    },
    "camera_parameters": {
        "image_size_x": 1820,
        "image_size_y": 1240,
        "fov": 90,
        "sensor_tick": 0.1
    },
    "filtered_objects": {}
}