{
    "camera_transform": {
        "location": {
            "x": 446.99566650390625,
            "y": 48.74672317504883,
            "z": 2.1726014614105225
        },
        "rotation": {
            "pitch": 0.0,
            "yaw": -0.02789306640625,
            "roll": 0.0
        }
    },
    "camera_parameters": {
        "image_size_x": 1820,
        "image_size_y": 1240,
        "fov": 90,
        "sensor_tick": 0.1
    },
    "filtered_objects": {}
}