{
    "camera_transform": {
        "location": {
            "x": -58.799129486083984,
            "y": 131.7101287841797,
            "z": 2.180304527282715
        },
        "rotation": {
            "pitch": -0.0004234717052895576,
            "yaw": 176.6312713623047,
            "roll": 0.0037564574740827084
        }
    },
    "camera_parameters": {
        "image_size_x": 1820,
        "image_size_y": 1240,
        "fov": 90,
        "sensor_tick": 0.1
    },
    "filtered_objects": {}
}