{
    "camera_transform": {
        "location": {
            "x": 5.542774677276611,
            "y": -27.674400329589844,
            "z": 2.1798672676086426
        },
        "rotation": {
            "pitch": -0.0024110565427690744,
            "yaw": -108.03331756591797,
            "roll": -0.0018615720327943563
        }
    },
    "camera_parameters": {
        "image_size_x": 1820,
        "image_size_y": 1240,
        "fov": 90,
        "sensor_tick": 0.1
    },
    "filtered_objects": {}
}