{
    "camera_transform": {
        "location": {
            "x": 24.879945755004883,
            "y": 244.5341033935547,
            "z": 2.173031806945801
        },
        "rotation": {
            "pitch": 0.0,
            "yaw": 0.019545903429389,
            "roll": 0.0
        }
    },
    "camera_parameters": {
        "image_size_x": 1820,
        "image_size_y": 1240,
        "fov": 90,
        "sensor_tick": 0.1
    },
    "filtered_objects": {}
}