{
    "camera_transform": {
        "location": {
            "x": 97.38443756103516,
            "y": -195.0568084716797,
            "z": 2.1800436973571777
        },
        "rotation": {
            "pitch": 0.016645170748233795,
            "yaw": 1.4390002489089966,
            "roll": 0.003048824379220605
        }
    },
    "camera_parameters": {
        "image_size_x": 1820,
        "image_size_y": 1240,
        "fov": 90,
        "sensor_tick": 0.1
    },
    "filtered_objects": {}
}