{
    "camera_transform": {
        "location": {
            "x": 16.63008689880371,
            "y": 69.7190170288086,
            "z": 2.1802470684051514
        },
        "rotation": {
            "pitch": -6.147169915493578e-05,
            "yaw": 0.07327719777822495,
            "roll": 0.0038352874107658863
        }
    },
    "camera_parameters": {
        "image_size_x": 1820,
        "image_size_y": 1240,
        "fov": 90,
        "sensor_tick": 0.1
    },
    "filtered_objects": {}
}