{
    "camera_transform": {
        "location": {
            "x": 10.200715065002441,
            "y": -149.0817108154297,
            "z": 2.179755926132202
        },
        "rotation": {
            "pitch": 0.0020558869000524282,
            "yaw": -88.58641815185547,
            "roll": 3.770663170143962e-05
        }
    },
    "camera_parameters": {
        "image_size_x": 1820,
        "image_size_y": 1240,
        "fov": 90,
        "sensor_tick": 0.1
    },
    "filtered_objects": {}
}