{
    "camera_transform": {
        "location": {
            "x": -13.601542472839355,
            "y": -138.56373596191406,
            "z": 2.1731863021850586
        },
        "rotation": {
            "pitch": -3.415094397496432e-05,
            "yaw": -178.77268981933594,
            "roll": 9.05954948393628e-06
        }
    },
    "camera_parameters": {
        "image_size_x": 1820,
        "image_size_y": 1240,
        "fov": 90,
        "sensor_tick": 0.1
    },
    "filtered_objects": {}
}