{
    "camera_transform": {
        "location": {
            "x": -11.023695945739746,
            "y": 36.4728889465332,
            "z": 2.1731793880462646
        },
        "rotation": {
            "pitch": 5.464151035994291e-05,
            "yaw": 98.62482452392578,
            "roll": -3.051757266803179e-05
        }
    },
    "camera_parameters": {
        "image_size_x": 1820,
        "image_size_y": 1240,
        "fov": 90,
        "sensor_tick": 0.1
    },
    "filtered_objects": {}
}