{
    "camera_transform": {
        "location": {
            "x": 27.39402961730957,
            "y": -64.39982604980469,
            "z": 2.1802401542663574
        },
        "rotation": {
            "pitch": -0.0005532453069463372,
            "yaw": 179.9765625,
            "roll": 0.004837598651647568
        }
    },
    "camera_parameters": {
        "image_size_x": 1820,
        "image_size_y": 1240,
        "fov": 90,
        "sensor_tick": 0.1
    },
    "filtered_objects": {}
}