{
    "camera_transform": {
        "location": {
            "x": -85.13944244384766,
            "y": -90.43803405761719,
            "z": 1.4510515928268433
        },
        "rotation": {
            "pitch": -1.2177133560180664,
            "yaw": 89.84307861328125,
            "roll": 0.001919182832352817
        }
    },
    "camera_parameters": {
        "image_size_x": 1820,
        "image_size_y": 1240,
        "fov": 90,
        "sensor_tick": 0.1
    },
    "filtered_objects": {}
}