{
    "camera_transform": {
        "location": {
            "x": -41.674720764160156,
            "y": 46.40550231933594,
            "z": 2.1802780628204346
        },
        "rotation": {
            "pitch": -0.00045762263471260667,
            "yaw": -90.16118621826172,
            "roll": 0.00227124965749681
        }
    },
    "camera_parameters": {
        "image_size_x": 1820,
        "image_size_y": 1240,
        "fov": 90,
        "sensor_tick": 0.1
    },
    "filtered_objects": {}
}