{
    "camera_transform": {
        "location": {
            "x": 244.37985229492188,
            "y": 61.77119064331055,
            "z": 2.1842522621154785
        },
        "rotation": {
            "pitch": -0.1125478520989418,
            "yaw": -88.6065444946289,
            "roll": 0.06042401120066643
        }
    },
    "camera_parameters": {
        "image_size_x": 1820,
        "image_size_y": 1240,
        "fov": 90,
        "sensor_tick": 0.1
    },
    "filtered_objects": {}
}