{
    "camera_transform": {
        "location": {
            "x": 194.56761169433594,
            "y": -2.039858818054199,
            "z": 2.1798295974731445
        },
        "rotation": {
            "pitch": 0.0,
            "yaw": -179.1441650390625,
            "roll": 0.0
        }
    },
    "camera_parameters": {
        "image_size_x": 1820,
        "image_size_y": 1240,
        "fov": 90,
        "sensor_tick": 0.1
    },
    "filtered_objects": {}
}