{
    "camera_transform": {
        "location": {
            "x": -21.081459045410156,
            "y": -204.73712158203125,
            "z": 2.179624080657959
        },
        "rotation": {
            "pitch": 0.0,
            "yaw": -178.5604705810547,
            "roll": 1.2594412510225084e-05
        }
    },
    "camera_parameters": {
        "image_size_x": 1820,
        "image_size_y": 1240,
        "fov": 90,
        "sensor_tick": 0.1
    },
    "filtered_objects": {}
}