{
    "camera_transform": {
        "location": {
            "x": 62.31302261352539,
            "y": 24.85938262939453,
            "z": 2.180408477783203
        },
        "rotation": {
            "pitch": -0.0006147170206531882,
            "yaw": 0.15922212600708008,
            "roll": 0.003891953267157078
        }
    },
    "camera_parameters": {
        "image_size_x": 1820,
        "image_size_y": 1240,
        "fov": 90,
        "sensor_tick": 0.1
    },
    "filtered_objects": {}
}