{
    "camera_transform": {
        "location": {
            "x": -88.04739379882812,
            "y": 69.3395767211914,
            "z": 3.0122978687286377
        },
        "rotation": {
            "pitch": 0.08331464231014252,
            "yaw": 89.78699493408203,
            "roll": -0.00042724746163003147
        }
    },
    "camera_parameters": {
        "image_size_x": 1820,
        "image_size_y": 1240,
        "fov": 90,
        "sensor_tick": 0.1
    },
    "filtered_objects": {}
}