{
    "camera_transform": {
        "location": {
            "x": 392.4700012207031,
            "y": 215.39999389648438,
            "z": 2.1726021766662598
        },
        "rotation": {
            "pitch": 0.0,
            "yaw": 90.00004577636719,
            "roll": 0.0
        }
    },
    "camera_parameters": {
        "image_size_x": 1820,
        "image_size_y": 1240,
        "fov": 90,
        "sensor_tick": 0.1
    },
    "filtered_objects": {}
}