{
    "camera_transform": {
        "location": {
            "x": -74.39389038085938,
            "y": -21.07052993774414,
            "z": 2.0113985538482666
        },
        "rotation": {
            "pitch": -0.6340327858924866,
            "yaw": -90.15166473388672,
            "roll": 0.0028695487417280674
        }
    },
    "camera_parameters": {
        "image_size_x": 1820,
        "image_size_y": 1240,
        "fov": 90,
        "sensor_tick": 0.1
    },
    "filtered_objects": {}
}