{
    "camera_transform": {
        "location": {
            "x": -88.30535125732422,
            "y": 24.017990112304688,
            "z": 2.2318620681762695
        },
        "rotation": {
            "pitch": 0.3505389392375946,
            "yaw": 89.8422622680664,
            "roll": 0.1643555611371994
        }
    },
    "camera_parameters": {
        "image_size_x": 1820,
        "image_size_y": 1240,
        "fov": 90,
        "sensor_tick": 0.1
    },
    "filtered_objects": {}
}