{
    "camera_transform": {
        "location": {
            "x": -85.14209747314453,
            "y": -90.4376220703125,
            "z": 1.4517440795898438
        },
        "rotation": {
            "pitch": -1.2185057401657104,
            "yaw": 89.84339904785156,
            "roll": -0.00015264654939528555
        }
    },
    "camera_parameters": {
        "image_size_x": 1820,
        "image_size_y": 1240,
        "fov": 90,
        "sensor_tick": 0.1
    },
    "filtered_objects": {}
}