{
    "camera_transform": {
        "location": {
            "x": 218.37757873535156,
            "y": 25.805519104003906,
            "z": -0.23614837229251862
        },
        "rotation": {
            "pitch": -44.66826629638672,
            "yaw": 99.88431549072266,
            "roll": 154.5925750732422
        }
    },
    "camera_parameters": {
        "image_size_x": 1820,
        "image_size_y": 1240,
        "fov": 90,
        "sensor_tick": 0.1
    },
    "filtered_objects": {}
}