{
    "camera_transform": {
        "location": {
            "x": 29.837730407714844,
            "y": 130.4437255859375,
            "z": 2.1804285049438477
        },
        "rotation": {
            "pitch": -0.0004917735932394862,
            "yaw": -179.67950439453125,
            "roll": 0.0046525015495717525
        }
    },
    "camera_parameters": {
        "image_size_x": 1820,
        "image_size_y": 1240,
        "fov": 90,
        "sensor_tick": 0.1
    },
    "filtered_objects": {}
}