{
    "camera_transform": {
        "location": {
            "x": 173.9246826171875,
            "y": -186.1686553955078,
            "z": 41.62128829956055
        },
        "rotation": {
            "pitch": -34.26633071899414,
            "yaw": 133.95401000976562,
            "roll": -61.47688293457031
        }
    },
    "camera_parameters": {
        "image_size_x": 1820,
        "image_size_y": 1240,
        "fov": 90,
        "sensor_tick": 0.1
    },
    "filtered_objects": {}
}