{
    "camera_transform": {
        "location": {
            "x": -119.99342346191406,
            "y": -3.2343382835388184,
            "z": 2.172877311706543
        },
        "rotation": {
            "pitch": 0.0,
            "yaw": -179.7053985595703,
            "roll": 0.0
        }
    },
    "camera_parameters": {
        "image_size_x": 1820,
        "image_size_y": 1240,
        "fov": 90,
        "sensor_tick": 0.1
    },
    "filtered_objects": {}
}