{
    "camera_transform": {
        "location": {
            "x": 3.126286745071411,
            "y": 133.70838928222656,
            "z": 2.1802303791046143
        },
        "rotation": {
            "pitch": -0.0002458867966197431,
            "yaw": -179.64779663085938,
            "roll": 0.005415569059550762
        }
    },
    "camera_parameters": {
        "image_size_x": 1820,
        "image_size_y": 1240,
        "fov": 90,
        "sensor_tick": 0.1
    },
    "filtered_objects": {}
}