{
    "camera_transform": {
        "location": {
            "x": -88.1584243774414,
            "y": 39.20813751220703,
            "z": 2.4568560123443604
        },
        "rotation": {
            "pitch": 1.183227777481079,
            "yaw": 89.78800964355469,
            "roll": -6.105783540988341e-05
        }
    },
    "camera_parameters": {
        "image_size_x": 1820,
        "image_size_y": 1240,
        "fov": 90,
        "sensor_tick": 0.1
    },
    "filtered_objects": {}
}