{
    "camera_transform": {
        "location": {
            "x": -48.66288375854492,
            "y": -40.85404586791992,
            "z": 2.1698708534240723
        },
        "rotation": {
            "pitch": 0.00323067931458354,
            "yaw": 90.432373046875,
            "roll": -0.01599120907485485
        }
    },
    "camera_parameters": {
        "image_size_x": 1820,
        "image_size_y": 1240,
        "fov": 90,
        "sensor_tick": 0.1
    },
    "filtered_objects": {}
}