{
    "camera_transform": {
        "location": {
            "x": 151.96449279785156,
            "y": -17.33751106262207,
            "z": 2.480165958404541
        },
        "rotation": {
            "pitch": 3.515061140060425,
            "yaw": -89.03649139404297,
            "roll": -0.3334349989891052
        }
    },
    "camera_parameters": {
        "image_size_x": 1820,
        "image_size_y": 1240,
        "fov": 90,
        "sensor_tick": 0.1
    },
    "filtered_objects": {}
}