{
    "camera_transform": {
        "location": {
            "x": -48.669036865234375,
            "y": 49.45533752441406,
            "z": 2.180724859237671
        },
        "rotation": {
            "pitch": -0.0007035094313323498,
            "yaw": 89.83879852294922,
            "roll": 0.00020466656133066863
        }
    },
    "camera_parameters": {
        "image_size_x": 1820,
        "image_size_y": 1240,
        "fov": 90,
        "sensor_tick": 0.1
    },
    "filtered_objects": {}
}