{
    "camera_transform": {
        "location": {
            "x": -5.746026992797852,
            "y": 164.08663940429688,
            "z": 2.1795616149902344
        },
        "rotation": {
            "pitch": 0.0,
            "yaw": 89.63746643066406,
            "roll": 0.0
        }
    },
    "camera_parameters": {
        "image_size_x": 1820,
        "image_size_y": 1240,
        "fov": 90,
        "sensor_tick": 0.1
    },
    "filtered_objects": {}
}