{
    "camera_transform": {
        "location": {
            "x": -84.79952239990234,
            "y": 29.508222579956055,
            "z": 2.2719054222106934
        },
        "rotation": {
            "pitch": 0.37589260935783386,
            "yaw": 89.84500122070312,
            "roll": 0.004243799485266209
        }
    },
    "camera_parameters": {
        "image_size_x": 1820,
        "image_size_y": 1240,
        "fov": 90,
        "sensor_tick": 0.1
    },
    "filtered_objects": {}
}