{
    "camera_transform": {
        "location": {
            "x": 127.40621948242188,
            "y": -201.27294921875,
            "z": 2.179727554321289
        },
        "rotation": {
            "pitch": 0.0,
            "yaw": -178.56048583984375,
            "roll": 3.422704139666166e-06
        }
    },
    "camera_parameters": {
        "image_size_x": 1820,
        "image_size_y": 1240,
        "fov": 90,
        "sensor_tick": 0.1
    },
    "filtered_objects": {}
}