{
    "camera_transform": {
        "location": {
            "x": 61.76322937011719,
            "y": -7.45318078994751,
            "z": 2.170290231704712
        },
        "rotation": {
            "pitch": 0.0030940754804760218,
            "yaw": -179.1441650390625,
            "roll": -0.011688228696584702
        }
    },
    "camera_parameters": {
        "image_size_x": 1820,
        "image_size_y": 1240,
        "fov": 90,
        "sensor_tick": 0.1
    },
    "filtered_objects": {}
}