{
    "camera_transform": {
        "location": {
            "x": 122.20004272460938,
            "y": 59.01264572143555,
            "z": 2.1728625297546387
        },
        "rotation": {
            "pitch": 3.415094397496432e-05,
            "yaw": 179.85252380371094,
            "roll": 5.859684279130306e-06
        }
    },
    "camera_parameters": {
        "image_size_x": 1820,
        "image_size_y": 1240,
        "fov": 90,
        "sensor_tick": 0.1
    },
    "filtered_objects": {}
}