{
    "camera_transform": {
        "location": {
            "x": -77.89421081542969,
            "y": 49.49752426147461,
            "z": 2.75067138671875
        },
        "rotation": {
            "pitch": -1.445916771888733,
            "yaw": -90.15715789794922,
            "roll": -0.000732450804207474
        }
    },
    "camera_parameters": {
        "image_size_x": 1820,
        "image_size_y": 1240,
        "fov": 90,
        "sensor_tick": 0.1
    },
    "filtered_objects": {}
}