{
    "camera_transform": {
        "location": {
            "x": 202.44998168945312,
            "y": 330.4599914550781,
            "z": 2.179717540740967
        },
        "rotation": {
            "pitch": 0.0,
            "yaw": -9.1552734375e-05,
            "roll": 0.0
        }
    },
    "camera_parameters": {
        "image_size_x": 1820,
        "image_size_y": 1240,
        "fov": 90,
        "sensor_tick": 0.1
    },
    "filtered_objects": {}
}