{
    "camera_transform": {
        "location": {
            "x": 2.278740167617798,
            "y": 174.3782958984375,
            "z": 2.1730730533599854
        },
        "rotation": {
            "pitch": 0.0,
            "yaw": -90.36254119873047,
            "roll": 0.0
        }
    },
    "camera_parameters": {
        "image_size_x": 1820,
        "image_size_y": 1240,
        "fov": 90,
        "sensor_tick": 0.1
    },
    "filtered_objects": {}
}