{
    "camera_transform": {
        "location": {
            "x": -149.04922485351562,
            "y": 78.6436996459961,
            "z": 2.1799256801605225
        },
        "rotation": {
            "pitch": 6.830188794992864e-06,
            "yaw": 90.02980041503906,
            "roll": 3.969889439758845e-05
        }
    },
    "camera_parameters": {
        "image_size_x": 1820,
        "image_size_y": 1240,
        "fov": 90,
        "sensor_tick": 0.1
    },
    "filtered_objects": {}
}