{
    "camera_transform": {
        "location": {
            "x": 154.18170166015625,
            "y": -143.3437042236328,
            "z": 10.003769874572754
        },
        "rotation": {
            "pitch": -2.3005032539367676,
            "yaw": -89.01616668701172,
            "roll": 0.28201696276664734
        }
    },
    "camera_parameters": {
        "image_size_x": 1820,
        "image_size_y": 1240,
        "fov": 90,
        "sensor_tick": 0.1
    },
    "filtered_objects": {}
}