{
    "camera_transform": {
        "location": {
            "x": -6.557735919952393,
            "y": 46.00630569458008,
            "z": 2.179659843444824
        },
        "rotation": {
            "pitch": 0.0,
            "yaw": 89.63746643066406,
            "roll": 0.0
        }
    },
    "camera_parameters": {
        "image_size_x": 1820,
        "image_size_y": 1240,
        "fov": 90,
        "sensor_tick": 0.1
    },
    "filtered_objects": {}
}