{
    "camera_transform": {
        "location": {
            "x": -87.95768737792969,
            "y": 89.67069244384766,
            "z": 2.727933645248413
        },
        "rotation": {
            "pitch": -1.0227593183517456,
            "yaw": 89.78701782226562,
            "roll": 0.0010453455615788698
        }
    },
    "camera_parameters": {
        "image_size_x": 1820,
        "image_size_y": 1240,
        "fov": 90,
        "sensor_tick": 0.1
    },
    "filtered_objects": {}
}