{
    "camera_transform": {
        "location": {
            "x": 178.4450225830078,
            "y": 62.35074996948242,
            "z": 2.17679500579834
        },
        "rotation": {
            "pitch": -0.2824693024158478,
            "yaw": -0.1089477464556694,
            "roll": -0.4115905463695526
        }
    },
    "camera_parameters": {
        "image_size_x": 1820,
        "image_size_y": 1240,
        "fov": 90,
        "sensor_tick": 0.1
    },
    "filtered_objects": {}
}