{
    "camera_transform": {
        "location": {
            "x": -85.13484191894531,
            "y": 147.04295349121094,
            "z": 2.1795287132263184
        },
        "rotation": {
            "pitch": -0.14084532856941223,
            "yaw": 89.78765106201172,
            "roll": 6.269918912948924e-07
        }
    },
    "camera_parameters": {
        "image_size_x": 1820,
        "image_size_y": 1240,
        "fov": 90,
        "sensor_tick": 0.1
    },
    "filtered_objects": {}
}