{
    "camera_transform": {
        "location": {
            "x": 31.771459579467773,
            "y": -31.292787551879883,
            "z": 2.1801273822784424
        },
        "rotation": {
            "pitch": 0.0,
            "yaw": -88.46794891357422,
            "roll": 0.0
        }
    },
    "camera_parameters": {
        "image_size_x": 1820,
        "image_size_y": 1240,
        "fov": 90,
        "sensor_tick": 0.1
    },
    "filtered_objects": {}
}