{
    "camera_transform": {
        "location": {
            "x": 79.41692352294922,
            "y": -69.08891296386719,
            "z": 9.992696762084961
        },
        "rotation": {
            "pitch": -0.9093576669692993,
            "yaw": 92.03990173339844,
            "roll": -0.2617492377758026
        }
    },
    "camera_parameters": {
        "image_size_x": 1820,
        "image_size_y": 1240,
        "fov": 90,
        "sensor_tick": 0.1
    },
    "filtered_objects": {}
}