{
    "camera_transform": {
        "location": {
            "x": 19.32411766052246,
            "y": -134.3612518310547,
            "z": 2.2779505252838135
        },
        "rotation": {
            "pitch": 1.4093821048736572,
            "yaw": 1.248315453529358,
            "roll": -0.0798644870519638
        }
    },
    "camera_parameters": {
        "image_size_x": 1820,
        "image_size_y": 1240,
        "fov": 90,
        "sensor_tick": 0.1
    },
    "filtered_objects": {}
}