{
    "camera_transform": {
        "location": {
            "x": -28.261337280273438,
            "y": -6.453820705413818,
            "z": 2.1797468662261963
        },
        "rotation": {
            "pitch": 0.0,
            "yaw": 143.07748413085938,
            "roll": 0.0
        }
    },
    "camera_parameters": {
        "image_size_x": 1820,
        "image_size_y": 1240,
        "fov": 90,
        "sensor_tick": 0.1
    },
    "filtered_objects": {}
}