{
    "camera_transform": {
        "location": {
            "x": -88.63483428955078,
            "y": 152.3505401611328,
            "z": 2.1797971725463867
        },
        "rotation": {
            "pitch": 0.0,
            "yaw": 89.78770446777344,
            "roll": 0.0
        }
    },
    "camera_parameters": {
        "image_size_x": 1820,
        "image_size_y": 1240,
        "fov": 90,
        "sensor_tick": 0.1
    },
    "filtered_objects": {}
}