{
    "camera_transform": {
        "location": {
            "x": -104.92023468017578,
            "y": 136.27134704589844,
            "z": 2.178342580795288
        },
        "rotation": {
            "pitch": -3.415094397496432e-05,
            "yaw": -0.597900390625,
            "roll": -6.103515261202119e-05
        }
    },
    "camera_parameters": {
        "image_size_x": 1820,
        "image_size_y": 1240,
        "fov": 90,
        "sensor_tick": 0.1
    },
    "filtered_objects": {}
}