{
    "camera_transform": {
        "location": {
            "x": -99.38958740234375,
            "y": 20.854883193969727,
            "z": 2.179642915725708
        },
        "rotation": {
            "pitch": -0.1491098552942276,
            "yaw": 134.66078186035156,
            "roll": 0.0840577706694603
        }
    },
    "camera_parameters": {
        "image_size_x": 1820,
        "image_size_y": 1240,
        "fov": 90,
        "sensor_tick": 0.1
    },
    "filtered_objects": {}
}