{
    "camera_transform": {
        "location": {
            "x": -8.524456977844238,
            "y": 26.86174964904785,
            "z": 2.17984938621521
        },
        "rotation": {
            "pitch": 0.0,
            "yaw": 78.62483215332031,
            "roll": 0.0
        }
    },
    "camera_parameters": {
        "image_size_x": 1820,
        "image_size_y": 1240,
        "fov": 90,
        "sensor_tick": 0.1
    },
    "filtered_objects": {}
}