{
    "camera_transform": {
        "location": {
            "x": 149.31419372558594,
            "y": -65.33075714111328,
            "z": 9.970273971557617
        },
        "rotation": {
            "pitch": -1.0578254461288452,
            "yaw": 90.93710327148438,
            "roll": 0.8112941384315491
        }
    },
    "camera_parameters": {
        "image_size_x": 1820,
        "image_size_y": 1240,
        "fov": 90,
        "sensor_tick": 0.1
    },
    "filtered_objects": {}
}