{
    "camera_transform": {
        "location": {
            "x": 9.240617752075195,
            "y": -104.24065399169922,
            "z": 2.1842007637023926
        },
        "rotation": {
            "pitch": 0.058425433933734894,
            "yaw": -88.58672332763672,
            "roll": -0.14703369140625
        }
    },
    "camera_parameters": {
        "image_size_x": 1820,
        "image_size_y": 1240,
        "fov": 90,
        "sensor_tick": 0.1
    },
    "filtered_objects": {}
}