{
    "camera_transform": {
        "location": {
            "x": 6.701780319213867,
            "y": -159.26809692382812,
            "z": 2.1796464920043945
        },
        "rotation": {
            "pitch": 0.0,
            "yaw": -88.58641815185547,
            "roll": 0.0
        }
    },
    "camera_parameters": {
        "image_size_x": 1820,
        "image_size_y": 1240,
        "fov": 90,
        "sensor_tick": 0.1
    },
    "filtered_objects": {}
}