{
    "camera_transform": {
        "location": {
            "x": 148.1882781982422,
            "y": -60.76471710205078,
            "z": 9.408825874328613
        },
        "rotation": {
            "pitch": -7.074252128601074,
            "yaw": 92.15340423583984,
            "roll": 0.1871403455734253
        }
    },
    "camera_parameters": {
        "image_size_x": 1820,
        "image_size_y": 1240,
        "fov": 90,
        "sensor_tick": 0.1
    },
    "filtered_objects": {}
}