{
    "camera_transform": {
        "location": {
            "x": -84.55735778808594,
            "y": 99.15922546386719,
            "z": 2.5597479343414307
        },
        "rotation": {
            "pitch": -1.0232783555984497,
            "yaw": 89.78721618652344,
            "roll": 0.0010465732775628567
        }
    },
    "camera_parameters": {
        "image_size_x": 1820,
        "image_size_y": 1240,
        "fov": 90,
        "sensor_tick": 0.1
    },
    "filtered_objects": {}
}