{
    "camera_transform": {
        "location": {
            "x": 82.69246673583984,
            "y": -182.24110412597656,
            "z": 2.0381147861480713
        },
        "rotation": {
            "pitch": -1.2997097969055176,
            "yaw": 89.97561645507812,
            "roll": 0.028542378917336464
        }
    },
    "camera_parameters": {
        "image_size_x": 1820,
        "image_size_y": 1240,
        "fov": 90,
        "sensor_tick": 0.1
    },
    "filtered_objects": {}
}