{
    "camera_transform": {
        "location": {
            "x": 151.29415893554688,
            "y": -184.58474731445312,
            "z": 2.1416385173797607
        },
        "rotation": {
            "pitch": 0.10019204020500183,
            "yaw": 90.99784851074219,
            "roll": 0.3148637115955353
        }
    },
    "camera_parameters": {
        "image_size_x": 1820,
        "image_size_y": 1240,
        "fov": 90,
        "sensor_tick": 0.1
    },
    "filtered_objects": {}
}