{
    "camera_transform": {
        "location": {
            "x": 82.69197845458984,
            "y": -182.24050903320312,
            "z": 2.038097858428955
        },
        "rotation": {
            "pitch": -1.296321988105774,
            "yaw": 89.984130859375,
            "roll": 0.02692018449306488
        }
    },
    "camera_parameters": {
        "image_size_x": 1820,
        "image_size_y": 1240,
        "fov": 90,
        "sensor_tick": 0.1
    },
    "filtered_objects": {}
}