{
    "camera_transform": {
        "location": {
            "x": 7.937239646911621,
            "y": -58.85029602050781,
            "z": 2.178178310394287
        },
        "rotation": {
            "pitch": 0.00011611320951487869,
            "yaw": -88.58641815185547,
            "roll": 6.786461653973674e-06
        }
    },
    "camera_parameters": {
        "image_size_x": 1820,
        "image_size_y": 1240,
        "fov": 90,
        "sensor_tick": 0.1
    },
    "filtered_objects": {}
}