{
    "camera_transform": {
        "location": {
            "x": -77.89494323730469,
            "y": -10.6495361328125,
            "z": 2.1272666454315186
        },
        "rotation": {
            "pitch": -0.23162536323070526,
            "yaw": -90.15704345703125,
            "roll": -0.023071279749274254
        }
    },
    "camera_parameters": {
        "image_size_x": 1820,
        "image_size_y": 1240,
        "fov": 90,
        "sensor_tick": 0.1
    },
    "filtered_objects": {}
}