{
    "camera_transform": {
        "location": {
            "x": -88.15837097167969,
            "y": 39.20843505859375,
            "z": 2.465118408203125
        },
        "rotation": {
            "pitch": 1.1723268032073975,
            "yaw": 89.78810119628906,
            "roll": -0.00183114071842283
        }
    },
    "camera_parameters": {
        "image_size_x": 1820,
        "image_size_y": 1240,
        "fov": 90,
        "sensor_tick": 0.1
    },
    "filtered_objects": {}
}