{
    "camera_transform": {
        "location": {
            "x": 395.9599914550781,
            "y": 66.36003875732422,
            "z": 2.1721718311309814
        },
        "rotation": {
            "pitch": 0.0,
            "yaw": -90.0002670288086,
            "roll": 0.0
        }
    },
    "camera_parameters": {
        "image_size_x": 1820,
        "image_size_y": 1240,
        "fov": 90,
        "sensor_tick": 0.1
    },
    "filtered_objects": {}
}