{
    "camera_transform": {
        "location": {
            "x": -1.9357515573501587,
            "y": -84.73416137695312,
            "z": 2.172837734222412
        },
        "rotation": {
            "pitch": 0.0,
            "yaw": 92.00418853759766,
            "roll": 0.0
        }
    },
    "camera_parameters": {
        "image_size_x": 1820,
        "image_size_y": 1240,
        "fov": 90,
        "sensor_tick": 0.1
    },
    "filtered_objects": {}
}