{
    "camera_transform": {
        "location": {
            "x": 82.69241333007812,
            "y": -182.2410888671875,
            "z": 2.038102865219116
        },
        "rotation": {
            "pitch": -1.2965679168701172,
            "yaw": 89.9782943725586,
            "roll": 0.027424413710832596
        }
    },
    "camera_parameters": {
        "image_size_x": 1820,
        "image_size_y": 1240,
        "fov": 90,
        "sensor_tick": 0.1
    },
    "filtered_objects": {}
}