{
    "camera_transform": {
        "location": {
            "x": -2.7357418537139893,
            "y": -47.87287902832031,
            "z": 2.179976463317871
        },
        "rotation": {
            "pitch": 0.0,
            "yaw": 92.00420379638672,
            "roll": -6.103514533606358e-05
        }
    },
    "camera_parameters": {
        "image_size_x": 1820,
        "image_size_y": 1240,
        "fov": 90,
        "sensor_tick": 0.1
    },
    "filtered_objects": {}
}