{
    "camera_transform": {
        "location": {
            "x": -74.63082122802734,
            "y": -97.51251983642578,
            "z": 1.6057049036026
        },
        "rotation": {
            "pitch": 1.3013900518417358,
            "yaw": -90.15670776367188,
            "roll": 7.429746619891375e-05
        }
    },
    "camera_parameters": {
        "image_size_x": 1820,
        "image_size_y": 1240,
        "fov": 90,
        "sensor_tick": 0.1
    },
    "filtered_objects": {}
}