{
    "camera_transform": {
        "location": {
            "x": -17.90744972229004,
            "y": 133.7122039794922,
            "z": 2.1803488731384277
        },
        "rotation": {
            "pitch": -0.0003073585103265941,
            "yaw": -179.6478271484375,
            "roll": 0.0014188062632456422
        }
    },
    "camera_parameters": {
        "image_size_x": 1820,
        "image_size_y": 1240,
        "fov": 90,
        "sensor_tick": 0.1
    },
    "filtered_objects": {}
}