{
    "camera_transform": {
        "location": {
            "x": 0.5478379726409912,
            "y": 130.19253540039062,
            "z": 2.1803884506225586
        },
        "rotation": {
            "pitch": -0.0003961509501095861,
            "yaw": -179.64779663085938,
            "roll": 0.004472227301448584
        }
    },
    "camera_parameters": {
        "image_size_x": 1820,
        "image_size_y": 1240,
        "fov": 90,
        "sensor_tick": 0.1
    },
    "filtered_objects": {}
}