{
    "camera_transform": {
        "location": {
            "x": -48.89730453491211,
            "y": 207.1400909423828,
            "z": 2.1731467247009277
        },
        "rotation": {
            "pitch": 0.0,
            "yaw": 12.333605766296387,
            "roll": 0.0
        }
    },
    "camera_parameters": {
        "image_size_x": 1820,
        "image_size_y": 1240,
        "fov": 90,
        "sensor_tick": 0.1
    },
    "filtered_objects": {}
}