{
    "camera_transform": {
        "location": {
            "x": 142.25595092773438,
            "y": -135.22479248046875,
            "z": 10.172093391418457
        },
        "rotation": {
            "pitch": 0.0,
            "yaw": -178.77268981933594,
            "roll": 1.852098030497018e-08
        }
    },
    "camera_parameters": {
        "image_size_x": 1820,
        "image_size_y": 1240,
        "fov": 90,
        "sensor_tick": 0.1
    },
    "filtered_objects": {}
}