{
    "camera_transform": {
        "location": {
            "x": 2.338452100753784,
            "y": 186.7152099609375,
            "z": 2.1726694107055664
        },
        "rotation": {
            "pitch": 0.0,
            "yaw": -90.3625717163086,
            "roll": 9.57193222461683e-08
        }
    },
    "camera_parameters": {
        "image_size_x": 1820,
        "image_size_y": 1240,
        "fov": 90,
        "sensor_tick": 0.1
    },
    "filtered_objects": {}
}