{
    "camera_transform": {
        "location": {
            "x": 239.26499938964844,
            "y": 113.26040649414062,
            "z": 2.7356932163238525
        },
        "rotation": {
            "pitch": -1.1957952976226807,
            "yaw": -88.60604858398438,
            "roll": -6.111148104537278e-05
        }
    },
    "camera_parameters": {
        "image_size_x": 1820,
        "image_size_y": 1240,
        "fov": 90,
        "sensor_tick": 0.1
    },
    "filtered_objects": {}
}