{
    "camera_transform": {
        "location": {
            "x": -88.15841674804688,
            "y": 39.20818328857422,
            "z": 2.4570987224578857
        },
        "rotation": {
            "pitch": 1.182517409324646,
            "yaw": 89.78794860839844,
            "roll": -0.00030518232961185277
        }
    },
    "camera_parameters": {
        "image_size_x": 1820,
        "image_size_y": 1240,
        "fov": 90,
        "sensor_tick": 0.1
    },
    "filtered_objects": {}
}