{
    "camera_transform": {
        "location": {
            "x": 71.13282775878906,
            "y": 66.35366821289062,
            "z": 2.180609941482544
        },
        "rotation": {
            "pitch": -0.0007308301865123212,
            "yaw": -179.92672729492188,
            "roll": 0.0020753631833940744
        }
    },
    "camera_parameters": {
        "image_size_x": 1820,
        "image_size_y": 1240,
        "fov": 90,
        "sensor_tick": 0.1
    },
    "filtered_objects": {}
}