{
    "camera_transform": {
        "location": {
            "x": -74.3939208984375,
            "y": 97.24308013916016,
            "z": 2.5940775871276855
        },
        "rotation": {
            "pitch": 1.022322177886963,
            "yaw": -90.15643310546875,
            "roll": 0.0
        }
    },
    "camera_parameters": {
        "image_size_x": 1820,
        "image_size_y": 1240,
        "fov": 90,
        "sensor_tick": 0.1
    },
    "filtered_objects": {}
}