{
    "camera_transform": {
        "location": {
            "x": 584.3056640625,
            "y": -10.081507682800293,
            "z": 2.1800618171691895
        },
        "rotation": {
            "pitch": 0.0,
            "yaw": -179.58056640625,
            "roll": 0.0
        }
    },
    "camera_parameters": {
        "image_size_x": 1820,
        "image_size_y": 1240,
        "fov": 90,
        "sensor_tick": 0.1
    },
    "filtered_objects": {}
}