{
    "camera_transform": {
        "location": {
            "x": 159.80645751953125,
            "y": 9.061931610107422,
            "z": 2.179619312286377
        },
        "rotation": {
            "pitch": 0.00012977358710486442,
            "yaw": 0.8562174439430237,
            "roll": -0.005035399924963713
        }
    },
    "camera_parameters": {
        "image_size_x": 1820,
        "image_size_y": 1240,
        "fov": 90,
        "sensor_tick": 0.1
    },
    "filtered_objects": {}
}