{
    "camera_transform": {
        "location": {
            "x": 107.05106353759766,
            "y": -196.82546997070312,
            "z": 13.108454704284668
        },
        "rotation": {
            "pitch": 7.013449668884277,
            "yaw": -13.546466827392578,
            "roll": -12.816913604736328
        }
    },
    "camera_parameters": {
        "image_size_x": 1820,
        "image_size_y": 1240,
        "fov": 90,
        "sensor_tick": 0.1
    },
    "filtered_objects": {}
}