{
    "camera_transform": {
        "location": {
            "x": 106.19772338867188,
            "y": -108.0712661743164,
            "z": 45.81224822998047
        },
        "rotation": {
            "pitch": -31.312917709350586,
            "yaw": 88.37293243408203,
            "roll": 170.43077087402344
        }
    },
    "camera_parameters": {
        "image_size_x": 1820,
        "image_size_y": 1240,
        "fov": 90,
        "sensor_tick": 0.1
    },
    "filtered_objects": {}
}