{
    "camera_transform": {
        "location": {
            "x": 96.43289947509766,
            "y": -6.934455394744873,
            "z": 2.1798343658447266
        },
        "rotation": {
            "pitch": 0.0,
            "yaw": -179.1441650390625,
            "roll": 0.0
        }
    },
    "camera_parameters": {
        "image_size_x": 1820,
        "image_size_y": 1240,
        "fov": 90,
        "sensor_tick": 0.1
    },
    "filtered_objects": {}
}