{
    "camera_transform": {
        "location": {
            "x": -85.03397369384766,
            "y": -51.598323822021484,
            "z": 1.5808080434799194
        },
        "rotation": {
            "pitch": 0.8488558530807495,
            "yaw": 89.84346008300781,
            "roll": 0.002796495333313942
        }
    },
    "camera_parameters": {
        "image_size_x": 1820,
        "image_size_y": 1240,
        "fov": 90,
        "sensor_tick": 0.1
    },
    "filtered_objects": {}
}