{
    "camera_transform": {
        "location": {
            "x": 143.77615356445312,
            "y": -2.8842685222625732,
            "z": 2.178813934326172
        },
        "rotation": {
            "pitch": 0.0,
            "yaw": -179.1441650390625,
            "roll": -0.1459350287914276
        }
    },
    "camera_parameters": {
        "image_size_x": 1820,
        "image_size_y": 1240,
        "fov": 90,
        "sensor_tick": 0.1
    },
    "filtered_objects": {}
}