{
    "camera_transform": {
        "location": {
            "x": 71.67024230957031,
            "y": -206.20640563964844,
            "z": 2.179818868637085
        },
        "rotation": {
            "pitch": 0.0,
            "yaw": -178.5604705810547,
            "roll": 4.701496072812006e-05
        }
    },
    "camera_parameters": {
        "image_size_x": 1820,
        "image_size_y": 1240,
        "fov": 90,
        "sensor_tick": 0.1
    },
    "filtered_objects": {}
}