{
    "camera_transform": {
        "location": {
            "x": 26.251731872558594,
            "y": -193.54942321777344,
            "z": 2.179753303527832
        },
        "rotation": {
            "pitch": 0.0,
            "yaw": 1.4395982027053833,
            "roll": 0.0
        }
    },
    "camera_parameters": {
        "image_size_x": 1820,
        "image_size_y": 1240,
        "fov": 90,
        "sensor_tick": 0.1
    },
    "filtered_objects": {}
}