{
    "camera_transform": {
        "location": {
            "x": 80.95459747314453,
            "y": -13.994207382202148,
            "z": 2.395728826522827
        },
        "rotation": {
            "pitch": 1.103717565536499,
            "yaw": -87.9757308959961,
            "roll": -0.16741937398910522
        }
    },
    "camera_parameters": {
        "image_size_x": 1820,
        "image_size_y": 1240,
        "fov": 90,
        "sensor_tick": 0.1
    },
    "filtered_objects": {}
}