{
    "camera_transform": {
        "location": {
            "x": -58.79911804199219,
            "y": 131.71034240722656,
            "z": 2.1803789138793945
        },
        "rotation": {
            "pitch": -0.00045762263471260667,
            "yaw": 176.6312713623047,
            "roll": 0.00275194994173944
        }
    },
    "camera_parameters": {
        "image_size_x": 1820,
        "image_size_y": 1240,
        "fov": 90,
        "sensor_tick": 0.1
    },
    "filtered_objects": {}
}