{
    "camera_transform": {
        "location": {
            "x": -77.69416046142578,
            "y": 65.85753631591797,
            "z": 3.01084041595459
        },
        "rotation": {
            "pitch": 0.04120652750134468,
            "yaw": -90.15685272216797,
            "roll": -0.00021362521511036903
        }
    },
    "camera_parameters": {
        "image_size_x": 1820,
        "image_size_y": 1240,
        "fov": 90,
        "sensor_tick": 0.1
    },
    "filtered_objects": {}
}