{
    "camera_transform": {
        "location": {
            "x": 240.87844848632812,
            "y": 51.08980941772461,
            "z": 2.1800589561462402
        },
        "rotation": {
            "pitch": 0.0,
            "yaw": -88.60533905029297,
            "roll": 6.014491646055831e-06
        }
    },
    "camera_parameters": {
        "image_size_x": 1820,
        "image_size_y": 1240,
        "fov": 90,
        "sensor_tick": 0.1
    },
    "filtered_objects": {}
}