{
    "camera_transform": {
        "location": {
            "x": 9.240519523620605,
            "y": -104.2406234741211,
            "z": 2.1780917644500732
        },
        "rotation": {
            "pitch": 0.05883524566888809,
            "yaw": -88.58667755126953,
            "roll": -0.1511230617761612
        }
    },
    "camera_parameters": {
        "image_size_x": 1820,
        "image_size_y": 1240,
        "fov": 90,
        "sensor_tick": 0.1
    },
    "filtered_objects": {}
}