{
    "camera_transform": {
        "location": {
            "x": 82.69218444824219,
            "y": -182.24072265625,
            "z": 2.0381264686584473
        },
        "rotation": {
            "pitch": -1.297974944114685,
            "yaw": 89.97919464111328,
            "roll": 0.028364192694425583
        }
    },
    "camera_parameters": {
        "image_size_x": 1820,
        "image_size_y": 1240,
        "fov": 90,
        "sensor_tick": 0.1
    },
    "filtered_objects": {}
}