{
    "camera_transform": {
        "location": {
            "x": 151.45578002929688,
            "y": -193.40646362304688,
            "z": 2.1765880584716797
        },
        "rotation": {
            "pitch": -0.04666385054588318,
            "yaw": 91.00959777832031,
            "roll": 0.08493944257497787
        }
    },
    "camera_parameters": {
        "image_size_x": 1820,
        "image_size_y": 1240,
        "fov": 90,
        "sensor_tick": 0.1
    },
    "filtered_objects": {}
}