{
    "camera_transform": {
        "location": {
            "x": 194.8965606689453,
            "y": 9.845708847045898,
            "z": 2.1799490451812744
        },
        "rotation": {
            "pitch": 0.0,
            "yaw": 0.8558040261268616,
            "roll": 0.0
        }
    },
    "camera_parameters": {
        "image_size_x": 1820,
        "image_size_y": 1240,
        "fov": 90,
        "sensor_tick": 0.1
    },
    "filtered_objects": {}
}