{
    "camera_transform": {
        "location": {
            "x": 239.2649688720703,
            "y": 113.26090240478516,
            "z": 2.745124340057373
        },
        "rotation": {
            "pitch": -1.1842317581176758,
            "yaw": -88.60617065429688,
            "roll": -3.052892498089932e-05
        }
    },
    "camera_parameters": {
        "image_size_x": 1820,
        "image_size_y": 1240,
        "fov": 90,
        "sensor_tick": 0.1
    },
    "filtered_objects": {}
}