{
    "camera_transform": {
        "location": {
            "x": 3.5065059661865234,
            "y": 66.27867126464844,
            "z": 2.1804819107055664
        },
        "rotation": {
            "pitch": -0.0006147170206531882,
            "yaw": -179.92672729492188,
            "roll": 0.002376351272687316
        }
    },
    "camera_parameters": {
        "image_size_x": 1820,
        "image_size_y": 1240,
        "fov": 90,
        "sensor_tick": 0.1
    },
    "filtered_objects": {}
}