{
    "camera_transform": {
        "location": {
            "x": -104.00220489501953,
            "y": 132.6828155517578,
            "z": 2.1797432899475098
        },
        "rotation": {
            "pitch": 0.0008606037590652704,
            "yaw": 178.70327758789062,
            "roll": 2.098293225571979e-05
        }
    },
    "camera_parameters": {
        "image_size_x": 1820,
        "image_size_y": 1240,
        "fov": 90,
        "sensor_tick": 0.1
    },
    "filtered_objects": {}
}