{
    "camera_transform": {
        "location": {
            "x": -6.676014423370361,
            "y": 140.72767639160156,
            "z": 2.1800999641418457
        },
        "rotation": {
            "pitch": -0.0003961509501095861,
            "yaw": 0.3521523177623749,
            "roll": 0.006093909032642841
        }
    },
    "camera_parameters": {
        "image_size_x": 1820,
        "image_size_y": 1240,
        "fov": 90,
        "sensor_tick": 0.1
    },
    "filtered_objects": {}
}