{
    "camera_transform": {
        "location": {
            "x": 125.0667953491211,
            "y": 45.25639724731445,
            "z": 2.172780990600586
        },
        "rotation": {
            "pitch": 0.0,
            "yaw": -0.0539550743997097,
            "roll": 0.0
        }
    },
    "camera_parameters": {
        "image_size_x": 1820,
        "image_size_y": 1240,
        "fov": 90,
        "sensor_tick": 0.1
    },
    "filtered_objects": {}
}