{
    "camera_transform": {
        "location": {
            "x": -74.3940200805664,
            "y": 56.90663528442383,
            "z": 2.920614004135132
        },
        "rotation": {
            "pitch": -0.7759367823600769,
            "yaw": -90.15678405761719,
            "roll": -0.00027472685906104743
        }
    },
    "camera_parameters": {
        "image_size_x": 1820,
        "image_size_y": 1240,
        "fov": 90,
        "sensor_tick": 0.1
    },
    "filtered_objects": {}
}