{
    "camera_transform": {
        "location": {
            "x": 96.43289184570312,
            "y": -6.934483051300049,
            "z": 2.1730825901031494
        },
        "rotation": {
            "pitch": -3.415094397496432e-05,
            "yaw": -179.1441650390625,
            "roll": -3.0517569030052982e-05
        }
    },
    "camera_parameters": {
        "image_size_x": 1820,
        "image_size_y": 1240,
        "fov": 90,
        "sensor_tick": 0.1
    },
    "filtered_objects": {}
}