{
    "camera_transform": {
        "location": {
            "x": -84.78822326660156,
            "y": 33.86174392700195,
            "z": 2.3579084873199463
        },
        "rotation": {
            "pitch": 0.9881097674369812,
            "yaw": 89.84355163574219,
            "roll": 0.0
        }
    },
    "camera_parameters": {
        "image_size_x": 1820,
        "image_size_y": 1240,
        "fov": 90,
        "sensor_tick": 0.1
    },
    "filtered_objects": {}
}