{
    "camera_transform": {
        "location": {
            "x": -77.89385223388672,
            "y": 30.676095962524414,
            "z": 2.3047099113464355
        },
        "rotation": {
            "pitch": -0.9998167157173157,
            "yaw": -90.15664672851562,
            "roll": 0.0004873654979746789
        }
    },
    "camera_parameters": {
        "image_size_x": 1820,
        "image_size_y": 1240,
        "fov": 90,
        "sensor_tick": 0.1
    },
    "filtered_objects": {}
}