{
    "camera_transform": {
        "location": {
            "x": 17.952823638916016,
            "y": 13.189156532287598,
            "z": 2.180319309234619
        },
        "rotation": {
            "pitch": 2.0490566384978592e-05,
            "yaw": -179.84078979492188,
            "roll": -3.051757266803179e-05
        }
    },
    "camera_parameters": {
        "image_size_x": 1820,
        "image_size_y": 1240,
        "fov": 90,
        "sensor_tick": 0.1
    },
    "filtered_objects": {}
}