{
    "camera_transform": {
        "location": {
            "x": 154.18185424804688,
            "y": -143.34500122070312,
            "z": 10.002104759216309
        },
        "rotation": {
            "pitch": -2.3149969577789307,
            "yaw": -89.01212310791016,
            "roll": 0.2768932282924652
        }
    },
    "camera_parameters": {
        "image_size_x": 1820,
        "image_size_y": 1240,
        "fov": 90,
        "sensor_tick": 0.1
    },
    "filtered_objects": {}
}