{
    "camera_transform": {
        "location": {
            "x": -48.662498474121094,
            "y": -40.85391616821289,
            "z": 2.1802546977996826
        },
        "rotation": {
            "pitch": -0.00033467926550656557,
            "yaw": 90.4323501586914,
            "roll": 0.0017274870770052075
        }
    },
    "camera_parameters": {
        "image_size_x": 1820,
        "image_size_y": 1240,
        "fov": 90,
        "sensor_tick": 0.1
    },
    "filtered_objects": {}
}