{
    "camera_transform": {
        "location": {
            "x": 211.62911987304688,
            "y": -1.7276862859725952,
            "z": 2.1722755432128906
        },
        "rotation": {
            "pitch": 0.0,
            "yaw": -179.1441650390625,
            "roll": 0.0
        }
    },
    "camera_parameters": {
        "image_size_x": 1820,
        "image_size_y": 1240,
        "fov": 90,
        "sensor_tick": 0.1
    },
    "filtered_objects": {}
}