{
    "camera_transform": {
        "location": {
            "x": -89.05437469482422,
            "y": 90.60983276367188,
            "z": 2.7099075317382812
        },
        "rotation": {
            "pitch": -1.0121724605560303,
            "yaw": 91.72657775878906,
            "roll": -0.03750604763627052
        }
    },
    "camera_parameters": {
        "image_size_x": 1820,
        "image_size_y": 1240,
        "fov": 90,
        "sensor_tick": 0.1
    },
    "filtered_objects": {}
}