{
    "camera_transform": {
        "location": {
            "x": 19.32563018798828,
            "y": -134.35890197753906,
            "z": 2.273468255996704
        },
        "rotation": {
            "pitch": 1.3683327436447144,
            "yaw": 1.2494330406188965,
            "roll": -0.008972167037427425
        }
    },
    "camera_parameters": {
        "image_size_x": 1820,
        "image_size_y": 1240,
        "fov": 90,
        "sensor_tick": 0.1
    },
    "filtered_objects": {}
}