{
    "camera_transform": {
        "location": {
            "x": 85.68348693847656,
            "y": -147.6680145263672,
            "z": 9.826498985290527
        },
        "rotation": {
            "pitch": -5.049988746643066,
            "yaw": -88.14877319335938,
            "roll": 0.14980851113796234
        }
    },
    "camera_parameters": {
        "image_size_x": 1820,
        "image_size_y": 1240,
        "fov": 90,
        "sensor_tick": 0.1
    },
    "filtered_objects": {}
}