{
    "camera_transform": {
        "location": {
            "x": -85.0335693359375,
            "y": -51.59846115112305,
            "z": 1.5713778734207153
        },
        "rotation": {
            "pitch": 0.8516630530357361,
            "yaw": 89.84332275390625,
            "roll": -0.009155252017080784
        }
    },
    "camera_parameters": {
        "image_size_x": 1820,
        "image_size_y": 1240,
        "fov": 90,
        "sensor_tick": 0.1
    },
    "filtered_objects": {}
}