{
    "camera_transform": {
        "location": {
            "x": -149.01226806640625,
            "y": 7.6597771644592285,
            "z": 2.1805360317230225
        },
        "rotation": {
            "pitch": 0.0,
            "yaw": 90.0298080444336,
            "roll": 0.0
        }
    },
    "camera_parameters": {
        "image_size_x": 1820,
        "image_size_y": 1240,
        "fov": 90,
        "sensor_tick": 0.1
    },
    "filtered_objects": {}
}