{
    "camera_transform": {
        "location": {
            "x": 346.08203125,
            "y": 45.295902252197266,
            "z": 2.172881841659546
        },
        "rotation": {
            "pitch": 0.0,
            "yaw": -0.02789306640625,
            "roll": 0.0
        }
    },
    "camera_parameters": {
        "image_size_x": 1820,
        "image_size_y": 1240,
        "fov": 90,
        "sensor_tick": 0.1
    },
    "filtered_objects": {}
}