{
    "camera_transform": {
        "location": {
            "x": 203.7488250732422,
            "y": 6.346101760864258,
            "z": 2.1731274127960205
        },
        "rotation": {
            "pitch": 0.0,
            "yaw": 0.8558040261268616,
            "roll": 0.0
        }
    },
    "camera_parameters": {
        "image_size_x": 1820,
        "image_size_y": 1240,
        "fov": 90,
        "sensor_tick": 0.1
    },
    "filtered_objects": {}
}