{
    "camera_transform": {
        "location": {
            "x": -21.282516479492188,
            "y": -64.73613739013672,
            "z": 2.180377960205078
        },
        "rotation": {
            "pitch": -0.0005190943484194577,
            "yaw": -179.40322875976562,
            "roll": 0.004419056698679924
        }
    },
    "camera_parameters": {
        "image_size_x": 1820,
        "image_size_y": 1240,
        "fov": 90,
        "sensor_tick": 0.1
    },
    "filtered_objects": {}
}