{
    "camera_transform": {
        "location": {
            "x": -45.31929397583008,
            "y": -28.064958572387695,
            "z": 2.1805996894836426
        },
        "rotation": {
            "pitch": -0.0005805660621263087,
            "yaw": -89.5676498413086,
            "roll": 0.0028287582099437714
        }
    },
    "camera_parameters": {
        "image_size_x": 1820,
        "image_size_y": 1240,
        "fov": 90,
        "sensor_tick": 0.1
    },
    "filtered_objects": {}
}