{
    "camera_transform": {
        "location": {
            "x": -102.08209991455078,
            "y": -140.3938751220703,
            "z": 2.4105746746063232
        },
        "rotation": {
            "pitch": 1.0831860303878784,
            "yaw": -178.77349853515625,
            "roll": 0.0732729360461235
        }
    },
    "camera_parameters": {
        "image_size_x": 1820,
        "image_size_y": 1240,
        "fov": 90,
        "sensor_tick": 0.1
    },
    "filtered_objects": {}
}