{
    "camera_transform": {
        "location": {
            "x": -58.56076431274414,
            "y": -2.932356834411621,
            "z": 2.178312063217163
        },
        "rotation": {
            "pitch": -0.0006147170206531882,
            "yaw": -179.70530700683594,
            "roll": 9.504182685304841e-07
        }
    },
    "camera_parameters": {
        "image_size_x": 1820,
        "image_size_y": 1240,
        "fov": 90,
        "sensor_tick": 0.1
    },
    "filtered_objects": {}
}