{
    "camera_transform": {
        "location": {
            "x": 2.338453531265259,
            "y": 186.7152099609375,
            "z": 2.1797587871551514
        },
        "rotation": {
            "pitch": 0.0,
            "yaw": -90.36254119873047,
            "roll": 0.0
        }
    },
    "camera_parameters": {
        "image_size_x": 1820,
        "image_size_y": 1240,
        "fov": 90,
        "sensor_tick": 0.1
    },
    "filtered_objects": {}
}