{
    "camera_transform": {
        "location": {
            "x": 108.07198333740234,
            "y": 199.44183349609375,
            "z": 2.1721506118774414
        },
        "rotation": {
            "pitch": 0.0,
            "yaw": 6.1035138060105965e-05,
            "roll": 0.0
        }
    },
    "camera_parameters": {
        "image_size_x": 1820,
        "image_size_y": 1240,
        "fov": 90,
        "sensor_tick": 0.1
    },
    "filtered_objects": {}
}