{
    "camera_transform": {
        "location": {
            "x": -88.04739379882812,
            "y": 69.33959197998047,
            "z": 3.011788845062256
        },
        "rotation": {
            "pitch": 0.08364932239055634,
            "yaw": 89.7870864868164,
            "roll": -0.0002136170514859259
        }
    },
    "camera_parameters": {
        "image_size_x": 1820,
        "image_size_y": 1240,
        "fov": 90,
        "sensor_tick": 0.1
    },
    "filtered_objects": {}
}