{
    "camera_transform": {
        "location": {
            "x": 131.066162109375,
            "y": -190.39547729492188,
            "z": 2.179172992706299
        },
        "rotation": {
            "pitch": -0.05856204032897949,
            "yaw": 6.513779533118269e-12,
            "roll": 0.1191389188170433
        }
    },
    "camera_parameters": {
        "image_size_x": 1820,
        "image_size_y": 1240,
        "fov": 90,
        "sensor_tick": 0.1
    },
    "filtered_objects": {}
}