{
    "camera_transform": {
        "location": {
            "x": 1.7358328104019165,
            "y": 24.62251091003418,
            "z": 2.180124044418335
        },
        "rotation": {
            "pitch": -0.0003961509501095861,
            "yaw": 0.15923959016799927,
            "roll": 0.005913739558309317
        }
    },
    "camera_parameters": {
        "image_size_x": 1820,
        "image_size_y": 1240,
        "fov": 90,
        "sensor_tick": 0.1
    },
    "filtered_objects": {}
}