{
    "camera_transform": {
        "location": {
            "x": -1.4738763570785522,
            "y": 28.111358642578125,
            "z": 2.1802566051483154
        },
        "rotation": {
            "pitch": -6.147169915493578e-05,
            "yaw": 0.1591922640800476,
            "roll": 0.0003502115432638675
        }
    },
    "camera_parameters": {
        "image_size_x": 1820,
        "image_size_y": 1240,
        "fov": 90,
        "sensor_tick": 0.1
    },
    "filtered_objects": {}
}