{
    "camera_transform": {
        "location": {
            "x": -5.921945095062256,
            "y": 151.48719787597656,
            "z": 2.179917335510254
        },
        "rotation": {
            "pitch": 0.0,
            "yaw": 89.63746643066406,
            "roll": 0.0
        }
    },
    "camera_parameters": {
        "image_size_x": 1820,
        "image_size_y": 1240,
        "fov": 90,
        "sensor_tick": 0.1
    },
    "filtered_objects": {}
}