{
    "camera_transform": {
        "location": {
            "x": -52.0692024230957,
            "y": 102.6891098022461,
            "z": 2.1803178787231445
        },
        "rotation": {
            "pitch": -0.0005190943484194577,
            "yaw": 89.83875274658203,
            "roll": 0.005147377494722605
        }
    },
    "camera_parameters": {
        "image_size_x": 1820,
        "image_size_y": 1240,
        "fov": 90,
        "sensor_tick": 0.1
    },
    "filtered_objects": {}
}