{
    "camera_transform": {
        "location": {
            "x": -74.393310546875,
            "y": 39.45204162597656,
            "z": 2.470639705657959
        },
        "rotation": {
            "pitch": -1.5328036546707153,
            "yaw": -90.15695190429688,
            "roll": 0.00168696662876755
        }
    },
    "camera_parameters": {
        "image_size_x": 1820,
        "image_size_y": 1240,
        "fov": 90,
        "sensor_tick": 0.1
    },
    "filtered_objects": {}
}