{
    "camera_transform": {
        "location": {
            "x": 45.34571075439453,
            "y": -193.06961059570312,
            "z": 2.1729702949523926
        },
        "rotation": {
            "pitch": 0.0,
            "yaw": 1.4395465850830078,
            "roll": 0.0
        }
    },
    "camera_parameters": {
        "image_size_x": 1820,
        "image_size_y": 1240,
        "fov": 90,
        "sensor_tick": 0.1
    },
    "filtered_objects": {}
}