{
    "camera_transform": {
        "location": {
            "x": -80.5340805053711,
            "y": 12.958026885986328,
            "z": 2.18054461479187
        },
        "rotation": {
            "pitch": -0.00021856604143977165,
            "yaw": -179.84078979492188,
            "roll": 0.003393174847587943
        }
    },
    "camera_parameters": {
        "image_size_x": 1820,
        "image_size_y": 1240,
        "fov": 90,
        "sensor_tick": 0.1
    },
    "filtered_objects": {}
}