{
    "camera_transform": {
        "location": {
            "x": -51.84150695800781,
            "y": 1.4585070610046387,
            "z": 2.1782968044281006
        },
        "rotation": {
            "pitch": -0.00018441509746480733,
            "yaw": -0.50341796875,
            "roll": 1.284621157537913e-05
        }
    },
    "camera_parameters": {
        "image_size_x": 1820,
        "image_size_y": 1240,
        "fov": 90,
        "sensor_tick": 0.1
    },
    "filtered_objects": {}
}