{
    "camera_transform": {
        "location": {
            "x": -87.95768737792969,
            "y": 89.6707763671875,
            "z": 2.727484941482544
        },
        "rotation": {
            "pitch": -1.0235583782196045,
            "yaw": 89.78706359863281,
            "roll": 0.0010490815620869398
        }
    },
    "camera_parameters": {
        "image_size_x": 1820,
        "image_size_y": 1240,
        "fov": 90,
        "sensor_tick": 0.1
    },
    "filtered_objects": {}
}