{
    "camera_transform": {
        "location": {
            "x": 230.763916015625,
            "y": 38.2080078125,
            "z": 2.1799678802490234
        },
        "rotation": {
            "pitch": 0.0003278490621596575,
            "yaw": 91.39325714111328,
            "roll": 0.0
        }
    },
    "camera_parameters": {
        "image_size_x": 1820,
        "image_size_y": 1240,
        "fov": 90,
        "sensor_tick": 0.1
    },
    "filtered_objects": {}
}