{
    "camera_transform": {
        "location": {
            "x": -3.4293675422668457,
            "y": -0.9382140040397644,
            "z": 2.17985200881958
        },
        "rotation": {
            "pitch": 0.0,
            "yaw": 179.86048889160156,
            "roll": 0.0
        }
    },
    "camera_parameters": {
        "image_size_x": 1820,
        "image_size_y": 1240,
        "fov": 90,
        "sensor_tick": 0.1
    },
    "filtered_objects": {}
}