{
    "camera_transform": {
        "location": {
            "x": 122.76351165771484,
            "y": 41.75856018066406,
            "z": 2.179448366165161
        },
        "rotation": {
            "pitch": 0.0,
            "yaw": -0.0539550743997097,
            "roll": 0.0
        }
    },
    "camera_parameters": {
        "image_size_x": 1820,
        "image_size_y": 1240,
        "fov": 90,
        "sensor_tick": 0.1
    },
    "filtered_objects": {}
}