{
    "camera_transform": {
        "location": {
            "x": -74.02859497070312,
            "y": 116.63957977294922,
            "z": 2.2943387031555176
        },
        "rotation": {
            "pitch": 0.6846922636032104,
            "yaw": -90.1510009765625,
            "roll": 0.1366620808839798
        }
    },
    "camera_parameters": {
        "image_size_x": 1820,
        "image_size_y": 1240,
        "fov": 90,
        "sensor_tick": 0.1
    },
    "filtered_objects": {}
}