{
    "camera_transform": {
        "location": {
            "x": -99.38972473144531,
            "y": 20.85481834411621,
            "z": 2.1796391010284424
        },
        "rotation": {
            "pitch": -0.1491098552942276,
            "yaw": 134.6633758544922,
            "roll": 0.08463939279317856
        }
    },
    "camera_parameters": {
        "image_size_x": 1820,
        "image_size_y": 1240,
        "fov": 90,
        "sensor_tick": 0.1
    },
    "filtered_objects": {}
}