{
    "camera_transform": {
        "location": {
            "x": 528.2178344726562,
            "y": 41.7075080871582,
            "z": 2.1800215244293213
        },
        "rotation": {
            "pitch": 0.0,
            "yaw": -0.02789306640625,
            "roll": -9.155274165095761e-05
        }
    },
    "camera_parameters": {
        "image_size_x": 1820,
        "image_size_y": 1240,
        "fov": 90,
        "sensor_tick": 0.1
    },
    "filtered_objects": {}
}