{
    "camera_transform": {
        "location": {
            "x": 151.96340942382812,
            "y": -17.338085174560547,
            "z": 2.480898857116699
        },
        "rotation": {
            "pitch": 3.5141184329986572,
            "yaw": -89.055419921875,
            "roll": -0.3539123833179474
        }
    },
    "camera_parameters": {
        "image_size_x": 1820,
        "image_size_y": 1240,
        "fov": 90,
        "sensor_tick": 0.1
    },
    "filtered_objects": {}
}