{
    "camera_transform": {
        "location": {
            "x": 34.756797790527344,
            "y": -199.9361114501953,
            "z": 8.700369834899902
        },
        "rotation": {
            "pitch": 1.204155445098877,
            "yaw": -174.37417602539062,
            "roll": -12.148880958557129
        }
    },
    "camera_parameters": {
        "image_size_x": 1820,
        "image_size_y": 1240,
        "fov": 90,
        "sensor_tick": 0.1
    },
    "filtered_objects": {}
}