{
    "camera_transform": {
        "location": {
            "x": 590.1464233398438,
            "y": 248.22723388671875,
            "z": 2.1801564693450928
        },
        "rotation": {
            "pitch": 0.0,
            "yaw": 0.01954599842429161,
            "roll": 0.0
        }
    },
    "camera_parameters": {
        "image_size_x": 1820,
        "image_size_y": 1240,
        "fov": 90,
        "sensor_tick": 0.1
    },
    "filtered_objects": {}
}