{
    "camera_transform": {
        "location": {
            "x": 86.09757995605469,
            "y": -160.28805541992188,
            "z": 7.963674068450928
        },
        "rotation": {
            "pitch": -8.318418502807617,
            "yaw": -88.03546142578125,
            "roll": -0.2380363494157791
        }
    },
    "camera_parameters": {
        "image_size_x": 1820,
        "image_size_y": 1240,
        "fov": 90,
        "sensor_tick": 0.1
    },
    "filtered_objects": {}
}