{
    "camera_transform": {
        "location": {
            "x": -88.45051574707031,
            "y": -31.09004783630371,
            "z": 1.8815443515777588
        },
        "rotation": {
            "pitch": 0.8497164845466614,
            "yaw": 89.84355926513672,
            "roll": 0.0021606050431728363
        }
    },
    "camera_parameters": {
        "image_size_x": 1820,
        "image_size_y": 1240,
        "fov": 90,
        "sensor_tick": 0.1
    },
    "filtered_objects": {}
}