{
    "camera_transform": {
        "location": {
            "x": 223.199951171875,
            "y": 58.74997329711914,
            "z": 2.1795859336853027
        },
        "rotation": {
            "pitch": -0.08493340015411377,
            "yaw": 179.8526611328125,
            "roll": 0.07585189491510391
        }
    },
    "camera_parameters": {
        "image_size_x": 1820,
        "image_size_y": 1240,
        "fov": 90,
        "sensor_tick": 0.1
    },
    "filtered_objects": {}
}