{
    "camera_transform": {
        "location": {
            "x": -102.22598266601562,
            "y": 18.044618606567383,
            "z": 2.1790781021118164
        },
        "rotation": {
            "pitch": -0.011747924610972404,
            "yaw": 134.6648712158203,
            "roll": 0.01715742237865925
        }
    },
    "camera_parameters": {
        "image_size_x": 1820,
        "image_size_y": 1240,
        "fov": 90,
        "sensor_tick": 0.1
    },
    "filtered_objects": {}
}