{
    "camera_transform": {
        "location": {
            "x": -7.483388900756836,
            "y": 9.721348762512207,
            "z": 51.3128547668457
        },
        "rotation": {
            "pitch": 43.693992614746094,
            "yaw": 19.863290786743164,
            "roll": -159.1731719970703
        }
    },
    "camera_parameters": {
        "image_size_x": 1820,
        "image_size_y": 1240,
        "fov": 90,
        "sensor_tick": 0.1
    },
    "filtered_objects": {}
}