{
    "camera_transform": {
        "location": {
            "x": 178.4446563720703,
            "y": 62.35126876831055,
            "z": 2.17681622505188
        },
        "rotation": {
            "pitch": -0.28234633803367615,
            "yaw": -0.106353759765625,
            "roll": -0.4113464057445526
        }
    },
    "camera_parameters": {
        "image_size_x": 1820,
        "image_size_y": 1240,
        "fov": 90,
        "sensor_tick": 0.1
    },
    "filtered_objects": {}
}