{
    "camera_transform": {
        "location": {
            "x": 4.9744744300842285,
            "y": 38.07908248901367,
            "z": 2.179908037185669
        },
        "rotation": {
            "pitch": 0.0,
            "yaw": -88.8912353515625,
            "roll": 0.0
        }
    },
    "camera_parameters": {
        "image_size_x": 1820,
        "image_size_y": 1240,
        "fov": 90,
        "sensor_tick": 0.1
    },
    "filtered_objects": {}
}