{
    "camera_transform": {
        "location": {
            "x": -145.5180206298828,
            "y": 18.79026985168457,
            "z": 2.1727004051208496
        },
        "rotation": {
            "pitch": 0.0,
            "yaw": -89.97014617919922,
            "roll": 0.0
        }
    },
    "camera_parameters": {
        "image_size_x": 1820,
        "image_size_y": 1240,
        "fov": 90,
        "sensor_tick": 0.1
    },
    "filtered_objects": {}
}