{
    "camera_transform": {
        "location": {
            "x": 232.9116668701172,
            "y": 84.66413116455078,
            "z": 2.3082854747772217
        },
        "rotation": {
            "pitch": 0.6351733803749084,
            "yaw": 91.3898696899414,
            "roll": 0.025420645251870155
        }
    },
    "camera_parameters": {
        "image_size_x": 1820,
        "image_size_y": 1240,
        "fov": 90,
        "sensor_tick": 0.1
    },
    "filtered_objects": {}
}