{
    "camera_transform": {
        "location": {
            "x": 119.73690795898438,
            "y": -196.0869903564453,
            "z": 2.1794655323028564
        },
        "rotation": {
            "pitch": 0.0030735849868506193,
            "yaw": -0.113006591796875,
            "roll": 0.06094495579600334
        }
    },
    "camera_parameters": {
        "image_size_x": 1820,
        "image_size_y": 1240,
        "fov": 90,
        "sensor_tick": 0.1
    },
    "filtered_objects": {}
}