{
    "camera_transform": {
        "location": {
            "x": -103.15001678466797,
            "y": -16.934736251831055,
            "z": 2.1804120540618896
        },
        "rotation": {
            "pitch": -0.00036883019492961466,
            "yaw": -89.35772705078125,
            "roll": 0.0015039609279483557
        }
    },
    "camera_parameters": {
        "image_size_x": 1820,
        "image_size_y": 1240,
        "fov": 90,
        "sensor_tick": 0.1
    },
    "filtered_objects": {}
}