{
    "camera_transform": {
        "location": {
            "x": 21.85016632080078,
            "y": 137.47491455078125,
            "z": 2.180494785308838
        },
        "rotation": {
            "pitch": -0.00036883019492961466,
            "yaw": 0.3204481601715088,
            "roll": 0.0013850820250809193
        }
    },
    "camera_parameters": {
        "image_size_x": 1820,
        "image_size_y": 1240,
        "fov": 90,
        "sensor_tick": 0.1
    },
    "filtered_objects": {}
}