{
    "camera_transform": {
        "location": {
            "x": 239.6845703125,
            "y": 89.65754699707031,
            "z": 2.363276958465576
        },
        "rotation": {
            "pitch": -0.6539291143417358,
            "yaw": -88.60562133789062,
            "roll": -5.33643280675733e-08
        }
    },
    "camera_parameters": {
        "image_size_x": 1820,
        "image_size_y": 1240,
        "fov": 90,
        "sensor_tick": 0.1
    },
    "filtered_objects": {}
}