{
    "camera_transform": {
        "location": {
            "x": 47.41431427001953,
            "y": -7.815525531768799,
            "z": 2.17209792137146
        },
        "rotation": {
            "pitch": 6.830188794992864e-06,
            "yaw": -179.1441650390625,
            "roll": 8.324505529344606e-07
        }
    },
    "camera_parameters": {
        "image_size_x": 1820,
        "image_size_y": 1240,
        "fov": 90,
        "sensor_tick": 0.1
    },
    "filtered_objects": {}
}