{
    "camera_transform": {
        "location": {
            "x": -84.64698791503906,
            "y": 74.94354248046875,
            "z": 2.9741973876953125
        },
        "rotation": {
            "pitch": -0.4294686019420624,
            "yaw": 89.78699493408203,
            "roll": -6.105986540205777e-05
        }
    },
    "camera_parameters": {
        "image_size_x": 1820,
        "image_size_y": 1240,
        "fov": 90,
        "sensor_tick": 0.1
    },
    "filtered_objects": {}
}