{
    "camera_transform": {
        "location": {
            "x": -84.79966735839844,
            "y": 29.508031845092773,
            "z": 2.2713623046875
        },
        "rotation": {
            "pitch": 0.3775182068347931,
            "yaw": 89.84459686279297,
            "roll": 0.00566156255081296
        }
    },
    "camera_parameters": {
        "image_size_x": 1820,
        "image_size_y": 1240,
        "fov": 90,
        "sensor_tick": 0.1
    },
    "filtered_objects": {}
}