{
    "camera_transform": {
        "location": {
            "x": 97.38443756103516,
            "y": -195.0568389892578,
            "z": 2.18011474609375
        },
        "rotation": {
            "pitch": 0.016604188829660416,
            "yaw": 1.4390151500701904,
            "roll": 0.0030686671379953623
        }
    },
    "camera_parameters": {
        "image_size_x": 1820,
        "image_size_y": 1240,
        "fov": 90,
        "sensor_tick": 0.1
    },
    "filtered_objects": {}
}