{
    "camera_transform": {
        "location": {
            "x": -6.533600330352783,
            "y": -39.69527816772461,
            "z": 2.1730778217315674
        },
        "rotation": {
            "pitch": -3.415094397496432e-05,
            "yaw": 92.0041732788086,
            "roll": 1.628443907497612e-12
        }
    },
    "camera_parameters": {
        "image_size_x": 1820,
        "image_size_y": 1240,
        "fov": 90,
        "sensor_tick": 0.1
    },
    "filtered_objects": {}
}