{
    "camera_transform": {
        "location": {
            "x": 239.26499938964844,
            "y": 113.26056671142578,
            "z": 2.735650062561035
        },
        "rotation": {
            "pitch": -1.1958568096160889,
            "yaw": -88.60601806640625,
            "roll": -6.105811189627275e-05
        }
    },
    "camera_parameters": {
        "image_size_x": 1820,
        "image_size_y": 1240,
        "fov": 90,
        "sensor_tick": 0.1
    },
    "filtered_objects": {}
}