{
    "camera_transform": {
        "location": {
            "x": -74.39390563964844,
            "y": 56.90666198730469,
            "z": 2.920943260192871
        },
        "rotation": {
            "pitch": -0.7752400636672974,
            "yaw": -90.1568832397461,
            "roll": 2.249365752504673e-05
        }
    },
    "camera_parameters": {
        "image_size_x": 1820,
        "image_size_y": 1240,
        "fov": 90,
        "sensor_tick": 0.1
    },
    "filtered_objects": {}
}