{
    "camera_transform": {
        "location": {
            "x": -246.49819946289062,
            "y": 194.0577850341797,
            "z": 2.193500518798828
        },
        "rotation": {
            "pitch": 0.004617207683622837,
            "yaw": 59.79464340209961,
            "roll": -0.534332275390625
        }
    },
    "camera_parameters": {
        "image_size_x": 1820,
        "image_size_y": 1240,
        "fov": 90,
        "sensor_tick": 0.1
    },
    "filtered_objects": {}
}