{
    "camera_transform": {
        "location": {
            "x": -3.679943084716797,
            "y": 156.47999572753906,
            "z": 2.3997066020965576
        },
        "rotation": {
            "pitch": 0.0,
            "yaw": -89.99981689453125,
            "roll": 0.0
        }
    },
    "camera_parameters": {
        "image_size_x": 1820,
        "image_size_y": 1240,
        "fov": 90,
        "sensor_tick": 0.1
    },
    "filtered_objects": {}
}