{
    "camera_transform": {
        "location": {
            "x": -26.90068817138672,
            "y": 134.6781768798828,
            "z": 2.1783447265625
        },
        "rotation": {
            "pitch": 0.00014343396469485015,
            "yaw": -1.296600341796875,
            "roll": -3.0517576306010596e-05
        }
    },
    "camera_parameters": {
        "image_size_x": 1820,
        "image_size_y": 1240,
        "fov": 90,
        "sensor_tick": 0.1
    },
    "filtered_objects": {}
}