{
    "camera_transform": {
        "location": {
            "x": 96.43289947509766,
            "y": -6.934451103210449,
            "z": 2.17976713180542
        },
        "rotation": {
            "pitch": 0.0,
            "yaw": -179.1441650390625,
            "roll": -6.103514533606358e-05
        }
    },
    "camera_parameters": {
        "image_size_x": 1820,
        "image_size_y": 1240,
        "fov": 90,
        "sensor_tick": 0.1
    },
    "filtered_objects": {}
}