{
    "camera_transform": {
        "location": {
            "x": 122.86066436767578,
            "y": -135.64036560058594,
            "z": 10.18016242980957
        },
        "rotation": {
            "pitch": 0.0,
            "yaw": -178.77268981933594,
            "roll": 0.0
        }
    },
    "camera_parameters": {
        "image_size_x": 1820,
        "image_size_y": 1240,
        "fov": 90,
        "sensor_tick": 0.1
    },
    "filtered_objects": {}
}