{
    "camera_transform": {
        "location": {
            "x": 113.03327178955078,
            "y": -76.42107391357422,
            "z": 10.179959297180176
        },
        "rotation": {
            "pitch": 0.0,
            "yaw": -178.49087524414062,
            "roll": 0.0
        }
    },
    "camera_parameters": {
        "image_size_x": 1820,
        "image_size_y": 1240,
        "fov": 90,
        "sensor_tick": 0.1
    },
    "filtered_objects": {}
}