{
    "camera_transform": {
        "location": {
            "x": 8.509811401367188,
            "y": 207.54583740234375,
            "z": 2.178321123123169
        },
        "rotation": {
            "pitch": 0.0002117358526447788,
            "yaw": -0.1429138034582138,
            "roll": 0.0
        }
    },
    "camera_parameters": {
        "image_size_x": 1820,
        "image_size_y": 1240,
        "fov": 90,
        "sensor_tick": 0.1
    },
    "filtered_objects": {}
}