{
    "camera_transform": {
        "location": {
            "x": -5.146895408630371,
            "y": -68.07781219482422,
            "z": 2.1805455684661865
        },
        "rotation": {
            "pitch": -0.0006420377176254988,
            "yaw": -179.40322875976562,
            "roll": 0.0033852390479296446
        }
    },
    "camera_parameters": {
        "image_size_x": 1820,
        "image_size_y": 1240,
        "fov": 90,
        "sensor_tick": 0.1
    },
    "filtered_objects": {}
}