{
    "camera_transform": {
        "location": {
            "x": -84.6478500366211,
            "y": 116.9155502319336,
            "z": 2.2902729511260986
        },
        "rotation": {
            "pitch": -0.7205439209938049,
            "yaw": 89.78732299804688,
            "roll": 0.061080899089574814
        }
    },
    "camera_parameters": {
        "image_size_x": 1820,
        "image_size_y": 1240,
        "fov": 90,
        "sensor_tick": 0.1
    },
    "filtered_objects": {}
}