{
    "camera_transform": {
        "location": {
            "x": -41.83301544189453,
            "y": -32.93856430053711,
            "z": 2.1804444789886475
        },
        "rotation": {
            "pitch": -0.0005190943484194577,
            "yaw": -89.56768035888672,
            "roll": 0.0043393936939537525
        }
    },
    "camera_parameters": {
        "image_size_x": 1820,
        "image_size_y": 1240,
        "fov": 90,
        "sensor_tick": 0.1
    },
    "filtered_objects": {}
}