{
    "camera_transform": {
        "location": {
            "x": 80.42919921875,
            "y": -101.52638244628906,
            "z": 10.179408073425293
        },
        "rotation": {
            "pitch": 0.0,
            "yaw": 92.02409362792969,
            "roll": 2.812994068790431e-07
        }
    },
    "camera_parameters": {
        "image_size_x": 1820,
        "image_size_y": 1240,
        "fov": 90,
        "sensor_tick": 0.1
    },
    "filtered_objects": {}
}