{
    "camera_transform": {
        "location": {
            "x": 10.200714111328125,
            "y": -149.0817108154297,
            "z": 2.1729319095611572
        },
        "rotation": {
            "pitch": 0.002028566086664796,
            "yaw": -88.58641815185547,
            "roll": 3.982793350587599e-05
        }
    },
    "camera_parameters": {
        "image_size_x": 1820,
        "image_size_y": 1240,
        "fov": 90,
        "sensor_tick": 0.1
    },
    "filtered_objects": {}
}