{
    "camera_transform": {
        "location": {
            "x": -88.45171356201172,
            "y": -31.090078353881836,
            "z": 1.8812141418457031
        },
        "rotation": {
            "pitch": 0.8487465977668762,
            "yaw": 89.84355163574219,
            "roll": 0.004288708791136742
        }
    },
    "camera_parameters": {
        "image_size_x": 1820,
        "image_size_y": 1240,
        "fov": 90,
        "sensor_tick": 0.1
    },
    "filtered_objects": {}
}