{
    "camera_transform": {
        "location": {
            "x": 80.95477294921875,
            "y": -13.993584632873535,
            "z": 2.404688835144043
        },
        "rotation": {
            "pitch": 1.1145297288894653,
            "yaw": -87.9756088256836,
            "roll": -0.1630554497241974
        }
    },
    "camera_parameters": {
        "image_size_x": 1820,
        "image_size_y": 1240,
        "fov": 90,
        "sensor_tick": 0.1
    },
    "filtered_objects": {}
}