{
    "camera_transform": {
        "location": {
            "x": -21.81277084350586,
            "y": -135.23736572265625,
            "z": 2.180506944656372
        },
        "rotation": {
            "pitch": 8.879245433490723e-05,
            "yaw": 1.2266865968704224,
            "roll": 0.0024220303166657686
        }
    },
    "camera_parameters": {
        "image_size_x": 1820,
        "image_size_y": 1240,
        "fov": 90,
        "sensor_tick": 0.1
    },
    "filtered_objects": {}
}