{
    "camera_transform": {
        "location": {
            "x": -74.3939437866211,
            "y": 74.87101745605469,
            "z": 2.9769608974456787
        },
        "rotation": {
            "pitch": 0.8535277247428894,
            "yaw": -90.15662384033203,
            "roll": -3.055247725569643e-05
        }
    },
    "camera_parameters": {
        "image_size_x": 1820,
        "image_size_y": 1240,
        "fov": 90,
        "sensor_tick": 0.1
    },
    "filtered_objects": {}
}