{
    "camera_transform": {
        "location": {
            "x": 189.92999267578125,
            "y": 210.61000061035156,
            "z": 2.3995447158813477
        },
        "rotation": {
            "pitch": 0.0,
            "yaw": 89.99995422363281,
            "roll": 0.0
        }
    },
    "camera_parameters": {
        "image_size_x": 1820,
        "image_size_y": 1240,
        "fov": 90,
        "sensor_tick": 0.1
    },
    "filtered_objects": {}
}