{
    "camera_transform": {
        "location": {
            "x": -74.39348602294922,
            "y": -21.07020378112793,
            "z": 2.0014894008636475
        },
        "rotation": {
            "pitch": -0.6284798383712769,
            "yaw": -90.15185546875,
            "roll": -0.0015563894994556904
        }
    },
    "camera_parameters": {
        "image_size_x": 1820,
        "image_size_y": 1240,
        "fov": 90,
        "sensor_tick": 0.1
    },
    "filtered_objects": {}
}