{
    "camera_transform": {
        "location": {
            "x": 245.2161102294922,
            "y": 25.791748046875,
            "z": 2.179802417755127
        },
        "rotation": {
            "pitch": 0.0013045660452917218,
            "yaw": -88.6059799194336,
            "roll": 0.001334790256805718
        }
    },
    "camera_parameters": {
        "image_size_x": 1820,
        "image_size_y": 1240,
        "fov": 90,
        "sensor_tick": 0.1
    },
    "filtered_objects": {}
}