{
    "camera_transform": {
        "location": {
            "x": -45.76665115356445,
            "y": 131.31185913085938,
            "z": 2.179471731185913
        },
        "rotation": {
            "pitch": 0.0,
            "yaw": 176.6312713623047,
            "roll": 0.0
        }
    },
    "camera_parameters": {
        "image_size_x": 1820,
        "image_size_y": 1240,
        "fov": 90,
        "sensor_tick": 0.1
    },
    "filtered_objects": {}
}