{
    "camera_transform": {
        "location": {
            "x": 68.79936981201172,
            "y": -3.941765069961548,
            "z": 2.176453113555908
        },
        "rotation": {
            "pitch": -0.350955605506897,
            "yaw": -179.14743041992188,
            "roll": -0.27151480317115784
        }
    },
    "camera_parameters": {
        "image_size_x": 1820,
        "image_size_y": 1240,
        "fov": 90,
        "sensor_tick": 0.1
    },
    "filtered_objects": {}
}