{
    "camera_transform": {
        "location": {
            "x": 70.63328552246094,
            "y": -136.75775146484375,
            "z": 10.110583305358887
        },
        "rotation": {
            "pitch": -1.867093563079834,
            "yaw": -178.7905731201172,
            "roll": -0.16342158615589142
        }
    },
    "camera_parameters": {
        "image_size_x": 1820,
        "image_size_y": 1240,
        "fov": 90,
        "sensor_tick": 0.1
    },
    "filtered_objects": {}
}