{
    "camera_transform": {
        "location": {
            "x": 59.52553176879883,
            "y": 16.896730422973633,
            "z": 2.1802210807800293
        },
        "rotation": {
            "pitch": -0.0005532453069463372,
            "yaw": -179.8407745361328,
            "roll": 0.004946129396557808
        }
    },
    "camera_parameters": {
        "image_size_x": 1820,
        "image_size_y": 1240,
        "fov": 90,
        "sensor_tick": 0.1
    },
    "filtered_objects": {}
}