{
    "camera_transform": {
        "location": {
            "x": -5.903115272521973,
            "y": 105.27665710449219,
            "z": 2.1840291023254395
        },
        "rotation": {
            "pitch": 0.058398112654685974,
            "yaw": 89.63722229003906,
            "roll": -0.14739990234375
        }
    },
    "camera_parameters": {
        "image_size_x": 1820,
        "image_size_y": 1240,
        "fov": 90,
        "sensor_tick": 0.1
    },
    "filtered_objects": {}
}