{
    "camera_transform": {
        "location": {
            "x": 39.80211639404297,
            "y": 208.76473999023438,
            "z": 2.1726934909820557
        },
        "rotation": {
            "pitch": 0.0,
            "yaw": 0.28781405091285706,
            "roll": 0.0
        }
    },
    "camera_parameters": {
        "image_size_x": 1820,
        "image_size_y": 1240,
        "fov": 90,
        "sensor_tick": 0.1
    },
    "filtered_objects": {}
}