{
    "camera_transform": {
        "location": {
            "x": 178.44447326660156,
            "y": 62.3511962890625,
            "z": 2.176959753036499
        },
        "rotation": {
            "pitch": -0.28011971712112427,
            "yaw": -0.104705810546875,
            "roll": -0.4094848036766052
        }
    },
    "camera_parameters": {
        "image_size_x": 1820,
        "image_size_y": 1240,
        "fov": 90,
        "sensor_tick": 0.1
    },
    "filtered_objects": {}
}