{
    "camera_transform": {
        "location": {
            "x": 5.0460710525512695,
            "y": 52.88802719116211,
            "z": 2.179654836654663
        },
        "rotation": {
            "pitch": 0.0,
            "yaw": -88.8912353515625,
            "roll": 0.0
        }
    },
    "camera_parameters": {
        "image_size_x": 1820,
        "image_size_y": 1240,
        "fov": 90,
        "sensor_tick": 0.1
    },
    "filtered_objects": {}
}