{
    "camera_transform": {
        "location": {
            "x": 140.41998291015625,
            "y": 326.9700012207031,
            "z": 2.18007755279541
        },
        "rotation": {
            "pitch": 0.0,
            "yaw": 179.999755859375,
            "roll": 0.0
        }
    },
    "camera_parameters": {
        "image_size_x": 1820,
        "image_size_y": 1240,
        "fov": 90,
        "sensor_tick": 0.1
    },
    "filtered_objects": {}
}