{
    "camera_transform": {
        "location": {
            "x": -6.533603191375732,
            "y": -59.21865463256836,
            "z": 2.179856777191162
        },
        "rotation": {
            "pitch": 0.0,
            "yaw": 92.00418853759766,
            "roll": 0.0
        }
    },
    "camera_parameters": {
        "image_size_x": 1820,
        "image_size_y": 1240,
        "fov": 90,
        "sensor_tick": 0.1
    },
    "filtered_objects": {}
}