{
    "camera_transform": {
        "location": {
            "x": -84.7588882446289,
            "y": 54.38972473144531,
            "z": 2.8625328540802
        },
        "rotation": {
            "pitch": 1.4251667261123657,
            "yaw": 89.7868881225586,
            "roll": -0.012206869199872017
        }
    },
    "camera_parameters": {
        "image_size_x": 1820,
        "image_size_y": 1240,
        "fov": 90,
        "sensor_tick": 0.1
    },
    "filtered_objects": {}
}