{
    "camera_transform": {
        "location": {
            "x": -19.905176162719727,
            "y": 220.6629638671875,
            "z": 0.9335954785346985
        },
        "rotation": {
            "pitch": -2.748194694519043,
            "yaw": -69.2980728149414,
            "roll": 96.45807647705078
        }
    },
    "camera_parameters": {
        "image_size_x": 1820,
        "image_size_y": 1240,
        "fov": 90,
        "sensor_tick": 0.1
    },
    "filtered_objects": {}
}