{
    "camera_transform": {
        "location": {
            "x": -74.49166107177734,
            "y": -46.576141357421875,
            "z": 1.654473066329956
        },
        "rotation": {
            "pitch": -0.8489924669265747,
            "yaw": -90.15656280517578,
            "roll": 0.0022304083686321974
        }
    },
    "camera_parameters": {
        "image_size_x": 1820,
        "image_size_y": 1240,
        "fov": 90,
        "sensor_tick": 0.1
    },
    "filtered_objects": {}
}