{
    "camera_transform": {
        "location": {
            "x": -51.844661712646484,
            "y": 137.06849670410156,
            "z": 2.1803348064422607
        },
        "rotation": {
            "pitch": -0.0004234717052895576,
            "yaw": 0.3521311283111572,
            "roll": 0.004622024949640036
        }
    },
    "camera_parameters": {
        "image_size_x": 1820,
        "image_size_y": 1240,
        "fov": 90,
        "sensor_tick": 0.1
    },
    "filtered_objects": {}
}