{
    "camera_transform": {
        "location": {
            "x": 109.93258666992188,
            "y": -9.425379753112793,
            "z": 2.180490016937256
        },
        "rotation": {
            "pitch": -0.0003961509501095861,
            "yaw": -89.60921478271484,
            "roll": 0.0038560167886316776
        }
    },
    "camera_parameters": {
        "image_size_x": 1820,
        "image_size_y": 1240,
        "fov": 90,
        "sensor_tick": 0.1
    },
    "filtered_objects": {}
}