{
    "camera_transform": {
        "location": {
            "x": 0.638828694820404,
            "y": -187.2287139892578,
            "z": 2.1796319484710693
        },
        "rotation": {
            "pitch": 0.0,
            "yaw": 91.41352844238281,
            "roll": 0.0
        }
    },
    "camera_parameters": {
        "image_size_x": 1820,
        "image_size_y": 1240,
        "fov": 90,
        "sensor_tick": 0.1
    },
    "filtered_objects": {}
}