{
    "camera_transform": {
        "location": {
            "x": 212.4382781982422,
            "y": 7.665905475616455,
            "z": 2.179133415222168
        },
        "rotation": {
            "pitch": 0.00010928302071988583,
            "yaw": 1.0082643032073975,
            "roll": 0.07088328897953033
        }
    },
    "camera_parameters": {
        "image_size_x": 1820,
        "image_size_y": 1240,
        "fov": 90,
        "sensor_tick": 0.1
    },
    "filtered_objects": {}
}