{
    "camera_transform": {
        "location": {
            "x": -21.81265640258789,
            "y": -135.23777770996094,
            "z": 2.1805853843688965
        },
        "rotation": {
            "pitch": -0.0005190943484194577,
            "yaw": 1.2268413305282593,
            "roll": 0.0016805040650069714
        }
    },
    "camera_parameters": {
        "image_size_x": 1820,
        "image_size_y": 1240,
        "fov": 90,
        "sensor_tick": 0.1
    },
    "filtered_objects": {}
}