{
    "camera_transform": {
        "location": {
            "x": 80.95445251464844,
            "y": -13.993853569030762,
            "z": 2.40377140045166
        },
        "rotation": {
            "pitch": 1.1126514673233032,
            "yaw": -87.98030853271484,
            "roll": -0.16342170536518097
        }
    },
    "camera_parameters": {
        "image_size_x": 1820,
        "image_size_y": 1240,
        "fov": 90,
        "sensor_tick": 0.1
    },
    "filtered_objects": {}
}