{
    "camera_transform": {
        "location": {
            "x": -20.111454010009766,
            "y": 2.82598614692688,
            "z": 2.179900884628296
        },
        "rotation": {
            "pitch": 0.0,
            "yaw": 81.8069839477539,
            "roll": 0.0
        }
    },
    "camera_parameters": {
        "image_size_x": 1820,
        "image_size_y": 1240,
        "fov": 90,
        "sensor_tick": 0.1
    },
    "filtered_objects": {}
}