{
    "camera_transform": {
        "location": {
            "x": -88.15837860107422,
            "y": 39.20808410644531,
            "z": 2.4646620750427246
        },
        "rotation": {
            "pitch": 1.1735835075378418,
            "yaw": 89.78810119628906,
            "roll": -0.0016174397896975279
        }
    },
    "camera_parameters": {
        "image_size_x": 1820,
        "image_size_y": 1240,
        "fov": 90,
        "sensor_tick": 0.1
    },
    "filtered_objects": {}
}