{
    "camera_transform": {
        "location": {
            "x": 4.97446870803833,
            "y": 38.07906723022461,
            "z": 2.179459571838379
        },
        "rotation": {
            "pitch": 0.0,
            "yaw": -88.8912353515625,
            "roll": -3.0517576306010596e-05
        }
    },
    "camera_parameters": {
        "image_size_x": 1820,
        "image_size_y": 1240,
        "fov": 90,
        "sensor_tick": 0.1
    },
    "filtered_objects": {}
}