{
    "camera_transform": {
        "location": {
            "x": 50.68815994262695,
            "y": -203.17210388183594,
            "z": 2.1798925399780273
        },
        "rotation": {
            "pitch": 0.0,
            "yaw": -178.5604705810547,
            "roll": 0.0
        }
    },
    "camera_parameters": {
        "image_size_x": 1820,
        "image_size_y": 1240,
        "fov": 90,
        "sensor_tick": 0.1
    },
    "filtered_objects": {}
}