{
    "camera_transform": {
        "location": {
            "x": -88.697998046875,
            "y": -119.85738372802734,
            "z": 2.049790382385254
        },
        "rotation": {
            "pitch": -0.7542099356651306,
            "yaw": 89.83384704589844,
            "roll": 0.00013805647904518992
        }
    },
    "camera_parameters": {
        "image_size_x": 1820,
        "image_size_y": 1240,
        "fov": 90,
        "sensor_tick": 0.1
    },
    "filtered_objects": {}
}