{
    "camera_transform": {
        "location": {
            "x": 234.26290893554688,
            "y": 29.993148803710938,
            "z": 2.179645299911499
        },
        "rotation": {
            "pitch": 0.0001707547198748216,
            "yaw": 91.39320373535156,
            "roll": 1.2722446172119817e-06
        }
    },
    "camera_parameters": {
        "image_size_x": 1820,
        "image_size_y": 1240,
        "fov": 90,
        "sensor_tick": 0.1
    },
    "filtered_objects": {}
}