{
    "camera_transform": {
        "location": {
            "x": 106.02166748046875,
            "y": 90.31300354003906,
            "z": 2.1804444789886475
        },
        "rotation": {
            "pitch": -0.0005190943484194577,
            "yaw": -89.6092529296875,
            "roll": 0.0031831134110689163
        }
    },
    "camera_parameters": {
        "image_size_x": 1820,
        "image_size_y": 1240,
        "fov": 90,
        "sensor_tick": 0.1
    },
    "filtered_objects": {}
}