{
    "camera_transform": {
        "location": {
            "x": -23.016281127929688,
            "y": 24.621803283691406,
            "z": 2.180685043334961
        },
        "rotation": {
            "pitch": -0.0005805660621263087,
            "yaw": 0.15919695794582367,
            "roll": 0.0018406154122203588
        }
    },
    "camera_parameters": {
        "image_size_x": 1820,
        "image_size_y": 1240,
        "fov": 90,
        "sensor_tick": 0.1
    },
    "filtered_objects": {}
}