{
    "camera_transform": {
        "location": {
            "x": 53.17609786987305,
            "y": -206.6709747314453,
            "z": 2.1732215881347656
        },
        "rotation": {
            "pitch": 1.3660377589985728e-05,
            "yaw": -178.5603790283203,
            "roll": -6.103514533606358e-05
        }
    },
    "camera_parameters": {
        "image_size_x": 1820,
        "image_size_y": 1240,
        "fov": 90,
        "sensor_tick": 0.1
    },
    "filtered_objects": {}
}