{
    "camera_transform": {
        "location": {
            "x": -275.64801025390625,
            "y": -18.70855712890625,
            "z": 2.172316789627075
        },
        "rotation": {
            "pitch": 0.0,
            "yaw": 90.41680145263672,
            "roll": -3.0517576306010596e-05
        }
    },
    "camera_parameters": {
        "image_size_x": 1820,
        "image_size_y": 1240,
        "fov": 90,
        "sensor_tick": 0.1
    },
    "filtered_objects": {}
}