{
    "camera_transform": {
        "location": {
            "x": 281.1722717285156,
            "y": 129.48997497558594,
            "z": 2.1801204681396484
        },
        "rotation": {
            "pitch": 0.0,
            "yaw": 179.999755859375,
            "roll": 0.0
        }
    },
    "camera_parameters": {
        "image_size_x": 1820,
        "image_size_y": 1240,
        "fov": 90,
        "sensor_tick": 0.1
    },
    "filtered_objects": {}
}