{
    "camera_transform": {
        "location": {
            "x": 194.8965606689453,
            "y": 9.845709800720215,
            "z": 2.1797142028808594
        },
        "rotation": {
            "pitch": 2.7320755179971457e-05,
            "yaw": 0.8558039665222168,
            "roll": 4.836930747842416e-05
        }
    },
    "camera_parameters": {
        "image_size_x": 1820,
        "image_size_y": 1240,
        "fov": 90,
        "sensor_tick": 0.1
    },
    "filtered_objects": {}
}