{
    "camera_transform": {
        "location": {
            "x": -74.63103485107422,
            "y": -97.51263427734375,
            "z": 1.6053097248077393
        },
        "rotation": {
            "pitch": 1.3014105558395386,
            "yaw": -90.15670776367188,
            "roll": 0.0009986391523852944
        }
    },
    "camera_parameters": {
        "image_size_x": 1820,
        "image_size_y": 1240,
        "fov": 90,
        "sensor_tick": 0.1
    },
    "filtered_objects": {}
}