{
    "camera_transform": {
        "location": {
            "x": 1.1226978302001953,
            "y": 157.32015991210938,
            "z": 2.1438794136047363
        },
        "rotation": {
            "pitch": -2.410735607147217,
            "yaw": -38.07394790649414,
            "roll": -0.006591790355741978
        }
    },
    "camera_parameters": {
        "image_size_x": 1820,
        "image_size_y": 1240,
        "fov": 90,
        "sensor_tick": 0.1
    },
    "filtered_objects": {}
}