{
    "camera_transform": {
        "location": {
            "x": -77.89495086669922,
            "y": -10.649636268615723,
            "z": 2.1272783279418945
        },
        "rotation": {
            "pitch": -0.23156389594078064,
            "yaw": -90.15699005126953,
            "roll": -0.02291869930922985
        }
    },
    "camera_parameters": {
        "image_size_x": 1820,
        "image_size_y": 1240,
        "fov": 90,
        "sensor_tick": 0.1
    },
    "filtered_objects": {}
}