{
    "camera_transform": {
        "location": {
            "x": 82.6921157836914,
            "y": -182.2404327392578,
            "z": 2.037834644317627
        },
        "rotation": {
            "pitch": -1.307339072227478,
            "yaw": 89.98223876953125,
            "roll": 0.027015361934900284
        }
    },
    "camera_parameters": {
        "image_size_x": 1820,
        "image_size_y": 1240,
        "fov": 90,
        "sensor_tick": 0.1
    },
    "filtered_objects": {}
}