{
    "camera_transform": {
        "location": {
            "x": 242.4269256591797,
            "y": -12.581060409545898,
            "z": 2.179960250854492
        },
        "rotation": {
            "pitch": 0.0,
            "yaw": -88.60674285888672,
            "roll": 0.0
        }
    },
    "camera_parameters": {
        "image_size_x": 1820,
        "image_size_y": 1240,
        "fov": 90,
        "sensor_tick": 0.1
    },
    "filtered_objects": {}
}