{
    "camera_transform": {
        "location": {
            "x": -119.98402404785156,
            "y": -3.278944730758667,
            "z": 2.1729676723480225
        },
        "rotation": {
            "pitch": -0.00027320755179971457,
            "yaw": -179.70530700683594,
            "roll": 0.0071219149976968765
        }
    },
    "camera_parameters": {
        "image_size_x": 1820,
        "image_size_y": 1240,
        "fov": 90,
        "sensor_tick": 0.1
    },
    "filtered_objects": {}
}