{
    "camera_transform": {
        "location": {
            "x": 143.77613830566406,
            "y": -2.8843746185302734,
            "z": 2.1852939128875732
        },
        "rotation": {
            "pitch": 0.0,
            "yaw": -179.1441192626953,
            "roll": -0.14251704514026642
        }
    },
    "camera_parameters": {
        "image_size_x": 1820,
        "image_size_y": 1240,
        "fov": 90,
        "sensor_tick": 0.1
    },
    "filtered_objects": {}
}