{
    "camera_transform": {
        "location": {
            "x": 102.9120101928711,
            "y": -6.8815789222717285,
            "z": 2.1802945137023926
        },
        "rotation": {
            "pitch": -0.00033467926550656557,
            "yaw": 90.3907470703125,
            "roll": 0.0016747741028666496
        }
    },
    "camera_parameters": {
        "image_size_x": 1820,
        "image_size_y": 1240,
        "fov": 90,
        "sensor_tick": 0.1
    },
    "filtered_objects": {}
}