{
    "camera_transform": {
        "location": {
            "x": -88.4515151977539,
            "y": -31.090150833129883,
            "z": 1.8814246654510498
        },
        "rotation": {
            "pitch": 0.8485758304595947,
            "yaw": 89.84371948242188,
            "roll": 0.0035981168039143085
        }
    },
    "camera_parameters": {
        "image_size_x": 1820,
        "image_size_y": 1240,
        "fov": 90,
        "sensor_tick": 0.1
    },
    "filtered_objects": {}
}