{
    "camera_transform": {
        "location": {
            "x": 244.37969970703125,
            "y": 61.771175384521484,
            "z": 2.1839663982391357
        },
        "rotation": {
            "pitch": -0.11270494759082794,
            "yaw": -88.6065673828125,
            "roll": 0.06059318035840988
        }
    },
    "camera_parameters": {
        "image_size_x": 1820,
        "image_size_y": 1240,
        "fov": 90,
        "sensor_tick": 0.1
    },
    "filtered_objects": {}
}