{
    "camera_transform": {
        "location": {
            "x": 500.5166931152344,
            "y": 148.13157653808594,
            "z": 2.178438901901245
        },
        "rotation": {
            "pitch": 0.00019807547505479306,
            "yaw": 1.783923625946045,
            "roll": 0.0009497751598246396
        }
    },
    "camera_parameters": {
        "image_size_x": 1820,
        "image_size_y": 1240,
        "fov": 90,
        "sensor_tick": 0.1
    },
    "filtered_objects": {}
}