{
    "camera_transform": {
        "location": {
            "x": -77.89335632324219,
            "y": 30.676137924194336,
            "z": 2.30450701713562
        },
        "rotation": {
            "pitch": -0.9998167157173157,
            "yaw": -90.15673065185547,
            "roll": 0.0017089812317863107
        }
    },
    "camera_parameters": {
        "image_size_x": 1820,
        "image_size_y": 1240,
        "fov": 90,
        "sensor_tick": 0.1
    },
    "filtered_objects": {}
}