{
    "camera_transform": {
        "location": {
            "x": -87.95768737792969,
            "y": 89.67058563232422,
            "z": 2.7278811931610107
        },
        "rotation": {
            "pitch": -1.0230120420455933,
            "yaw": 89.78715515136719,
            "roll": 0.0010427305242046714
        }
    },
    "camera_parameters": {
        "image_size_x": 1820,
        "image_size_y": 1240,
        "fov": 90,
        "sensor_tick": 0.1
    },
    "filtered_objects": {}
}