{
    "camera_transform": {
        "location": {
            "x": 97.38442993164062,
            "y": -195.0568084716797,
            "z": 2.1727898120880127
        },
        "rotation": {
            "pitch": 0.016836415976285934,
            "yaw": 1.4389972686767578,
            "roll": 0.0030828509479761124
        }
    },
    "camera_parameters": {
        "image_size_x": 1820,
        "image_size_y": 1240,
        "fov": 90,
        "sensor_tick": 0.1
    },
    "filtered_objects": {}
}