{
    "camera_transform": {
        "location": {
            "x": -85.03440856933594,
            "y": -51.59832000732422,
            "z": 1.5814052820205688
        },
        "rotation": {
            "pitch": 0.8481728434562683,
            "yaw": 89.84346008300781,
            "roll": 0.002673404524102807
        }
    },
    "camera_parameters": {
        "image_size_x": 1820,
        "image_size_y": 1240,
        "fov": 90,
        "sensor_tick": 0.1
    },
    "filtered_objects": {}
}