{
    "camera_transform": {
        "location": {
            "x": -84.7760009765625,
            "y": 24.449880599975586,
            "z": 2.1803526878356934
        },
        "rotation": {
            "pitch": -0.0005805660621263087,
            "yaw": 0.15919142961502075,
            "roll": 0.0026642195880413055
        }
    },
    "camera_parameters": {
        "image_size_x": 1820,
        "image_size_y": 1240,
        "fov": 90,
        "sensor_tick": 0.1
    },
    "filtered_objects": {}
}