{
    "camera_transform": {
        "location": {
            "x": 154.9196319580078,
            "y": -188.56295776367188,
            "z": 2.1180131435394287
        },
        "rotation": {
            "pitch": -1.4090269804000854,
            "yaw": -89.04010009765625,
            "roll": -0.28131103515625
        }
    },
    "camera_parameters": {
        "image_size_x": 1820,
        "image_size_y": 1240,
        "fov": 90,
        "sensor_tick": 0.1
    },
    "filtered_objects": {}
}