{
    "camera_transform": {
        "location": {
            "x": 230.76535034179688,
            "y": 38.208648681640625,
            "z": 2.1782872676849365
        },
        "rotation": {
            "pitch": -6.147169915493578e-05,
            "yaw": 91.36701965332031,
            "roll": 0.00044066610280424356
        }
    },
    "camera_parameters": {
        "image_size_x": 1820,
        "image_size_y": 1240,
        "fov": 90,
        "sensor_tick": 0.1
    },
    "filtered_objects": {}
}