{
    "camera_transform": {
        "location": {
            "x": 222.9506072998047,
            "y": 4.859314441680908,
            "z": 2.1629555225372314
        },
        "rotation": {
            "pitch": -1.2077890634536743,
            "yaw": 6.652872562408447,
            "roll": 2.4696483612060547
        }
    },
    "camera_parameters": {
        "image_size_x": 1820,
        "image_size_y": 1240,
        "fov": 90,
        "sensor_tick": 0.1
    },
    "filtered_objects": {}
}