{
    "camera_transform": {
        "location": {
            "x": -28.26133155822754,
            "y": -6.453819274902344,
            "z": 2.173373222351074
        },
        "rotation": {
            "pitch": 2.0490566384978592e-05,
            "yaw": 143.07748413085938,
            "roll": 0.0
        }
    },
    "camera_parameters": {
        "image_size_x": 1820,
        "image_size_y": 1240,
        "fov": 90,
        "sensor_tick": 0.1
    },
    "filtered_objects": {}
}