{
    "camera_transform": {
        "location": {
            "x": 212.49305725097656,
            "y": 9.845718383789062,
            "z": 2.1796791553497314
        },
        "rotation": {
            "pitch": 0.0,
            "yaw": 0.855804443359375,
            "roll": 0.0
        }
    },
    "camera_parameters": {
        "image_size_x": 1820,
        "image_size_y": 1240,
        "fov": 90,
        "sensor_tick": 0.1
    },
    "filtered_objects": {}
}