{
    "camera_transform": {
        "location": {
            "x": 211.62913513183594,
            "y": -1.727684497833252,
            "z": 2.179821729660034
        },
        "rotation": {
            "pitch": 0.0,
            "yaw": -179.1441650390625,
            "roll": 8.941807209339458e-06
        }
    },
    "camera_parameters": {
        "image_size_x": 1820,
        "image_size_y": 1240,
        "fov": 90,
        "sensor_tick": 0.1
    },
    "filtered_objects": {}
}