{
    "camera_transform": {
        "location": {
            "x": 124.57788848876953,
            "y": -3.11968994140625,
            "z": 2.1799802780151367
        },
        "rotation": {
            "pitch": 0.0,
            "yaw": -179.1441650390625,
            "roll": 0.0
        }
    },
    "camera_parameters": {
        "image_size_x": 1820,
        "image_size_y": 1240,
        "fov": 90,
        "sensor_tick": 0.1
    },
    "filtered_objects": {}
}