{
    "camera_transform": {
        "location": {
            "x": 230.76394653320312,
            "y": 38.20802307128906,
            "z": 2.1727206707000732
        },
        "rotation": {
            "pitch": -0.0010996604105457664,
            "yaw": 91.39314270019531,
            "roll": 0.0
        }
    },
    "camera_parameters": {
        "image_size_x": 1820,
        "image_size_y": 1240,
        "fov": 90,
        "sensor_tick": 0.1
    },
    "filtered_objects": {}
}