{
    "camera_transform": {
        "location": {
            "x": 99.3959732055664,
            "y": -17.15801239013672,
            "z": 2.180495023727417
        },
        "rotation": {
            "pitch": -0.0005805660621263087,
            "yaw": 90.8448486328125,
            "roll": 0.003497528610751033
        }
    },
    "camera_parameters": {
        "image_size_x": 1820,
        "image_size_y": 1240,
        "fov": 90,
        "sensor_tick": 0.1
    },
    "filtered_objects": {}
}