{
    "camera_transform": {
        "location": {
            "x": 70.63355255126953,
            "y": -136.757080078125,
            "z": 10.111101150512695
        },
        "rotation": {
            "pitch": -1.8605297803878784,
            "yaw": -178.7911376953125,
            "roll": -0.1707153022289276
        }
    },
    "camera_parameters": {
        "image_size_x": 1820,
        "image_size_y": 1240,
        "fov": 90,
        "sensor_tick": 0.1
    },
    "filtered_objects": {}
}