{
    "camera_transform": {
        "location": {
            "x": 242.763427734375,
            "y": 126.54528045654297,
            "z": 3.015091896057129
        },
        "rotation": {
            "pitch": -1.1879884004592896,
            "yaw": -88.60738372802734,
            "roll": -0.00012211587454658002
        }
    },
    "camera_parameters": {
        "image_size_x": 1820,
        "image_size_y": 1240,
        "fov": 90,
        "sensor_tick": 0.1
    },
    "filtered_objects": {}
}