{
    "camera_transform": {
        "location": {
            "x": 47.41431427001953,
            "y": -7.815524578094482,
            "z": 2.1796698570251465
        },
        "rotation": {
            "pitch": 0.0,
            "yaw": -179.1441650390625,
            "roll": 0.0
        }
    },
    "camera_parameters": {
        "image_size_x": 1820,
        "image_size_y": 1240,
        "fov": 90,
        "sensor_tick": 0.1
    },
    "filtered_objects": {}
}