{
    "camera_transform": {
        "location": {
            "x": 4.039266109466553,
            "y": 109.39876556396484,
            "z": 2.3993589878082275
        },
        "rotation": {
            "pitch": 0.024035435169935226,
            "yaw": -0.0007019041804596782,
            "roll": -0.0286865234375
        }
    },
    "camera_parameters": {
        "image_size_x": 1820,
        "image_size_y": 1240,
        "fov": 90,
        "sensor_tick": 0.1
    },
    "filtered_objects": {}
}