{
    "camera_transform": {
        "location": {
            "x": 42.882835388183594,
            "y": 13.406477928161621,
            "z": 2.180172920227051
        },
        "rotation": {
            "pitch": -0.0005190943484194577,
            "yaw": -179.84078979492188,
            "roll": 0.002796012908220291
        }
    },
    "camera_parameters": {
        "image_size_x": 1820,
        "image_size_y": 1240,
        "fov": 90,
        "sensor_tick": 0.1
    },
    "filtered_objects": {}
}