{
    "camera_transform": {
        "location": {
            "x": -84.64698791503906,
            "y": 74.94351196289062,
            "z": 2.9740893840789795
        },
        "rotation": {
            "pitch": -0.42968717217445374,
            "yaw": 89.78706359863281,
            "roll": -3.0509925636579283e-05
        }
    },
    "camera_parameters": {
        "image_size_x": 1820,
        "image_size_y": 1240,
        "fov": 90,
        "sensor_tick": 0.1
    },
    "filtered_objects": {}
}