{
    "camera_transform": {
        "location": {
            "x": -85.03339385986328,
            "y": -51.59852981567383,
            "z": 1.581697702407837
        },
        "rotation": {
            "pitch": 0.8489583134651184,
            "yaw": 89.84332275390625,
            "roll": 0.0009103560005314648
        }
    },
    "camera_parameters": {
        "image_size_x": 1820,
        "image_size_y": 1240,
        "fov": 90,
        "sensor_tick": 0.1
    },
    "filtered_objects": {}
}