{
    "camera_transform": {
        "location": {
            "x": -74.39395141601562,
            "y": 74.8711166381836,
            "z": 2.976755380630493
        },
        "rotation": {
            "pitch": 0.8538760542869568,
            "yaw": -90.15646362304688,
            "roll": -3.055248089367524e-05
        }
    },
    "camera_parameters": {
        "image_size_x": 1820,
        "image_size_y": 1240,
        "fov": 90,
        "sensor_tick": 0.1
    },
    "filtered_objects": {}
}