{
    "camera_transform": {
        "location": {
            "x": -71.17182159423828,
            "y": 128.7448272705078,
            "z": 2.180248975753784
        },
        "rotation": {
            "pitch": -0.00045762263471260667,
            "yaw": -167.12693786621094,
            "roll": 0.00483276043087244
        }
    },
    "camera_parameters": {
        "image_size_x": 1820,
        "image_size_y": 1240,
        "fov": 90,
        "sensor_tick": 0.1
    },
    "filtered_objects": {}
}