{
    "camera_transform": {
        "location": {
            "x": 83.37252044677734,
            "y": -81.98431396484375,
            "z": 10.15452766418457
        },
        "rotation": {
            "pitch": 0.7451189756393433,
            "yaw": -87.97533416748047,
            "roll": 0.23959925770759583
        }
    },
    "camera_parameters": {
        "image_size_x": 1820,
        "image_size_y": 1240,
        "fov": 90,
        "sensor_tick": 0.1
    },
    "filtered_objects": {}
}