{
    "camera_transform": {
        "location": {
            "x": 151.3100128173828,
            "y": -180.44309997558594,
            "z": 2.489574670791626
        },
        "rotation": {
            "pitch": 4.1493330001831055,
            "yaw": 91.0066146850586,
            "roll": 0.1084735170006752
        }
    },
    "camera_parameters": {
        "image_size_x": 1820,
        "image_size_y": 1240,
        "fov": 90,
        "sensor_tick": 0.1
    },
    "filtered_objects": {}
}