{
    "camera_transform": {
        "location": {
            "x": 131.62767028808594,
            "y": 5.4084930419921875,
            "z": 2.17977237701416
        },
        "rotation": {
            "pitch": 0.0,
            "yaw": 0.8558040261268616,
            "roll": 0.0
        }
    },
    "camera_parameters": {
        "image_size_x": 1820,
        "image_size_y": 1240,
        "fov": 90,
        "sensor_tick": 0.1
    },
    "filtered_objects": {}
}