{
    "camera_transform": {
        "location": {
            "x": -148.97369384765625,
            "y": -69.92127227783203,
            "z": 2.4844038486480713
        },
        "rotation": {
            "pitch": -0.6601855754852295,
            "yaw": 90.02931213378906,
            "roll": 0.0040258364751935005
        }
    },
    "camera_parameters": {
        "image_size_x": 1820,
        "image_size_y": 1240,
        "fov": 90,
        "sensor_tick": 0.1
    },
    "filtered_objects": {}
}