{
    "camera_transform": {
        "location": {
            "x": -98.28610229492188,
            "y": -3.12145733833313,
            "z": 2.175947904586792
        },
        "rotation": {
            "pitch": 0.2711380124092102,
            "yaw": -179.75367736816406,
            "roll": -0.005218504928052425
        }
    },
    "camera_parameters": {
        "image_size_x": 1820,
        "image_size_y": 1240,
        "fov": 90,
        "sensor_tick": 0.1
    },
    "filtered_objects": {}
}