{
    "camera_transform": {
        "location": {
            "x": -34.13178253173828,
            "y": -194.8607940673828,
            "z": 2.1797354221343994
        },
        "rotation": {
            "pitch": 0.0,
            "yaw": 1.4395465850830078,
            "roll": 0.0
        }
    },
    "camera_parameters": {
        "image_size_x": 1820,
        "image_size_y": 1240,
        "fov": 90,
        "sensor_tick": 0.1
    },
    "filtered_objects": {}
}