{
    "camera_transform": {
        "location": {
            "x": -21.081466674804688,
            "y": -204.7371368408203,
            "z": 2.1797385215759277
        },
        "rotation": {
            "pitch": 0.0,
            "yaw": -178.5604705810547,
            "roll": 0.0
        }
    },
    "camera_parameters": {
        "image_size_x": 1820,
        "image_size_y": 1240,
        "fov": 90,
        "sensor_tick": 0.1
    },
    "filtered_objects": {}
}