{
    "camera_transform": {
        "location": {
            "x": 19.59119987487793,
            "y": 28.11371612548828,
            "z": 2.1801857948303223
        },
        "rotation": {
            "pitch": -0.0003961509501095861,
            "yaw": 0.1592273712158203,
            "roll": 0.006065330468118191
        }
    },
    "camera_parameters": {
        "image_size_x": 1820,
        "image_size_y": 1240,
        "fov": 90,
        "sensor_tick": 0.1
    },
    "filtered_objects": {}
}