{
    "camera_transform": {
        "location": {
            "x": 239.26499938964844,
            "y": 113.2606201171875,
            "z": 2.7350833415985107
        },
        "rotation": {
            "pitch": -1.1973252296447754,
            "yaw": -88.60601806640625,
            "roll": -3.0475699531962164e-05
        }
    },
    "camera_parameters": {
        "image_size_x": 1820,
        "image_size_y": 1240,
        "fov": 90,
        "sensor_tick": 0.1
    },
    "filtered_objects": {}
}