{
    "camera_transform": {
        "location": {
            "x": -99.38758850097656,
            "y": 20.85694122314453,
            "z": 2.179814338684082
        },
        "rotation": {
            "pitch": -0.1479213982820511,
            "yaw": 134.66531372070312,
            "roll": 0.08176923543214798
        }
    },
    "camera_parameters": {
        "image_size_x": 1820,
        "image_size_y": 1240,
        "fov": 90,
        "sensor_tick": 0.1
    },
    "filtered_objects": {}
}