{
    "camera_transform": {
        "location": {
            "x": 598.448486328125,
            "y": -16.979272842407227,
            "z": 2.1807663440704346
        },
        "rotation": {
            "pitch": -0.0005190943484194577,
            "yaw": -179.58056640625,
            "roll": 0.0004287618794478476
        }
    },
    "camera_parameters": {
        "image_size_x": 1820,
        "image_size_y": 1240,
        "fov": 90,
        "sensor_tick": 0.1
    },
    "filtered_objects": {}
}