{
    "camera_transform": {
        "location": {
            "x": 70.63341522216797,
            "y": -136.7573699951172,
            "z": 10.11081314086914
        },
        "rotation": {
            "pitch": -1.8648327589035034,
            "yaw": -178.79734802246094,
            "roll": -0.16476434469223022
        }
    },
    "camera_parameters": {
        "image_size_x": 1820,
        "image_size_y": 1240,
        "fov": 90,
        "sensor_tick": 0.1
    },
    "filtered_objects": {}
}