{
    "camera_transform": {
        "location": {
            "x": -69.54515838623047,
            "y": -68.72021484375,
            "z": 2.1804487705230713
        },
        "rotation": {
            "pitch": -0.00027320755179971457,
            "yaw": -179.4032440185547,
            "roll": 0.0018215065356343985
        }
    },
    "camera_parameters": {
        "image_size_x": 1820,
        "image_size_y": 1240,
        "fov": 90,
        "sensor_tick": 0.1
    },
    "filtered_objects": {}
}