{
    "camera_transform": {
        "location": {
            "x": -105.91072082519531,
            "y": 136.28977966308594,
            "z": 2.179892063140869
        },
        "rotation": {
            "pitch": -3.415094397496432e-05,
            "yaw": -0.597991943359375,
            "roll": 1.2722218027325094e-14
        }
    },
    "camera_parameters": {
        "image_size_x": 1820,
        "image_size_y": 1240,
        "fov": 90,
        "sensor_tick": 0.1
    },
    "filtered_objects": {}
}