{
    "camera_transform": {
        "location": {
            "x": 189.93060302734375,
            "y": 296.04034423828125,
            "z": 2.399322748184204
        },
        "rotation": {
            "pitch": -0.012267018668353558,
            "yaw": 89.99820709228516,
            "roll": -0.009979248978197575
        }
    },
    "camera_parameters": {
        "image_size_x": 1820,
        "image_size_y": 1240,
        "fov": 90,
        "sensor_tick": 0.1
    },
    "filtered_objects": {}
}