{
    "camera_transform": {
        "location": {
            "x": 5.838379859924316,
            "y": 182.1929473876953,
            "z": 2.1798171997070312
        },
        "rotation": {
            "pitch": 0.0,
            "yaw": -90.36254119873047,
            "roll": 0.0
        }
    },
    "camera_parameters": {
        "image_size_x": 1820,
        "image_size_y": 1240,
        "fov": 90,
        "sensor_tick": 0.1
    },
    "filtered_objects": {}
}