{
    "camera_transform": {
        "location": {
            "x": -149.09283447265625,
            "y": 78.6348648071289,
            "z": 2.1797902584075928
        },
        "rotation": {
            "pitch": 6.147169915493578e-05,
            "yaw": 90.0298843383789,
            "roll": -0.0018005372257903218
        }
    },
    "camera_parameters": {
        "image_size_x": 1820,
        "image_size_y": 1240,
        "fov": 90,
        "sensor_tick": 0.1
    },
    "filtered_objects": {}
}