{
    "camera_transform": {
        "location": {
            "x": -18.638866424560547,
            "y": 169.6283721923828,
            "z": 2.1786177158355713
        },
        "rotation": {
            "pitch": -0.01535426452755928,
            "yaw": 168.8720703125,
            "roll": 0.006169830448925495
        }
    },
    "camera_parameters": {
        "image_size_x": 1820,
        "image_size_y": 1240,
        "fov": 90,
        "sensor_tick": 0.1
    },
    "filtered_objects": {}
}