{
    "camera_transform": {
        "location": {
            "x": -74.3934326171875,
            "y": 39.45181655883789,
            "z": 2.4706196784973145
        },
        "rotation": {
            "pitch": -1.5326875448226929,
            "yaw": -90.15675354003906,
            "roll": 0.0013100506039336324
        }
    },
    "camera_parameters": {
        "image_size_x": 1820,
        "image_size_y": 1240,
        "fov": 90,
        "sensor_tick": 0.1
    },
    "filtered_objects": {}
}