{
    "camera_transform": {
        "location": {
            "x": 9.173913955688477,
            "y": 212.0561065673828,
            "z": 26.06743049621582
        },
        "rotation": {
            "pitch": -55.409786224365234,
            "yaw": 63.628578186035156,
            "roll": -0.2251928746700287
        }
    },
    "camera_parameters": {
        "image_size_x": 1820,
        "image_size_y": 1240,
        "fov": 90,
        "sensor_tick": 0.1
    },
    "filtered_objects": {}
}