{
    "camera_transform": {
        "location": {
            "x": 29.545427322387695,
            "y": 13.265114784240723,
            "z": 2.1802282333374023
        },
        "rotation": {
            "pitch": -0.0003961509501095861,
            "yaw": -179.84078979492188,
            "roll": 0.001901259645819664
        }
    },
    "camera_parameters": {
        "image_size_x": 1820,
        "image_size_y": 1240,
        "fov": 90,
        "sensor_tick": 0.1
    },
    "filtered_objects": {}
}