{
    "camera_transform": {
        "location": {
            "x": 26.014976501464844,
            "y": 139.53604125976562,
            "z": 2.1800546646118164
        },
        "rotation": {
            "pitch": 0.0,
            "yaw": 0.2347566783428192,
            "roll": 0.0
        }
    },
    "camera_parameters": {
        "image_size_x": 1820,
        "image_size_y": 1240,
        "fov": 90,
        "sensor_tick": 0.1
    },
    "filtered_objects": {}
}