{
    "camera_transform": {
        "location": {
            "x": -27.2210636138916,
            "y": 198.01736450195312,
            "z": 2.178328275680542
        },
        "rotation": {
            "pitch": -6.147169915493578e-05,
            "yaw": 179.82583618164062,
            "roll": -6.103514533606358e-05
        }
    },
    "camera_parameters": {
        "image_size_x": 1820,
        "image_size_y": 1240,
        "fov": 90,
        "sensor_tick": 0.1
    },
    "filtered_objects": {}
}