{
    "camera_transform": {
        "location": {
            "x": -110.79452514648438,
            "y": 49.159950256347656,
            "z": 2.180417060852051
        },
        "rotation": {
            "pitch": -0.00045762263471260667,
            "yaw": 90.6422348022461,
            "roll": 0.004254466388374567
        }
    },
    "camera_parameters": {
        "image_size_x": 1820,
        "image_size_y": 1240,
        "fov": 90,
        "sensor_tick": 0.1
    },
    "filtered_objects": {}
}