{
    "camera_transform": {
        "location": {
            "x": 171.84765625,
            "y": 5.351208209991455,
            "z": 2.178196430206299
        },
        "rotation": {
            "pitch": -0.00012294339830987155,
            "yaw": 0.8554453253746033,
            "roll": -6.103515625e-05
        }
    },
    "camera_parameters": {
        "image_size_x": 1820,
        "image_size_y": 1240,
        "fov": 90,
        "sensor_tick": 0.1
    },
    "filtered_objects": {}
}