{
    "camera_transform": {
        "location": {
            "x": 97.38442993164062,
            "y": -195.0568389892578,
            "z": 2.1730704307556152
        },
        "rotation": {
            "pitch": 0.016740793362259865,
            "yaw": 1.4390207529067993,
            "roll": 0.003084495896473527
        }
    },
    "camera_parameters": {
        "image_size_x": 1820,
        "image_size_y": 1240,
        "fov": 90,
        "sensor_tick": 0.1
    },
    "filtered_objects": {}
}