{
    "camera_transform": {
        "location": {
            "x": -52.15373992919922,
            "y": -37.68033218383789,
            "z": 2.180610418319702
        },
        "rotation": {
            "pitch": -0.0005805660621263087,
            "yaw": 90.43223571777344,
            "roll": 0.0018833482172340155
        }
    },
    "camera_parameters": {
        "image_size_x": 1820,
        "image_size_y": 1240,
        "fov": 90,
        "sensor_tick": 0.1
    },
    "filtered_objects": {}
}