{
    "camera_transform": {
        "location": {
            "x": 154.18191528320312,
            "y": -143.34376525878906,
            "z": 10.003631591796875
        },
        "rotation": {
            "pitch": -2.301602840423584,
            "yaw": -89.01608276367188,
            "roll": 0.28868386149406433
        }
    },
    "camera_parameters": {
        "image_size_x": 1820,
        "image_size_y": 1240,
        "fov": 90,
        "sensor_tick": 0.1
    },
    "filtered_objects": {}
}