{
    "camera_transform": {
        "location": {
            "x": -77.53450775146484,
            "y": 107.3500747680664,
            "z": 2.417673349380493
        },
        "rotation": {
            "pitch": 0.7339720726013184,
            "yaw": -90.149169921875,
            "roll": -0.027801524847745895
        }
    },
    "camera_parameters": {
        "image_size_x": 1820,
        "image_size_y": 1240,
        "fov": 90,
        "sensor_tick": 0.1
    },
    "filtered_objects": {}
}