{
    "camera_transform": {
        "location": {
            "x": -88.70408630371094,
            "y": -117.04053497314453,
            "z": 2.0157315731048584
        },
        "rotation": {
            "pitch": -0.7535678744316101,
            "yaw": 89.84354400634766,
            "roll": 0.0
        }
    },
    "camera_parameters": {
        "image_size_x": 1820,
        "image_size_y": 1240,
        "fov": 90,
        "sensor_tick": 0.1
    },
    "filtered_objects": {}
}