{
    "camera_transform": {
        "location": {
            "x": -148.9735870361328,
            "y": -69.92129516601562,
            "z": 2.484492063522339
        },
        "rotation": {
            "pitch": -0.6602401733398438,
            "yaw": 90.02932739257812,
            "roll": 0.0033271366264671087
        }
    },
    "camera_parameters": {
        "image_size_x": 1820,
        "image_size_y": 1240,
        "fov": 90,
        "sensor_tick": 0.1
    },
    "filtered_objects": {}
}