{
    "camera_transform": {
        "location": {
            "x": -9.18939208984375,
            "y": 182.3509521484375,
            "z": 2.1729140281677246
        },
        "rotation": {
            "pitch": 0.0,
            "yaw": 89.63746643066406,
            "roll": 0.0
        }
    },
    "camera_parameters": {
        "image_size_x": 1820,
        "image_size_y": 1240,
        "fov": 90,
        "sensor_tick": 0.1
    },
    "filtered_objects": {}
}