{
    "camera_transform": {
        "location": {
            "x": 82.69225311279297,
            "y": -182.24114990234375,
            "z": 2.038119077682495
        },
        "rotation": {
            "pitch": -1.298309564590454,
            "yaw": 89.97994232177734,
            "roll": 0.028624610975384712
        }
    },
    "camera_parameters": {
        "image_size_x": 1820,
        "image_size_y": 1240,
        "fov": 90,
        "sensor_tick": 0.1
    },
    "filtered_objects": {}
}