{
    "camera_transform": {
        "location": {
            "x": 79.41692352294922,
            "y": -69.08889770507812,
            "z": 9.993246078491211
        },
        "rotation": {
            "pitch": -0.9090571403503418,
            "yaw": 92.04044342041016,
            "roll": -0.261199951171875
        }
    },
    "camera_parameters": {
        "image_size_x": 1820,
        "image_size_y": 1240,
        "fov": 90,
        "sensor_tick": 0.1
    },
    "filtered_objects": {}
}