{
    "camera_transform": {
        "location": {
            "x": 223.31735229492188,
            "y": 56.80451965332031,
            "z": 2.1819908618927
        },
        "rotation": {
            "pitch": -0.08459188789129257,
            "yaw": -179.88153076171875,
            "roll": 0.07326842099428177
        }
    },
    "camera_parameters": {
        "image_size_x": 1820,
        "image_size_y": 1240,
        "fov": 90,
        "sensor_tick": 0.1
    },
    "filtered_objects": {}
}