{
    "camera_transform": {
        "location": {
            "x": -110.99390411376953,
            "y": 62.189208984375,
            "z": 2.18035888671875
        },
        "rotation": {
            "pitch": -0.0003961509501095861,
            "yaw": 90.64225006103516,
            "roll": 0.004498567897826433
        }
    },
    "camera_parameters": {
        "image_size_x": 1820,
        "image_size_y": 1240,
        "fov": 90,
        "sensor_tick": 0.1
    },
    "filtered_objects": {}
}