{
    "camera_transform": {
        "location": {
            "x": 114.90243530273438,
            "y": -205.1199951171875,
            "z": 2.179807186126709
        },
        "rotation": {
            "pitch": 0.0,
            "yaw": -178.5604705810547,
            "roll": 0.0
        }
    },
    "camera_parameters": {
        "image_size_x": 1820,
        "image_size_y": 1240,
        "fov": 90,
        "sensor_tick": 0.1
    },
    "filtered_objects": {}
}