{
    "camera_transform": {
        "location": {
            "x": -74.39476013183594,
            "y": -21.070507049560547,
            "z": 2.011255979537964
        },
        "rotation": {
            "pitch": -0.6340600848197937,
            "yaw": -90.15190124511719,
            "roll": 0.0008830961305648088
        }
    },
    "camera_parameters": {
        "image_size_x": 1820,
        "image_size_y": 1240,
        "fov": 90,
        "sensor_tick": 0.1
    },
    "filtered_objects": {}
}