{
    "camera_transform": {
        "location": {
            "x": -77.89421081542969,
            "y": 49.49767303466797,
            "z": 2.750704288482666
        },
        "rotation": {
            "pitch": -1.4458006620407104,
            "yaw": -90.15728759765625,
            "roll": -0.0007630362524650991
        }
    },
    "camera_parameters": {
        "image_size_x": 1820,
        "image_size_y": 1240,
        "fov": 90,
        "sensor_tick": 0.1
    },
    "filtered_objects": {}
}