{
    "camera_transform": {
        "location": {
            "x": 99.36534118652344,
            "y": -3.805800199508667,
            "z": 2.1804685592651367
        },
        "rotation": {
            "pitch": -0.00036883019492961466,
            "yaw": 90.39073181152344,
            "roll": 0.004114198964089155
        }
    },
    "camera_parameters": {
        "image_size_x": 1820,
        "image_size_y": 1240,
        "fov": 90,
        "sensor_tick": 0.1
    },
    "filtered_objects": {}
}