{
    "camera_transform": {
        "location": {
            "x": 151.3086700439453,
            "y": -180.44189453125,
            "z": 2.4786911010742188
        },
        "rotation": {
            "pitch": 4.140760898590088,
            "yaw": 91.01824951171875,
            "roll": 0.12088660150766373
        }
    },
    "camera_parameters": {
        "image_size_x": 1820,
        "image_size_y": 1240,
        "fov": 90,
        "sensor_tick": 0.1
    },
    "filtered_objects": {}
}