{
    "camera_transform": {
        "location": {
            "x": 109.96576690673828,
            "y": -19.687891006469727,
            "z": 2.180177688598633
        },
        "rotation": {
            "pitch": -0.0006147170206531882,
            "yaw": -89.60921478271484,
            "roll": 0.0036623019259423018
        }
    },
    "camera_parameters": {
        "image_size_x": 1820,
        "image_size_y": 1240,
        "fov": 90,
        "sensor_tick": 0.1
    },
    "filtered_objects": {}
}