{
    "camera_transform": {
        "location": {
            "x": 7.965179443359375,
            "y": -60.028846740722656,
            "z": 2.17987060546875
        },
        "rotation": {
            "pitch": 0.0,
            "yaw": -88.58644104003906,
            "roll": 6.491909152828157e-05
        }
    },
    "camera_parameters": {
        "image_size_x": 1820,
        "image_size_y": 1240,
        "fov": 90,
        "sensor_tick": 0.1
    },
    "filtered_objects": {}
}