{
    "camera_transform": {
        "location": {
            "x": -52.06901550292969,
            "y": 85.15486907958984,
            "z": 2.180617094039917
        },
        "rotation": {
            "pitch": -0.0003073585103265941,
            "yaw": 89.83875274658203,
            "roll": 0.003447452327236533
        }
    },
    "camera_parameters": {
        "image_size_x": 1820,
        "image_size_y": 1240,
        "fov": 90,
        "sensor_tick": 0.1
    },
    "filtered_objects": {}
}