{
    "camera_transform": {
        "location": {
            "x": 229.31265258789062,
            "y": 95.8785400390625,
            "z": 2.4368643760681152
        },
        "rotation": {
            "pitch": 0.6566680073738098,
            "yaw": 91.39315795898438,
            "roll": 0.0015984225319698453
        }
    },
    "camera_parameters": {
        "image_size_x": 1820,
        "image_size_y": 1240,
        "fov": 90,
        "sensor_tick": 0.1
    },
    "filtered_objects": {}
}