{
    "camera_transform": {
        "location": {
            "x": 217.9099578857422,
            "y": -5.122847080230713,
            "z": 2.179914712905884
        },
        "rotation": {
            "pitch": 0.0,
            "yaw": -179.1442108154297,
            "roll": 0.0
        }
    },
    "camera_parameters": {
        "image_size_x": 1820,
        "image_size_y": 1240,
        "fov": 90,
        "sensor_tick": 0.1
    },
    "filtered_objects": {}
}