{
    "camera_transform": {
        "location": {
            "x": -88.15841674804688,
            "y": 39.20815658569336,
            "z": 2.4572134017944336
        },
        "rotation": {
            "pitch": 1.1821212768554688,
            "yaw": 89.78799438476562,
            "roll": -0.00033571120002307
        }
    },
    "camera_parameters": {
        "image_size_x": 1820,
        "image_size_y": 1240,
        "fov": 90,
        "sensor_tick": 0.1
    },
    "filtered_objects": {}
}