{
    "camera_transform": {
        "location": {
            "x": -74.49034118652344,
            "y": -46.57599639892578,
            "z": 1.6543912887573242
        },
        "rotation": {
            "pitch": -0.8496959805488586,
            "yaw": -90.15673828125,
            "roll": 0.0037009285297244787
        }
    },
    "camera_parameters": {
        "image_size_x": 1820,
        "image_size_y": 1240,
        "fov": 90,
        "sensor_tick": 0.1
    },
    "filtered_objects": {}
}