{
    "camera_transform": {
        "location": {
            "x": -48.86067199707031,
            "y": -29.53500747680664,
            "z": 2.180328130722046
        },
        "rotation": {
            "pitch": -0.0008879245724529028,
            "yaw": 90.43232727050781,
            "roll": 0.00386628694832325
        }
    },
    "camera_parameters": {
        "image_size_x": 1820,
        "image_size_y": 1240,
        "fov": 90,
        "sensor_tick": 0.1
    },
    "filtered_objects": {}
}