{
    "camera_transform": {
        "location": {
            "x": 124.57788848876953,
            "y": -3.1196916103363037,
            "z": 2.179795026779175
        },
        "rotation": {
            "pitch": -3.415094397496432e-05,
            "yaw": -179.1441650390625,
            "roll": 4.7447742872464005e-06
        }
    },
    "camera_parameters": {
        "image_size_x": 1820,
        "image_size_y": 1240,
        "fov": 90,
        "sensor_tick": 0.1
    },
    "filtered_objects": {}
}