{
    "camera_transform": {
        "location": {
            "x": -84.94865417480469,
            "y": -20.796627044677734,
            "z": 2.0235979557037354
        },
        "rotation": {
            "pitch": 0.7433499097824097,
            "yaw": 89.84355926513672,
            "roll": -0.0014038020744919777
        }
    },
    "camera_parameters": {
        "image_size_x": 1820,
        "image_size_y": 1240,
        "fov": 90,
        "sensor_tick": 0.1
    },
    "filtered_objects": {}
}