{
    "camera_transform": {
        "location": {
            "x": 51.17414093017578,
            "y": -7.747461318969727,
            "z": 2.17828369140625
        },
        "rotation": {
            "pitch": 0.00916611310094595,
            "yaw": -179.156494140625,
            "roll": 6.212513312675583e-07
        }
    },
    "camera_parameters": {
        "image_size_x": 1820,
        "image_size_y": 1240,
        "fov": 90,
        "sensor_tick": 0.1
    },
    "filtered_objects": {}
}