{
    "camera_transform": {
        "location": {
            "x": -21.282508850097656,
            "y": -64.73725128173828,
            "z": 2.1803674697875977
        },
        "rotation": {
            "pitch": -6.147169915493578e-05,
            "yaw": -179.40318298339844,
            "roll": 0.0068132770247757435
        }
    },
    "camera_parameters": {
        "image_size_x": 1820,
        "image_size_y": 1240,
        "fov": 90,
        "sensor_tick": 0.1
    },
    "filtered_objects": {}
}