{
    "camera_transform": {
        "location": {
            "x": -84.55733489990234,
            "y": 99.1594009399414,
            "z": 2.5597658157348633
        },
        "rotation": {
            "pitch": -1.0231622457504272,
            "yaw": 89.78694152832031,
            "roll": 0.001050148974172771
        }
    },
    "camera_parameters": {
        "image_size_x": 1820,
        "image_size_y": 1240,
        "fov": 90,
        "sensor_tick": 0.1
    },
    "filtered_objects": {}
}