{
    "camera_transform": {
        "location": {
            "x": 92.10997009277344,
            "y": 28.320018768310547,
            "z": 2.1873550415039062
        },
        "rotation": {
            "pitch": 0.0,
            "yaw": -90.0002670288086,
            "roll": 1.419986983819399e-05
        }
    },
    "camera_parameters": {
        "image_size_x": 1820,
        "image_size_y": 1240,
        "fov": 90,
        "sensor_tick": 0.1
    },
    "filtered_objects": {}
}