{
    "camera_transform": {
        "location": {
            "x": 55.068397521972656,
            "y": -67.84932708740234,
            "z": 2.1803488731384277
        },
        "rotation": {
            "pitch": -0.00018441509746480733,
            "yaw": 179.97654724121094,
            "roll": 0.0008161980658769608
        }
    },
    "camera_parameters": {
        "image_size_x": 1820,
        "image_size_y": 1240,
        "fov": 90,
        "sensor_tick": 0.1
    },
    "filtered_objects": {}
}