{
    "camera_transform": {
        "location": {
            "x": 134.35316467285156,
            "y": -1.6193445920944214,
            "z": 3.066077709197998
        },
        "rotation": {
            "pitch": 19.456462860107422,
            "yaw": 83.31434631347656,
            "roll": -73.6270523071289
        }
    },
    "camera_parameters": {
        "image_size_x": 1820,
        "image_size_y": 1240,
        "fov": 90,
        "sensor_tick": 0.1
    },
    "filtered_objects": {}
}