{
    "camera_transform": {
        "location": {
            "x": 151.3085174560547,
            "y": -180.4401397705078,
            "z": 2.482577323913574
        },
        "rotation": {
            "pitch": 4.091966152191162,
            "yaw": 91.00541687011719,
            "roll": 0.16006626188755035
        }
    },
    "camera_parameters": {
        "image_size_x": 1820,
        "image_size_y": 1240,
        "fov": 90,
        "sensor_tick": 0.1
    },
    "filtered_objects": {}
}