{
    "camera_transform": {
        "location": {
            "x": 296.8999938964844,
            "y": 129.75,
            "z": 2.1696043014526367
        },
        "rotation": {
            "pitch": 0.0,
            "yaw": 179.999755859375,
            "roll": 7.4209997364960145e-06
        }
    },
    "camera_parameters": {
        "image_size_x": 1820,
        "image_size_y": 1240,
        "fov": 90,
        "sensor_tick": 0.1
    },
    "filtered_objects": {}
}