{
    "camera_transform": {
        "location": {
            "x": 56.62775802612305,
            "y": -196.08102416992188,
            "z": 2.179840326309204
        },
        "rotation": {
            "pitch": 2.7320755179971457e-05,
            "yaw": 1.4395095109939575,
            "roll": 1.1210671146955065e-07
        }
    },
    "camera_parameters": {
        "image_size_x": 1820,
        "image_size_y": 1240,
        "fov": 90,
        "sensor_tick": 0.1
    },
    "filtered_objects": {}
}