{
    "camera_transform": {
        "location": {
            "x": 135.82826232910156,
            "y": -6.388901233673096,
            "z": 2.1796586513519287
        },
        "rotation": {
            "pitch": -0.02096867933869362,
            "yaw": -179.1442413330078,
            "roll": -0.00958251766860485
        }
    },
    "camera_parameters": {
        "image_size_x": 1820,
        "image_size_y": 1240,
        "fov": 90,
        "sensor_tick": 0.1
    },
    "filtered_objects": {}
}