{
    "camera_transform": {
        "location": {
            "x": 106.49661254882812,
            "y": -191.5579833984375,
            "z": 2.179957151412964
        },
        "rotation": {
            "pitch": 0.0,
            "yaw": 1.4395471811294556,
            "roll": 0.0
        }
    },
    "camera_parameters": {
        "image_size_x": 1820,
        "image_size_y": 1240,
        "fov": 90,
        "sensor_tick": 0.1
    },
    "filtered_objects": {}
}