{
    "camera_transform": {
        "location": {
            "x": 234.26290893554688,
            "y": 29.993146896362305,
            "z": 2.1796698570251465
        },
        "rotation": {
            "pitch": 0.00012294339830987155,
            "yaw": 91.39320373535156,
            "roll": 1.7398294005488424e-07
        }
    },
    "camera_parameters": {
        "image_size_x": 1820,
        "image_size_y": 1240,
        "fov": 90,
        "sensor_tick": 0.1
    },
    "filtered_objects": {}
}