{
    "camera_transform": {
        "location": {
            "x": -67.0816879272461,
            "y": -65.19374084472656,
            "z": 2.180320978164673
        },
        "rotation": {
            "pitch": -0.00012294339830987155,
            "yaw": -179.4032440185547,
            "roll": 0.0005117800319567323
        }
    },
    "camera_parameters": {
        "image_size_x": 1820,
        "image_size_y": 1240,
        "fov": 90,
        "sensor_tick": 0.1
    },
    "filtered_objects": {}
}