{
    "camera_transform": {
        "location": {
            "x": 45.24000930786133,
            "y": 288.7900085449219,
            "z": 2.3998117446899414
        },
        "rotation": {
            "pitch": 0.0,
            "yaw": -89.99981689453125,
            "roll": 0.0
        }
    },
    "camera_parameters": {
        "image_size_x": 1820,
        "image_size_y": 1240,
        "fov": 90,
        "sensor_tick": 0.1
    },
    "filtered_objects": {}
}