{
    "camera_transform": {
        "location": {
            "x": -106.65681457519531,
            "y": -7.347288608551025,
            "z": 2.180548906326294
        },
        "rotation": {
            "pitch": -0.0006420377176254988,
            "yaw": -89.35778045654297,
            "roll": 0.0033233370631933212
        }
    },
    "camera_parameters": {
        "image_size_x": 1820,
        "image_size_y": 1240,
        "fov": 90,
        "sensor_tick": 0.1
    },
    "filtered_objects": {}
}