{
    "camera_transform": {
        "location": {
            "x": -85.03419494628906,
            "y": -51.59846496582031,
            "z": 1.5706642866134644
        },
        "rotation": {
            "pitch": 0.8490471243858337,
            "yaw": 89.8434066772461,
            "roll": -0.006103496998548508
        }
    },
    "camera_parameters": {
        "image_size_x": 1820,
        "image_size_y": 1240,
        "fov": 90,
        "sensor_tick": 0.1
    },
    "filtered_objects": {}
}