{
    "camera_transform": {
        "location": {
            "x": -102.0819320678711,
            "y": -140.3922882080078,
            "z": 2.421607255935669
        },
        "rotation": {
            "pitch": 1.0857882499694824,
            "yaw": -178.77328491210938,
            "roll": 0.06271331012248993
        }
    },
    "camera_parameters": {
        "image_size_x": 1820,
        "image_size_y": 1240,
        "fov": 90,
        "sensor_tick": 0.1
    },
    "filtered_objects": {}
}