{
    "camera_transform": {
        "location": {
            "x": 143.94960021972656,
            "y": -5.022064208984375,
            "z": 2.189765214920044
        },
        "rotation": {
            "pitch": -0.0021993208210915327,
            "yaw": -179.1978302001953,
            "roll": -0.22039790451526642
        }
    },
    "camera_parameters": {
        "image_size_x": 1820,
        "image_size_y": 1240,
        "fov": 90,
        "sensor_tick": 0.1
    },
    "filtered_objects": {}
}