{
    "camera_transform": {
        "location": {
            "x": 2.1645264625549316,
            "y": 157.039306640625,
            "z": 2.1790945529937744
        },
        "rotation": {
            "pitch": -0.05840494483709335,
            "yaw": -90.36248779296875,
            "roll": -0.1192627027630806
        }
    },
    "camera_parameters": {
        "image_size_x": 1820,
        "image_size_y": 1240,
        "fov": 90,
        "sensor_tick": 0.1
    },
    "filtered_objects": {}
}