{
    "camera_transform": {
        "location": {
            "x": 28.938627243041992,
            "y": 6.834567546844482,
            "z": 2.172821283340454
        },
        "rotation": {
            "pitch": -0.0006420377176254988,
            "yaw": -13.668537139892578,
            "roll": -0.00024414061044808477
        }
    },
    "camera_parameters": {
        "image_size_x": 1820,
        "image_size_y": 1240,
        "fov": 90,
        "sensor_tick": 0.1
    },
    "filtered_objects": {}
}