{
    "camera_transform": {
        "location": {
            "x": -77.69363403320312,
            "y": 65.85747528076172,
            "z": 3.0109004974365234
        },
        "rotation": {
            "pitch": 0.04087867960333824,
            "yaw": -90.15666961669922,
            "roll": 0.00021763728000223637
        }
    },
    "camera_parameters": {
        "image_size_x": 1820,
        "image_size_y": 1240,
        "fov": 90,
        "sensor_tick": 0.1
    },
    "filtered_objects": {}
}