{
    "camera_transform": {
        "location": {
            "x": -9.197419166564941,
            "y": -210.00442504882812,
            "z": 2.179433584213257
        },
        "rotation": {
            "pitch": 0.0009015849209390581,
            "yaw": -178.3557586669922,
            "roll": -0.06426998972892761
        }
    },
    "camera_parameters": {
        "image_size_x": 1820,
        "image_size_y": 1240,
        "fov": 90,
        "sensor_tick": 0.1
    },
    "filtered_objects": {}
}