{
    "camera_transform": {
        "location": {
            "x": 79.417236328125,
            "y": -69.0888900756836,
            "z": 9.992915153503418
        },
        "rotation": {
            "pitch": -0.9093303680419922,
            "yaw": 92.0405044555664,
            "roll": -0.262054443359375
        }
    },
    "camera_parameters": {
        "image_size_x": 1820,
        "image_size_y": 1240,
        "fov": 90,
        "sensor_tick": 0.1
    },
    "filtered_objects": {}
}