{
    "camera_transform": {
        "location": {
            "x": -14.71760082244873,
            "y": 0.8211878538131714,
            "z": 1.2407269477844238
        },
        "rotation": {
            "pitch": -23.92757225036621,
            "yaw": 84.95703887939453,
            "roll": 109.29557800292969
        }
    },
    "camera_parameters": {
        "image_size_x": 1820,
        "image_size_y": 1240,
        "fov": 90,
        "sensor_tick": 0.1
    },
    "filtered_objects": {}
}