{
    "camera_transform": {
        "location": {
            "x": -16.384363174438477,
            "y": 169.2093505859375,
            "z": 2.1730053424835205
        },
        "rotation": {
            "pitch": 0.0,
            "yaw": 168.90005493164062,
            "roll": 0.0
        }
    },
    "camera_parameters": {
        "image_size_x": 1820,
        "image_size_y": 1240,
        "fov": 90,
        "sensor_tick": 0.1
    },
    "filtered_objects": {}
}