{
    "camera_transform": {
        "location": {
            "x": -74.48965454101562,
            "y": -46.576053619384766,
            "z": 1.6545603275299072
        },
        "rotation": {
            "pitch": -0.8499760031700134,
            "yaw": -90.15679931640625,
            "roll": 0.0049276165664196014
        }
    },
    "camera_parameters": {
        "image_size_x": 1820,
        "image_size_y": 1240,
        "fov": 90,
        "sensor_tick": 0.1
    },
    "filtered_objects": {}
}