{
    "camera_transform": {
        "location": {
            "x": -52.068416595458984,
            "y": 85.15482330322266,
            "z": 2.180342435836792
        },
        "rotation": {
            "pitch": -0.00045762263471260667,
            "yaw": 89.83879852294922,
            "roll": 0.0031214163172990084
        }
    },
    "camera_parameters": {
        "image_size_x": 1820,
        "image_size_y": 1240,
        "fov": 90,
        "sensor_tick": 0.1
    },
    "filtered_objects": {}
}