{
    "camera_transform": {
        "location": {
            "x": 106.3962173461914,
            "y": -4.1493821144104,
            "z": 2.1803534030914307
        },
        "rotation": {
            "pitch": -0.0004234717052895576,
            "yaw": -89.60928344726562,
            "roll": 0.0037707670126110315
        }
    },
    "camera_parameters": {
        "image_size_x": 1820,
        "image_size_y": 1240,
        "fov": 90,
        "sensor_tick": 0.1
    },
    "filtered_objects": {}
}