{
    "camera_transform": {
        "location": {
            "x": -145.51803588867188,
            "y": 18.790264129638672,
            "z": 2.179745674133301
        },
        "rotation": {
            "pitch": 0.0,
            "yaw": -89.97014617919922,
            "roll": 0.0
        }
    },
    "camera_parameters": {
        "image_size_x": 1820,
        "image_size_y": 1240,
        "fov": 90,
        "sensor_tick": 0.1
    },
    "filtered_objects": {}
}