{
    "camera_transform": {
        "location": {
            "x": -77.89480590820312,
            "y": -10.64958381652832,
            "z": 2.1273157596588135
        },
        "rotation": {
            "pitch": -0.23159120976924896,
            "yaw": -90.1572265625,
            "roll": -0.02304076962172985
        }
    },
    "camera_parameters": {
        "image_size_x": 1820,
        "image_size_y": 1240,
        "fov": 90,
        "sensor_tick": 0.1
    },
    "filtered_objects": {}
}