{
    "camera_transform": {
        "location": {
            "x": 102.9111328125,
            "y": -6.881583213806152,
            "z": 2.180586338043213
        },
        "rotation": {
            "pitch": -0.0004234717052895576,
            "yaw": 90.39070129394531,
            "roll": 0.002986346138641238
        }
    },
    "camera_parameters": {
        "image_size_x": 1820,
        "image_size_y": 1240,
        "fov": 90,
        "sensor_tick": 0.1
    },
    "filtered_objects": {}
}