{
    "camera_transform": {
        "location": {
            "x": 229.31317138671875,
            "y": 95.87859344482422,
            "z": 2.436774492263794
        },
        "rotation": {
            "pitch": 0.6570368409156799,
            "yaw": 91.39317321777344,
            "roll": 0.0006512853433378041
        }
    },
    "camera_parameters": {
        "image_size_x": 1820,
        "image_size_y": 1240,
        "fov": 90,
        "sensor_tick": 0.1
    },
    "filtered_objects": {}
}