{
    "camera_transform": {
        "location": {
            "x": -41.496299743652344,
            "y": 109.44520568847656,
            "z": 2.1806514263153076
        },
        "rotation": {
            "pitch": -0.0005805660621263087,
            "yaw": -90.16118621826172,
            "roll": 0.002908674068748951
        }
    },
    "camera_parameters": {
        "image_size_x": 1820,
        "image_size_y": 1240,
        "fov": 90,
        "sensor_tick": 0.1
    },
    "filtered_objects": {}
}