{
    "camera_transform": {
        "location": {
            "x": -3.1601078510284424,
            "y": -181.01473999023438,
            "z": 2.179450035095215
        },
        "rotation": {
            "pitch": 0.0,
            "yaw": 91.41352844238281,
            "roll": 0.0
        }
    },
    "camera_parameters": {
        "image_size_x": 1820,
        "image_size_y": 1240,
        "fov": 90,
        "sensor_tick": 0.1
    },
    "filtered_objects": {}
}