{
    "camera_transform": {
        "location": {
            "x": 9.240593910217285,
            "y": -104.24061584472656,
            "z": 2.1841933727264404
        },
        "rotation": {
            "pitch": 0.058439094573259354,
            "yaw": -88.58644104003906,
            "roll": -0.1470641791820526
        }
    },
    "camera_parameters": {
        "image_size_x": 1820,
        "image_size_y": 1240,
        "fov": 90,
        "sensor_tick": 0.1
    },
    "filtered_objects": {}
}