{
    "camera_transform": {
        "location": {
            "x": 24.13056755065918,
            "y": 140.98797607421875,
            "z": 2.1805570125579834
        },
        "rotation": {
            "pitch": -0.00027320755179971457,
            "yaw": 0.3204454183578491,
            "roll": 0.001800775877200067
        }
    },
    "camera_parameters": {
        "image_size_x": 1820,
        "image_size_y": 1240,
        "fov": 90,
        "sensor_tick": 0.1
    },
    "filtered_objects": {}
}