{
    "camera_transform": {
        "location": {
            "x": 216.3804473876953,
            "y": 2.4971022605895996,
            "z": 2.1798362731933594
        },
        "rotation": {
            "pitch": 0.0,
            "yaw": 6.1035138060105965e-05,
            "roll": 0.0
        }
    },
    "camera_parameters": {
        "image_size_x": 1820,
        "image_size_y": 1240,
        "fov": 90,
        "sensor_tick": 0.1
    },
    "filtered_objects": {}
}