{
    "camera_transform": {
        "location": {
            "x": 234.26287841796875,
            "y": 29.993148803710938,
            "z": 2.179924964904785
        },
        "rotation": {
            "pitch": 0.0003824905725196004,
            "yaw": 91.39322662353516,
            "roll": 1.3665901299475536e-08
        }
    },
    "camera_parameters": {
        "image_size_x": 1820,
        "image_size_y": 1240,
        "fov": 90,
        "sensor_tick": 0.1
    },
    "filtered_objects": {}
}