{
    "camera_transform": {
        "location": {
            "x": 24.990108489990234,
            "y": 207.49945068359375,
            "z": 2.1798765659332275
        },
        "rotation": {
            "pitch": 0.0,
            "yaw": -0.142974853515625,
            "roll": 0.0
        }
    },
    "camera_parameters": {
        "image_size_x": 1820,
        "image_size_y": 1240,
        "fov": 90,
        "sensor_tick": 0.1
    },
    "filtered_objects": {}
}