{
    "camera_transform": {
        "location": {
            "x": 377.00543212890625,
            "y": 144.47439575195312,
            "z": 2.173044443130493
        },
        "rotation": {
            "pitch": 0.0,
            "yaw": 0.23475705087184906,
            "roll": 0.0
        }
    },
    "camera_parameters": {
        "image_size_x": 1820,
        "image_size_y": 1240,
        "fov": 90,
        "sensor_tick": 0.1
    },
    "filtered_objects": {}
}