{
    "camera_transform": {
        "location": {
            "x": 239.6845703125,
            "y": 89.6574478149414,
            "z": 2.3630456924438477
        },
        "rotation": {
            "pitch": -0.6542910933494568,
            "yaw": -88.60562133789062,
            "roll": -3.052439569728449e-05
        }
    },
    "camera_parameters": {
        "image_size_x": 1820,
        "image_size_y": 1240,
        "fov": 90,
        "sensor_tick": 0.1
    },
    "filtered_objects": {}
}