{
    "camera_transform": {
        "location": {
            "x": 83.3725357055664,
            "y": -81.98442077636719,
            "z": 10.154776573181152
        },
        "rotation": {
            "pitch": 0.7447023391723633,
            "yaw": -87.97560119628906,
            "roll": 0.23942255973815918
        }
    },
    "camera_parameters": {
        "image_size_x": 1820,
        "image_size_y": 1240,
        "fov": 90,
        "sensor_tick": 0.1
    },
    "filtered_objects": {}
}