{
    "camera_transform": {
        "location": {
            "x": 85.68492126464844,
            "y": -147.6676025390625,
            "z": 9.826111793518066
        },
        "rotation": {
            "pitch": -5.030823230743408,
            "yaw": -88.15746307373047,
            "roll": 0.2015211135149002
        }
    },
    "camera_parameters": {
        "image_size_x": 1820,
        "image_size_y": 1240,
        "fov": 90,
        "sensor_tick": 0.1
    },
    "filtered_objects": {}
}