{
    "camera_transform": {
        "location": {
            "x": -74.49125671386719,
            "y": -46.57575988769531,
            "z": 1.644342303276062
        },
        "rotation": {
            "pitch": -0.8464311361312866,
            "yaw": -90.15655517578125,
            "roll": -0.00933836679905653
        }
    },
    "camera_parameters": {
        "image_size_x": 1820,
        "image_size_y": 1240,
        "fov": 90,
        "sensor_tick": 0.1
    },
    "filtered_objects": {}
}