{
    "camera_transform": {
        "location": {
            "x": -21.812768936157227,
            "y": -135.2376708984375,
            "z": 2.18038272857666
        },
        "rotation": {
            "pitch": 0.00040298112435266376,
            "yaw": 1.2267106771469116,
            "roll": 0.002185110468417406
        }
    },
    "camera_parameters": {
        "image_size_x": 1820,
        "image_size_y": 1240,
        "fov": 90,
        "sensor_tick": 0.1
    },
    "filtered_objects": {}
}