{
    "camera_transform": {
        "location": {
            "x": 151.96414184570312,
            "y": -17.337987899780273,
            "z": 2.480346441268921
        },
        "rotation": {
            "pitch": 3.515429973602295,
            "yaw": -89.04137420654297,
            "roll": -0.3396602272987366
        }
    },
    "camera_parameters": {
        "image_size_x": 1820,
        "image_size_y": 1240,
        "fov": 90,
        "sensor_tick": 0.1
    },
    "filtered_objects": {}
}