{
    "camera_transform": {
        "location": {
            "x": -84.64785766601562,
            "y": 116.91563415527344,
            "z": 2.2902708053588867
        },
        "rotation": {
            "pitch": -0.7206737399101257,
            "yaw": 89.78734588623047,
            "roll": 0.061077702790498734
        }
    },
    "camera_parameters": {
        "image_size_x": 1820,
        "image_size_y": 1240,
        "fov": 90,
        "sensor_tick": 0.1
    },
    "filtered_objects": {}
}