{
    "camera_transform": {
        "location": {
            "x": -134.4790496826172,
            "y": 0.1912343055009842,
            "z": 2.1729307174682617
        },
        "rotation": {
            "pitch": 0.0,
            "yaw": 0.294602632522583,
            "roll": 3.404050221433863e-05
        }
    },
    "camera_parameters": {
        "image_size_x": 1820,
        "image_size_y": 1240,
        "fov": 90,
        "sensor_tick": 0.1
    },
    "filtered_objects": {}
}