{
    "camera_transform": {
        "location": {
            "x": -102.08194732666016,
            "y": -140.3933563232422,
            "z": 2.4104464054107666
        },
        "rotation": {
            "pitch": 1.0879876613616943,
            "yaw": -178.77346801757812,
            "roll": 0.07960803806781769
        }
    },
    "camera_parameters": {
        "image_size_x": 1820,
        "image_size_y": 1240,
        "fov": 90,
        "sensor_tick": 0.1
    },
    "filtered_objects": {}
}