{
    "camera_transform": {
        "location": {
            "x": -9.932618141174316,
            "y": 72.55975341796875,
            "z": 2.1733484268188477
        },
        "rotation": {
            "pitch": 0.0,
            "yaw": 89.63746643066406,
            "roll": -3.0517578125e-05
        }
    },
    "camera_parameters": {
        "image_size_x": 1820,
        "image_size_y": 1240,
        "fov": 90,
        "sensor_tick": 0.1
    },
    "filtered_objects": {}
}