{
    "camera_transform": {
        "location": {
            "x": -74.39391326904297,
            "y": 97.24312591552734,
            "z": 2.594041109085083
        },
        "rotation": {
            "pitch": 1.0222060680389404,
            "yaw": -90.15643310546875,
            "roll": -5.3369340946574084e-08
        }
    },
    "camera_parameters": {
        "image_size_x": 1820,
        "image_size_y": 1240,
        "fov": 90,
        "sensor_tick": 0.1
    },
    "filtered_objects": {}
}