{
    "camera_transform": {
        "location": {
            "x": 2.7158610820770264,
            "y": -37.377872467041016,
            "z": 2.1722497940063477
        },
        "rotation": {
            "pitch": 0.0,
            "yaw": -89.61767578125,
            "roll": 0.0
        }
    },
    "camera_parameters": {
        "image_size_x": 1820,
        "image_size_y": 1240,
        "fov": 90,
        "sensor_tick": 0.1
    },
    "filtered_objects": {}
}