{
    "camera_transform": {
        "location": {
            "x": -74.38430786132812,
            "y": 23.224123001098633,
            "z": 2.228471279144287
        },
        "rotation": {
            "pitch": -0.29421037435531616,
            "yaw": -90.1494369506836,
            "roll": 0.25185269117355347
        }
    },
    "camera_parameters": {
        "image_size_x": 1820,
        "image_size_y": 1240,
        "fov": 90,
        "sensor_tick": 0.1
    },
    "filtered_objects": {}
}