{
    "camera_transform": {
        "location": {
            "x": -67.08167266845703,
            "y": -65.19570922851562,
            "z": 2.1803383827209473
        },
        "rotation": {
            "pitch": -0.0003073585103265941,
            "yaw": -179.40321350097656,
            "roll": 0.005043191369622946
        }
    },
    "camera_parameters": {
        "image_size_x": 1820,
        "image_size_y": 1240,
        "fov": 90,
        "sensor_tick": 0.1
    },
    "filtered_objects": {}
}