{
    "camera_transform": {
        "location": {
            "x": -110.99356079101562,
            "y": 62.189208984375,
            "z": 2.180298328399658
        },
        "rotation": {
            "pitch": -0.0006420377176254988,
            "yaw": 90.6422348022461,
            "roll": 0.0035350730177015066
        }
    },
    "camera_parameters": {
        "image_size_x": 1820,
        "image_size_y": 1240,
        "fov": 90,
        "sensor_tick": 0.1
    },
    "filtered_objects": {}
}