{
    "camera_transform": {
        "location": {
            "x": 15.681381225585938,
            "y": 203.9994354248047,
            "z": 2.179900884628296
        },
        "rotation": {
            "pitch": 1.3660377589985728e-05,
            "yaw": -0.1430053561925888,
            "roll": 4.2068477341672406e-05
        }
    },
    "camera_parameters": {
        "image_size_x": 1820,
        "image_size_y": 1240,
        "fov": 90,
        "sensor_tick": 0.1
    },
    "filtered_objects": {}
}