{
    "camera_transform": {
        "location": {
            "x": 231.2101287841797,
            "y": 16.764713287353516,
            "z": 2.1796998977661133
        },
        "rotation": {
            "pitch": 0.0,
            "yaw": 91.39320373535156,
            "roll": 0.0
        }
    },
    "camera_parameters": {
        "image_size_x": 1820,
        "image_size_y": 1240,
        "fov": 90,
        "sensor_tick": 0.1
    },
    "filtered_objects": {}
}