{
    "camera_transform": {
        "location": {
            "x": -77.88057708740234,
            "y": 90.09793090820312,
            "z": 2.718308925628662
        },
        "rotation": {
            "pitch": 1.0242414474487305,
            "yaw": -90.1565170288086,
            "roll": 0.0
        }
    },
    "camera_parameters": {
        "image_size_x": 1820,
        "image_size_y": 1240,
        "fov": 90,
        "sensor_tick": 0.1
    },
    "filtered_objects": {}
}