{
    "camera_transform": {
        "location": {
            "x": -8.28334903717041,
            "y": -64.57557678222656,
            "z": 2.1802477836608887
        },
        "rotation": {
            "pitch": -0.0003073585103265941,
            "yaw": -179.4032440185547,
            "roll": 0.0016713194781914353
        }
    },
    "camera_parameters": {
        "image_size_x": 1820,
        "image_size_y": 1240,
        "fov": 90,
        "sensor_tick": 0.1
    },
    "filtered_objects": {}
}