{
    "camera_transform": {
        "location": {
            "x": -8.9243745803833,
            "y": 207.4994354248047,
            "z": 2.1798672676086426
        },
        "rotation": {
            "pitch": 0.0,
            "yaw": -0.142974853515625,
            "roll": 9.956992471416015e-06
        }
    },
    "camera_parameters": {
        "image_size_x": 1820,
        "image_size_y": 1240,
        "fov": 90,
        "sensor_tick": 0.1
    },
    "filtered_objects": {}
}