{
    "camera_transform": {
        "location": {
            "x": 146.5592803955078,
            "y": 133.23988342285156,
            "z": 2.179985761642456
        },
        "rotation": {
            "pitch": 0.0,
            "yaw": -9.1552734375e-05,
            "roll": 0.0
        }
    },
    "camera_parameters": {
        "image_size_x": 1820,
        "image_size_y": 1240,
        "fov": 90,
        "sensor_tick": 0.1
    },
    "filtered_objects": {}
}