{
    "camera_transform": {
        "location": {
            "x": -88.24581909179688,
            "y": 108.73358917236328,
            "z": 2.396977663040161
        },
        "rotation": {
            "pitch": -0.9408584833145142,
            "yaw": 89.78742218017578,
            "roll": 0.0018345266580581665
        }
    },
    "camera_parameters": {
        "image_size_x": 1820,
        "image_size_y": 1240,
        "fov": 90,
        "sensor_tick": 0.1
    },
    "filtered_objects": {}
}