{
    "camera_transform": {
        "location": {
            "x": -19.975082397460938,
            "y": 13.449023246765137,
            "z": 2.17814040184021
        },
        "rotation": {
            "pitch": -0.006925811525434256,
            "yaw": 61.80656814575195,
            "roll": 6.20951468590647e-05
        }
    },
    "camera_parameters": {
        "image_size_x": 1820,
        "image_size_y": 1240,
        "fov": 90,
        "sensor_tick": 0.1
    },
    "filtered_objects": {}
}