{
    "camera_transform": {
        "location": {
            "x": -26.226009368896484,
            "y": 28.11248779296875,
            "z": 2.1801295280456543
        },
        "rotation": {
            "pitch": -0.0004917735932394862,
            "yaw": 0.15917691588401794,
            "roll": 0.0028194356709718704
        }
    },
    "camera_parameters": {
        "image_size_x": 1820,
        "image_size_y": 1240,
        "fov": 90,
        "sensor_tick": 0.1
    },
    "filtered_objects": {}
}