{
    "camera_transform": {
        "location": {
            "x": 42.8828125,
            "y": 13.406742095947266,
            "z": 2.1801626682281494
        },
        "rotation": {
            "pitch": -0.0003961509501095861,
            "yaw": -179.84078979492188,
            "roll": 0.002244603121653199
        }
    },
    "camera_parameters": {
        "image_size_x": 1820,
        "image_size_y": 1240,
        "fov": 90,
        "sensor_tick": 0.1
    },
    "filtered_objects": {}
}