{
    "camera_transform": {
        "location": {
            "x": 222.6029815673828,
            "y": 6.23065710067749,
            "z": 2.2807438373565674
        },
        "rotation": {
            "pitch": 1.4426519870758057,
            "yaw": 0.8257648348808289,
            "roll": -3.6558542251586914
        }
    },
    "camera_parameters": {
        "image_size_x": 1820,
        "image_size_y": 1240,
        "fov": 90,
        "sensor_tick": 0.1
    },
    "filtered_objects": {}
}