{
    "camera_transform": {
        "location": {
            "x": -102.22583770751953,
            "y": 18.044633865356445,
            "z": 2.179762601852417
        },
        "rotation": {
            "pitch": -0.011324453167617321,
            "yaw": 134.6647491455078,
            "roll": 0.01629956252872944
        }
    },
    "camera_parameters": {
        "image_size_x": 1820,
        "image_size_y": 1240,
        "fov": 90,
        "sensor_tick": 0.1
    },
    "filtered_objects": {}
}