{
    "camera_transform": {
        "location": {
            "x": -88.70408630371094,
            "y": -117.04060363769531,
            "z": 2.016000270843506
        },
        "rotation": {
            "pitch": -0.7534517645835876,
            "yaw": 89.84354400634766,
            "roll": -2.6682734244332096e-08
        }
    },
    "camera_parameters": {
        "image_size_x": 1820,
        "image_size_y": 1240,
        "fov": 90,
        "sensor_tick": 0.1
    },
    "filtered_objects": {}
}