{
    "camera_transform": {
        "location": {
            "x": -11.023696899414062,
            "y": 36.472896575927734,
            "z": 2.1725432872772217
        },
        "rotation": {
            "pitch": 0.0,
            "yaw": 98.62480163574219,
            "roll": 0.0
        }
    },
    "camera_parameters": {
        "image_size_x": 1820,
        "image_size_y": 1240,
        "fov": 90,
        "sensor_tick": 0.1
    },
    "filtered_objects": {}
}