{
    "camera_transform": {
        "location": {
            "x": 127.4062271118164,
            "y": -201.27294921875,
            "z": 2.179868221282959
        },
        "rotation": {
            "pitch": 0.0,
            "yaw": -178.5604705810547,
            "roll": 0.0
        }
    },
    "camera_parameters": {
        "image_size_x": 1820,
        "image_size_y": 1240,
        "fov": 90,
        "sensor_tick": 0.1
    },
    "filtered_objects": {}
}