{
    "camera_transform": {
        "location": {
            "x": -37.91212844848633,
            "y": 0.758183479309082,
            "z": 2.179840564727783
        },
        "rotation": {
            "pitch": -3.415094397496432e-05,
            "yaw": 1.6669152975082397,
            "roll": 1.9080223864875734e-05
        }
    },
    "camera_parameters": {
        "image_size_x": 1820,
        "image_size_y": 1240,
        "fov": 90,
        "sensor_tick": 0.1
    },
    "filtered_objects": {}
}