{
    "camera_transform": {
        "location": {
            "x": 39.71189498901367,
            "y": 2.8347761631011963,
            "z": 2.172926187515259
        },
        "rotation": {
            "pitch": -0.0013455471489578485,
            "yaw": -13.671222686767578,
            "roll": 0.0021102395839989185
        }
    },
    "camera_parameters": {
        "image_size_x": 1820,
        "image_size_y": 1240,
        "fov": 90,
        "sensor_tick": 0.1
    },
    "filtered_objects": {}
}