{
    "camera_transform": {
        "location": {
            "x": -119.73322296142578,
            "y": 35.75065612792969,
            "z": 2.179947853088379
        },
        "rotation": {
            "pitch": 0.0,
            "yaw": 134.67672729492188,
            "roll": 0.0
        }
    },
    "camera_parameters": {
        "image_size_x": 1820,
        "image_size_y": 1240,
        "fov": 90,
        "sensor_tick": 0.1
    },
    "filtered_objects": {}
}