{
    "camera_transform": {
        "location": {
            "x": 71.1329116821289,
            "y": 66.35332489013672,
            "z": 2.180525064468384
        },
        "rotation": {
            "pitch": -0.0005805660621263087,
            "yaw": -179.9267120361328,
            "roll": 0.003223397070541978
        }
    },
    "camera_parameters": {
        "image_size_x": 1820,
        "image_size_y": 1240,
        "fov": 90,
        "sensor_tick": 0.1
    },
    "filtered_objects": {}
}