{
    "camera_transform": {
        "location": {
            "x": 222.64537048339844,
            "y": 6.346109390258789,
            "z": 2.1732003688812256
        },
        "rotation": {
            "pitch": 0.0,
            "yaw": 0.855804443359375,
            "roll": 0.0
        }
    },
    "camera_parameters": {
        "image_size_x": 1820,
        "image_size_y": 1240,
        "fov": 90,
        "sensor_tick": 0.1
    },
    "filtered_objects": {}
}