{
    "camera_transform": {
        "location": {
            "x": 598.397216796875,
            "y": -9.978349685668945,
            "z": 2.1800222396850586
        },
        "rotation": {
            "pitch": 0.0,
            "yaw": -179.58056640625,
            "roll": 0.0
        }
    },
    "camera_parameters": {
        "image_size_x": 1820,
        "image_size_y": 1240,
        "fov": 90,
        "sensor_tick": 0.1
    },
    "filtered_objects": {}
}