{
    "camera_transform": {
        "location": {
            "x": 240.87844848632812,
            "y": 51.08979415893555,
            "z": 2.1796650886535645
        },
        "rotation": {
            "pitch": -3.415094397496432e-05,
            "yaw": -88.60533905029297,
            "roll": 0.0
        }
    },
    "camera_parameters": {
        "image_size_x": 1820,
        "image_size_y": 1240,
        "fov": 90,
        "sensor_tick": 0.1
    },
    "filtered_objects": {}
}