{
    "camera_transform": {
        "location": {
            "x": -88.70408630371094,
            "y": -117.04052734375,
            "z": 2.0157217979431152
        },
        "rotation": {
            "pitch": -0.7534517645835876,
            "yaw": 89.84347534179688,
            "roll": 2.6949560378852766e-06
        }
    },
    "camera_parameters": {
        "image_size_x": 1820,
        "image_size_y": 1240,
        "fov": 90,
        "sensor_tick": 0.1
    },
    "filtered_objects": {}
}