{
    "camera_transform": {
        "location": {
            "x": 85.68412017822266,
            "y": -147.6677703857422,
            "z": 9.826033592224121
        },
        "rotation": {
            "pitch": -5.032011985778809,
            "yaw": -88.14806365966797,
            "roll": 0.20262283086776733
        }
    },
    "camera_parameters": {
        "image_size_x": 1820,
        "image_size_y": 1240,
        "fov": 90,
        "sensor_tick": 0.1
    },
    "filtered_objects": {}
}