{
    "camera_transform": {
        "location": {
            "x": 212.2804412841797,
            "y": 9.65693187713623,
            "z": 2.178403615951538
        },
        "rotation": {
            "pitch": 0.009903773665428162,
            "yaw": 1.179809331893921,
            "roll": -0.0013732911320403218
        }
    },
    "camera_parameters": {
        "image_size_x": 1820,
        "image_size_y": 1240,
        "fov": 90,
        "sensor_tick": 0.1
    },
    "filtered_objects": {}
}