{
    "camera_transform": {
        "location": {
            "x": -88.29276275634766,
            "y": 170.0765380859375,
            "z": 2.178295135498047
        },
        "rotation": {
            "pitch": -0.0007923019002191722,
            "yaw": 89.80329132080078,
            "roll": -0.00015258784696925431
        }
    },
    "camera_parameters": {
        "image_size_x": 1820,
        "image_size_y": 1240,
        "fov": 90,
        "sensor_tick": 0.1
    },
    "filtered_objects": {}
}