{
    "camera_transform": {
        "location": {
            "x": 245.92588806152344,
            "y": -1.9959648847579956,
            "z": 2.179877519607544
        },
        "rotation": {
            "pitch": 0.0,
            "yaw": -88.60674285888672,
            "roll": 0.0
        }
    },
    "camera_parameters": {
        "image_size_x": 1820,
        "image_size_y": 1240,
        "fov": 90,
        "sensor_tick": 0.1
    },
    "filtered_objects": {}
}