{
    "camera_transform": {
        "location": {
            "x": 26.295846939086914,
            "y": -203.78497314453125,
            "z": 2.179943084716797
        },
        "rotation": {
            "pitch": 0.0,
            "yaw": -178.5604705810547,
            "roll": 0.0
        }
    },
    "camera_parameters": {
        "image_size_x": 1820,
        "image_size_y": 1240,
        "fov": 90,
        "sensor_tick": 0.1
    },
    "filtered_objects": {}
}