{
    "camera_transform": {
        "location": {
            "x": -78.03972625732422,
            "y": -33.87542724609375,
            "z": 1.838865876197815
        },
        "rotation": {
            "pitch": -0.8395736217498779,
            "yaw": -90.21843719482422,
            "roll": 0.0010269330814480782
        }
    },
    "camera_parameters": {
        "image_size_x": 1820,
        "image_size_y": 1240,
        "fov": 90,
        "sensor_tick": 0.1
    },
    "filtered_objects": {}
}