{
    "camera_transform": {
        "location": {
            "x": -41.674495697021484,
            "y": 46.40550994873047,
            "z": 2.180234432220459
        },
        "rotation": {
            "pitch": -0.0005805660621263087,
            "yaw": -90.16112518310547,
            "roll": 0.0027708669658750296
        }
    },
    "camera_parameters": {
        "image_size_x": 1820,
        "image_size_y": 1240,
        "fov": 90,
        "sensor_tick": 0.1
    },
    "filtered_objects": {}
}