{
    "camera_transform": {
        "location": {
            "x": -45.57735061645508,
            "y": -4.723304271697998,
            "z": 2.1782913208007812
        },
        "rotation": {
            "pitch": 0.0003415094397496432,
            "yaw": -90.16229248046875,
            "roll": -1.3027551259980896e-11
        }
    },
    "camera_parameters": {
        "image_size_x": 1820,
        "image_size_y": 1240,
        "fov": 90,
        "sensor_tick": 0.1
    },
    "filtered_objects": {}
}