{
    "camera_transform": {
        "location": {
            "x": 178.4449920654297,
            "y": 62.3516731262207,
            "z": 2.1767385005950928
        },
        "rotation": {
            "pitch": -0.2830840051174164,
            "yaw": -0.1069030836224556,
            "roll": -0.4126282036304474
        }
    },
    "camera_parameters": {
        "image_size_x": 1820,
        "image_size_y": 1240,
        "fov": 90,
        "sensor_tick": 0.1
    },
    "filtered_objects": {}
}