{
    "camera_transform": {
        "location": {
            "x": 81.27510833740234,
            "y": -121.97698211669922,
            "z": 10.17954158782959
        },
        "rotation": {
            "pitch": -0.05111713334918022,
            "yaw": 92.02455139160156,
            "roll": -0.0022582989186048508
        }
    },
    "camera_parameters": {
        "image_size_x": 1820,
        "image_size_y": 1240,
        "fov": 90,
        "sensor_tick": 0.1
    },
    "filtered_objects": {}
}