{
    "camera_transform": {
        "location": {
            "x": -20.1114559173584,
            "y": 2.8259878158569336,
            "z": 2.1798436641693115
        },
        "rotation": {
            "pitch": 0.0,
            "yaw": 81.8069839477539,
            "roll": 0.0
        }
    },
    "camera_parameters": {
        "image_size_x": 1820,
        "image_size_y": 1240,
        "fov": 90,
        "sensor_tick": 0.1
    },
    "filtered_objects": {}
}