{
    "camera_transform": {
        "location": {
            "x": 163.1228790283203,
            "y": -5.9382758140563965,
            "z": 2.1799237728118896
        },
        "rotation": {
            "pitch": 0.0,
            "yaw": -179.1441650390625,
            "roll": 1.031511328619672e-05
        }
    },
    "camera_parameters": {
        "image_size_x": 1820,
        "image_size_y": 1240,
        "fov": 90,
        "sensor_tick": 0.1
    },
    "filtered_objects": {}
}