{
    "camera_transform": {
        "location": {
            "x": -88.04737854003906,
            "y": 69.33952331542969,
            "z": 3.011855125427246
        },
        "rotation": {
            "pitch": 0.08353321254253387,
            "yaw": 89.7870101928711,
            "roll": -0.0003051743842661381
        }
    },
    "camera_parameters": {
        "image_size_x": 1820,
        "image_size_y": 1240,
        "fov": 90,
        "sensor_tick": 0.1
    },
    "filtered_objects": {}
}