{
    "camera_transform": {
        "location": {
            "x": 80.42919921875,
            "y": -101.5263671875,
            "z": 10.180113792419434
        },
        "rotation": {
            "pitch": -0.00033467926550656557,
            "yaw": 92.0240707397461,
            "roll": 1.468335312893032e-06
        }
    },
    "camera_parameters": {
        "image_size_x": 1820,
        "image_size_y": 1240,
        "fov": 90,
        "sensor_tick": 0.1
    },
    "filtered_objects": {}
}