{
    "camera_transform": {
        "location": {
            "x": 80.95475769042969,
            "y": -13.993728637695312,
            "z": 2.404578685760498
        },
        "rotation": {
            "pitch": 1.114099383354187,
            "yaw": -87.97570037841797,
            "roll": -0.1630554348230362
        }
    },
    "camera_parameters": {
        "image_size_x": 1820,
        "image_size_y": 1240,
        "fov": 90,
        "sensor_tick": 0.1
    },
    "filtered_objects": {}
}