{
    "camera_transform": {
        "location": {
            "x": 8.676278114318848,
            "y": -64.39957427978516,
            "z": 2.180105209350586
        },
        "rotation": {
            "pitch": -0.0006147170206531882,
            "yaw": 179.97654724121094,
            "roll": 0.004132852423936129
        }
    },
    "camera_parameters": {
        "image_size_x": 1820,
        "image_size_y": 1240,
        "fov": 90,
        "sensor_tick": 0.1
    },
    "filtered_objects": {}
}