{
    "camera_transform": {
        "location": {
            "x": 243.18472290039062,
            "y": 100.63285827636719,
            "z": 2.4961540699005127
        },
        "rotation": {
            "pitch": -0.9945301413536072,
            "yaw": -88.6071548461914,
            "roll": -0.006225481163710356
        }
    },
    "camera_parameters": {
        "image_size_x": 1820,
        "image_size_y": 1240,
        "fov": 90,
        "sensor_tick": 0.1
    },
    "filtered_objects": {}
}