{
    "camera_transform": {
        "location": {
            "x": -74.46463012695312,
            "y": -22.107885360717773,
            "z": 1.9986368417739868
        },
        "rotation": {
            "pitch": -0.6152019500732422,
            "yaw": -90.1917724609375,
            "roll": 0.028125936165452003
        }
    },
    "camera_parameters": {
        "image_size_x": 1820,
        "image_size_y": 1240,
        "fov": 90,
        "sensor_tick": 0.1
    },
    "filtered_objects": {}
}