{
    "camera_transform": {
        "location": {
            "x": 131.0670928955078,
            "y": -190.3944091796875,
            "z": 2.173231601715088
        },
        "rotation": {
            "pitch": -0.10715200006961823,
            "yaw": 0.0018419947009533644,
            "roll": 0.1462007313966751
        }
    },
    "camera_parameters": {
        "image_size_x": 1820,
        "image_size_y": 1240,
        "fov": 90,
        "sensor_tick": 0.1
    },
    "filtered_objects": {}
}