{
    "camera_transform": {
        "location": {
            "x": 77.25066375732422,
            "y": -23.21832275390625,
            "z": 2.1800544261932373
        },
        "rotation": {
            "pitch": 0.0,
            "yaw": 179.79132080078125,
            "roll": 0.0
        }
    },
    "camera_parameters": {
        "image_size_x": 1820,
        "image_size_y": 1240,
        "fov": 90,
        "sensor_tick": 0.1
    },
    "filtered_objects": {}
}