{
    "camera_transform": {
        "location": {
            "x": 80.95478820800781,
            "y": -13.993672370910645,
            "z": 2.404654026031494
        },
        "rotation": {
            "pitch": 1.1150829792022705,
            "yaw": -87.97583770751953,
            "roll": -0.1632690131664276
        }
    },
    "camera_parameters": {
        "image_size_x": 1820,
        "image_size_y": 1240,
        "fov": 90,
        "sensor_tick": 0.1
    },
    "filtered_objects": {}
}