{
    "camera_transform": {
        "location": {
            "x": 83.37252807617188,
            "y": -81.98429870605469,
            "z": 10.15420913696289
        },
        "rotation": {
            "pitch": 0.7455014586448669,
            "yaw": -87.97514343261719,
            "roll": 0.2396857589483261
        }
    },
    "camera_parameters": {
        "image_size_x": 1820,
        "image_size_y": 1240,
        "fov": 90,
        "sensor_tick": 0.1
    },
    "filtered_objects": {}
}