{
    "camera_transform": {
        "location": {
            "x": -84.55733489990234,
            "y": 99.15950775146484,
            "z": 2.55151104927063
        },
        "rotation": {
            "pitch": -1.030887246131897,
            "yaw": 89.78707885742188,
            "roll": 0.0010446010855957866
        }
    },
    "camera_parameters": {
        "image_size_x": 1820,
        "image_size_y": 1240,
        "fov": 90,
        "sensor_tick": 0.1
    },
    "filtered_objects": {}
}