{
    "camera_transform": {
        "location": {
            "x": -4.426464080810547,
            "y": -123.83793640136719,
            "z": 2.172759771347046
        },
        "rotation": {
            "pitch": 1.3660377589985728e-05,
            "yaw": 91.41352844238281,
            "roll": 1.5623656508978456e-05
        }
    },
    "camera_parameters": {
        "image_size_x": 1820,
        "image_size_y": 1240,
        "fov": 90,
        "sensor_tick": 0.1
    },
    "filtered_objects": {}
}