{
    "camera_transform": {
        "location": {
            "x": 9.911123275756836,
            "y": -60.89947509765625,
            "z": 2.1804544925689697
        },
        "rotation": {
            "pitch": -0.0006147170206531882,
            "yaw": -0.0234375,
            "roll": 0.00283052702434361
        }
    },
    "camera_parameters": {
        "image_size_x": 1820,
        "image_size_y": 1240,
        "fov": 90,
        "sensor_tick": 0.1
    },
    "filtered_objects": {}
}