{
    "camera_transform": {
        "location": {
            "x": 178.44482421875,
            "y": 62.35078811645508,
            "z": 2.177095890045166
        },
        "rotation": {
            "pitch": -0.27804332971572876,
            "yaw": -0.11199948936700821,
            "roll": -0.4070434868335724
        }
    },
    "camera_parameters": {
        "image_size_x": 1820,
        "image_size_y": 1240,
        "fov": 90,
        "sensor_tick": 0.1
    },
    "filtered_objects": {}
}