{
    "camera_transform": {
        "location": {
            "x": 244.37991333007812,
            "y": 61.77117156982422,
            "z": 2.1772007942199707
        },
        "rotation": {
            "pitch": -0.1134357750415802,
            "yaw": -88.60657501220703,
            "roll": 0.06249454617500305
        }
    },
    "camera_parameters": {
        "image_size_x": 1820,
        "image_size_y": 1240,
        "fov": 90,
        "sensor_tick": 0.1
    },
    "filtered_objects": {}
}