{
    "camera_transform": {
        "location": {
            "x": -23.47050666809082,
            "y": 134.60691833496094,
            "z": 2.179899215698242
        },
        "rotation": {
            "pitch": 0.0,
            "yaw": -1.29681396484375,
            "roll": 0.0
        }
    },
    "camera_parameters": {
        "image_size_x": 1820,
        "image_size_y": 1240,
        "fov": 90,
        "sensor_tick": 0.1
    },
    "filtered_objects": {}
}