{
    "camera_transform": {
        "location": {
            "x": -48.66218566894531,
            "y": -40.85402297973633,
            "z": 2.180443286895752
        },
        "rotation": {
            "pitch": -0.00021856604143977165,
            "yaw": 90.43230438232422,
            "roll": 0.0009558286401443183
        }
    },
    "camera_parameters": {
        "image_size_x": 1820,
        "image_size_y": 1240,
        "fov": 90,
        "sensor_tick": 0.1
    },
    "filtered_objects": {}
}