{
    "camera_transform": {
        "location": {
            "x": 229.97958374023438,
            "y": 68.49858093261719,
            "z": 2.2054591178894043
        },
        "rotation": {
            "pitch": 0.09281543642282486,
            "yaw": 91.39514923095703,
            "roll": -0.0607604905962944
        }
    },
    "camera_parameters": {
        "image_size_x": 1820,
        "image_size_y": 1240,
        "fov": 90,
        "sensor_tick": 0.1
    },
    "filtered_objects": {}
}