{
    "camera_transform": {
        "location": {
            "x": 178.44468688964844,
            "y": 62.35078811645508,
            "z": 2.176635265350342
        },
        "rotation": {
            "pitch": -0.2839992642402649,
            "yaw": -0.1101684421300888,
            "roll": -0.4136962592601776
        }
    },
    "camera_parameters": {
        "image_size_x": 1820,
        "image_size_y": 1240,
        "fov": 90,
        "sensor_tick": 0.1
    },
    "filtered_objects": {}
}