{
    "camera_transform": {
        "location": {
            "x": -10.839547157287598,
            "y": -61.02294921875,
            "z": 2.1804447174072266
        },
        "rotation": {
            "pitch": -0.0002458867966197431,
            "yaw": 0.5967380404472351,
            "roll": 0.002140697091817856
        }
    },
    "camera_parameters": {
        "image_size_x": 1820,
        "image_size_y": 1240,
        "fov": 90,
        "sensor_tick": 0.1
    },
    "filtered_objects": {}
}