{
    "camera_transform": {
        "location": {
            "x": -74.39397430419922,
            "y": -21.070636749267578,
            "z": 2.0112500190734863
        },
        "rotation": {
            "pitch": -0.6336981058120728,
            "yaw": -90.15282440185547,
            "roll": 0.002970299916341901
        }
    },
    "camera_parameters": {
        "image_size_x": 1820,
        "image_size_y": 1240,
        "fov": 90,
        "sensor_tick": 0.1
    },
    "filtered_objects": {}
}