{
    "camera_transform": {
        "location": {
            "x": 55.06829071044922,
            "y": -67.8501968383789,
            "z": 2.180556297302246
        },
        "rotation": {
            "pitch": -0.0006420377176254988,
            "yaw": 179.9765625,
            "roll": 0.0020509865134954453
        }
    },
    "camera_parameters": {
        "image_size_x": 1820,
        "image_size_y": 1240,
        "fov": 90,
        "sensor_tick": 0.1
    },
    "filtered_objects": {}
}