{
    "camera_transform": {
        "location": {
            "x": 28.938627243041992,
            "y": 6.834564685821533,
            "z": 2.17271089553833
        },
        "rotation": {
            "pitch": -0.0006761886761523783,
            "yaw": -13.668567657470703,
            "roll": -0.00027465823222883046
        }
    },
    "camera_parameters": {
        "image_size_x": 1820,
        "image_size_y": 1240,
        "fov": 90,
        "sensor_tick": 0.1
    },
    "filtered_objects": {}
}