{
    "camera_transform": {
        "location": {
            "x": -88.53557586669922,
            "y": -61.886512756347656,
            "z": 1.4292049407958984
        },
        "rotation": {
            "pitch": 0.7676858901977539,
            "yaw": 89.84368896484375,
            "roll": 0.003701894311234355
        }
    },
    "camera_parameters": {
        "image_size_x": 1820,
        "image_size_y": 1240,
        "fov": 90,
        "sensor_tick": 0.1
    },
    "filtered_objects": {}
}