{
    "camera_transform": {
        "location": {
            "x": -85.20217895507812,
            "y": -124.36720275878906,
            "z": 2.1164722442626953
        },
        "rotation": {
            "pitch": -0.16946381330490112,
            "yaw": 89.83980560302734,
            "roll": -0.0476074181497097
        }
    },
    "camera_parameters": {
        "image_size_x": 1820,
        "image_size_y": 1240,
        "fov": 90,
        "sensor_tick": 0.1
    },
    "filtered_objects": {}
}