{
    "camera_transform": {
        "location": {
            "x": -78.3800277709961,
            "y": 10.296853065490723,
            "z": 2.0111029148101807
        },
        "rotation": {
            "pitch": -1.551327109336853,
            "yaw": -13.229970932006836,
            "roll": 1.0376250743865967
        }
    },
    "camera_parameters": {
        "image_size_x": 1820,
        "image_size_y": 1240,
        "fov": 90,
        "sensor_tick": 0.1
    },
    "filtered_objects": {}
}