{
    "camera_transform": {
        "location": {
            "x": -85.03555297851562,
            "y": -51.59852981567383,
            "z": 1.581592082977295
        },
        "rotation": {
            "pitch": 0.848268449306488,
            "yaw": 89.84358215332031,
            "roll": 0.001446611131541431
        }
    },
    "camera_parameters": {
        "image_size_x": 1820,
        "image_size_y": 1240,
        "fov": 90,
        "sensor_tick": 0.1
    },
    "filtered_objects": {}
}