{
    "camera_transform": {
        "location": {
            "x": -10.05766773223877,
            "y": 53.92845916748047,
            "z": 2.179806709289551
        },
        "rotation": {
            "pitch": 0.0,
            "yaw": 89.63746643066406,
            "roll": 0.0
        }
    },
    "camera_parameters": {
        "image_size_x": 1820,
        "image_size_y": 1240,
        "fov": 90,
        "sensor_tick": 0.1
    },
    "filtered_objects": {}
}