{
    "camera_transform": {
        "location": {
            "x": 37.23386764526367,
            "y": -196.56849670410156,
            "z": 2.1799299716949463
        },
        "rotation": {
            "pitch": 0.0,
            "yaw": 1.439543604850769,
            "roll": 0.0
        }
    },
    "camera_parameters": {
        "image_size_x": 1820,
        "image_size_y": 1240,
        "fov": 90,
        "sensor_tick": 0.1
    },
    "filtered_objects": {}
}