{
    "camera_transform": {
        "location": {
            "x": -77.89492797851562,
            "y": -10.649600982666016,
            "z": 2.126685619354248
        },
        "rotation": {
            "pitch": -0.23135215044021606,
            "yaw": -90.15711212158203,
            "roll": -0.02291869930922985
        }
    },
    "camera_parameters": {
        "image_size_x": 1820,
        "image_size_y": 1240,
        "fov": 90,
        "sensor_tick": 0.1
    },
    "filtered_objects": {}
}