{
    "camera_transform": {
        "location": {
            "x": 19.325368881225586,
            "y": -134.3594207763672,
            "z": 2.273279905319214
        },
        "rotation": {
            "pitch": 1.367034912109375,
            "yaw": 1.237348198890686,
            "roll": -0.004211424849927425
        }
    },
    "camera_parameters": {
        "image_size_x": 1820,
        "image_size_y": 1240,
        "fov": 90,
        "sensor_tick": 0.1
    },
    "filtered_objects": {}
}