{
    "camera_transform": {
        "location": {
            "x": 152.95677185058594,
            "y": -80.722900390625,
            "z": 10.17829704284668
        },
        "rotation": {
            "pitch": -6.147169915493578e-05,
            "yaw": -89.01262664794922,
            "roll": 0.0
        }
    },
    "camera_parameters": {
        "image_size_x": 1820,
        "image_size_y": 1240,
        "fov": 90,
        "sensor_tick": 0.1
    },
    "filtered_objects": {}
}