{
    "camera_transform": {
        "location": {
            "x": -45.76665115356445,
            "y": 131.31185913085938,
            "z": 2.1729202270507812
        },
        "rotation": {
            "pitch": 2.7320755179971457e-05,
            "yaw": 176.6312713623047,
            "roll": 4.428441116033355e-06
        }
    },
    "camera_parameters": {
        "image_size_x": 1820,
        "image_size_y": 1240,
        "fov": 90,
        "sensor_tick": 0.1
    },
    "filtered_objects": {}
}