{
    "camera_transform": {
        "location": {
            "x": 131.06619262695312,
            "y": -190.3954620361328,
            "z": 2.1725575923919678
        },
        "rotation": {
            "pitch": -0.05901966243982315,
            "yaw": -3.0517578125e-05,
            "roll": 0.1231052577495575
        }
    },
    "camera_parameters": {
        "image_size_x": 1820,
        "image_size_y": 1240,
        "fov": 90,
        "sensor_tick": 0.1
    },
    "filtered_objects": {}
}