{
    "camera_transform": {
        "location": {
            "x": 19.323820114135742,
            "y": -134.36181640625,
            "z": 2.277785062789917
        },
        "rotation": {
            "pitch": 1.4051337242126465,
            "yaw": 1.2368509769439697,
            "roll": -0.0796813890337944
        }
    },
    "camera_parameters": {
        "image_size_x": 1820,
        "image_size_y": 1240,
        "fov": 90,
        "sensor_tick": 0.1
    },
    "filtered_objects": {}
}