{
    "camera_transform": {
        "location": {
            "x": 17.170785903930664,
            "y": 15.922629356384277,
            "z": 2.178351879119873
        },
        "rotation": {
            "pitch": -9.56226431299001e-05,
            "yaw": -38.796974182128906,
            "roll": 4.0584909584140405e-06
        }
    },
    "camera_parameters": {
        "image_size_x": 1820,
        "image_size_y": 1240,
        "fov": 90,
        "sensor_tick": 0.1
    },
    "filtered_objects": {}
}