{
    "camera_transform": {
        "location": {
            "x": 126.43172454833984,
            "y": -132.0617218017578,
            "z": 10.178319931030273
        },
        "rotation": {
            "pitch": 4.0981132769957185e-05,
            "yaw": 1.2272510528564453,
            "roll": -6.103515625e-05
        }
    },
    "camera_parameters": {
        "image_size_x": 1820,
        "image_size_y": 1240,
        "fov": 90,
        "sensor_tick": 0.1
    },
    "filtered_objects": {}
}