{
    "camera_transform": {
        "location": {
            "x": -41.831058502197266,
            "y": -9.104214668273926,
            "z": 2.180255651473999
        },
        "rotation": {
            "pitch": -0.0003961509501095861,
            "yaw": -90.16118621826172,
            "roll": 0.0021609060931950808
        }
    },
    "camera_parameters": {
        "image_size_x": 1820,
        "image_size_y": 1240,
        "fov": 90,
        "sensor_tick": 0.1
    },
    "filtered_objects": {}
}