{
    "camera_transform": {
        "location": {
            "x": -7.529997825622559,
            "y": 161.47999572753906,
            "z": 2.3995676040649414
        },
        "rotation": {
            "pitch": 0.0,
            "yaw": 89.99995422363281,
            "roll": 0.0
        }
    },
    "camera_parameters": {
        "image_size_x": 1820,
        "image_size_y": 1240,
        "fov": 90,
        "sensor_tick": 0.1
    },
    "filtered_objects": {}
}