{
    "camera_transform": {
        "location": {
            "x": -160.7023162841797,
            "y": -4.059518814086914,
            "z": 2.179385185241699
        },
        "rotation": {
            "pitch": 0.0,
            "yaw": 179.86048889160156,
            "roll": 0.0
        }
    },
    "camera_parameters": {
        "image_size_x": 1820,
        "image_size_y": 1240,
        "fov": 90,
        "sensor_tick": 0.1
    },
    "filtered_objects": {}
}