{
    "camera_transform": {
        "location": {
            "x": -77.89358520507812,
            "y": 30.676042556762695,
            "z": 2.3048219680786133
        },
        "rotation": {
            "pitch": -0.9997825622558594,
            "yaw": -90.1566162109375,
            "roll": 0.0011615223484113812
        }
    },
    "camera_parameters": {
        "image_size_x": 1820,
        "image_size_y": 1240,
        "fov": 90,
        "sensor_tick": 0.1
    },
    "filtered_objects": {}
}