{
    "camera_transform": {
        "location": {
            "x": 95.69800567626953,
            "y": 131.29299926757812,
            "z": 2.1800215244293213
        },
        "rotation": {
            "pitch": 0.0,
            "yaw": -13.57133960723877,
            "roll": 0.0
        }
    },
    "camera_parameters": {
        "image_size_x": 1820,
        "image_size_y": 1240,
        "fov": 90,
        "sensor_tick": 0.1
    },
    "filtered_objects": {}
}