{
    "camera_transform": {
        "location": {
            "x": 553.2359008789062,
            "y": 48.70717239379883,
            "z": 2.180032968521118
        },
        "rotation": {
            "pitch": 0.0,
            "yaw": -0.02789306640625,
            "roll": 0.0
        }
    },
    "camera_parameters": {
        "image_size_x": 1820,
        "image_size_y": 1240,
        "fov": 90,
        "sensor_tick": 0.1
    },
    "filtered_objects": {}
}