{
    "camera_transform": {
        "location": {
            "x": 97.38443756103516,
            "y": -195.0568084716797,
            "z": 2.179811477661133
        },
        "rotation": {
            "pitch": 0.016624679788947105,
            "yaw": 1.4390023946762085,
            "roll": 0.0030415465589612722
        }
    },
    "camera_parameters": {
        "image_size_x": 1820,
        "image_size_y": 1240,
        "fov": 90,
        "sensor_tick": 0.1
    },
    "filtered_objects": {}
}