{
    "camera_transform": {
        "location": {
            "x": 23.030019760131836,
            "y": 105.54996490478516,
            "z": 2.3999176025390625
        },
        "rotation": {
            "pitch": 0.0,
            "yaw": -179.9996337890625,
            "roll": 0.0
        }
    },
    "camera_parameters": {
        "image_size_x": 1820,
        "image_size_y": 1240,
        "fov": 90,
        "sensor_tick": 0.1
    },
    "filtered_objects": {}
}