{
    "camera_transform": {
        "location": {
            "x": 239.6845703125,
            "y": 89.65737915039062,
            "z": 2.353748321533203
        },
        "rotation": {
            "pitch": -0.6600011587142944,
            "yaw": -88.60562133789062,
            "roll": -3.0497747502522543e-05
        }
    },
    "camera_parameters": {
        "image_size_x": 1820,
        "image_size_y": 1240,
        "fov": 90,
        "sensor_tick": 0.1
    },
    "filtered_objects": {}
}