{
    "camera_transform": {
        "location": {
            "x": 103.480224609375,
            "y": -3.434849500656128,
            "z": 2.1797611713409424
        },
        "rotation": {
            "pitch": 0.0,
            "yaw": -179.1442108154297,
            "roll": 0.0
        }
    },
    "camera_parameters": {
        "image_size_x": 1820,
        "image_size_y": 1240,
        "fov": 90,
        "sensor_tick": 0.1
    },
    "filtered_objects": {}
}