{
    "camera_transform": {
        "location": {
            "x": 131.06617736816406,
            "y": -190.3956756591797,
            "z": 2.1791422367095947
        },
        "rotation": {
            "pitch": -0.05856204032897949,
            "yaw": -6.103515625e-05,
            "roll": 0.11905582249164581
        }
    },
    "camera_parameters": {
        "image_size_x": 1820,
        "image_size_y": 1240,
        "fov": 90,
        "sensor_tick": 0.1
    },
    "filtered_objects": {}
}