{
    "camera_transform": {
        "location": {
            "x": -63.67231369018555,
            "y": 189.32583618164062,
            "z": 2.179583787918091
        },
        "rotation": {
            "pitch": 0.0,
            "yaw": -144.44728088378906,
            "roll": 0.0
        }
    },
    "camera_parameters": {
        "image_size_x": 1820,
        "image_size_y": 1240,
        "fov": 90,
        "sensor_tick": 0.1
    },
    "filtered_objects": {}
}