{
    "camera_transform": {
        "location": {
            "x": -78.16036224365234,
            "y": -83.02495574951172,
            "z": 1.345280408859253
        },
        "rotation": {
            "pitch": 0.36280596256256104,
            "yaw": -90.14612579345703,
            "roll": -1.3340479831924767e-08
        }
    },
    "camera_parameters": {
        "image_size_x": 1820,
        "image_size_y": 1240,
        "fov": 90,
        "sensor_tick": 0.1
    },
    "filtered_objects": {}
}