{
    "camera_transform": {
        "location": {
            "x": -52.22745895385742,
            "y": 206.4449920654297,
            "z": 2.1782379150390625
        },
        "rotation": {
            "pitch": 0.0002117358526447788,
            "yaw": 12.333754539489746,
            "roll": 2.131146720785182e-05
        }
    },
    "camera_parameters": {
        "image_size_x": 1820,
        "image_size_y": 1240,
        "fov": 90,
        "sensor_tick": 0.1
    },
    "filtered_objects": {}
}