{
    "camera_transform": {
        "location": {
            "x": 85.68031311035156,
            "y": -147.6707305908203,
            "z": 9.82129192352295
        },
        "rotation": {
            "pitch": -5.149142742156982,
            "yaw": -88.14715576171875,
            "roll": 0.062057461589574814
        }
    },
    "camera_parameters": {
        "image_size_x": 1820,
        "image_size_y": 1240,
        "fov": 90,
        "sensor_tick": 0.1
    },
    "filtered_objects": {}
}