{
    "camera_transform": {
        "location": {
            "x": -70.90709686279297,
            "y": 145.84130859375,
            "z": 2.1798741817474365
        },
        "rotation": {
            "pitch": 0.0,
            "yaw": -179.86563110351562,
            "roll": 0.0
        }
    },
    "camera_parameters": {
        "image_size_x": 1820,
        "image_size_y": 1240,
        "fov": 90,
        "sensor_tick": 0.1
    },
    "filtered_objects": {}
}