{
    "camera_transform": {
        "location": {
            "x": 17.326007843017578,
            "y": 8.651018142700195,
            "z": 2.179809093475342
        },
        "rotation": {
            "pitch": 0.0,
            "yaw": -58.79701232910156,
            "roll": 0.0
        }
    },
    "camera_parameters": {
        "image_size_x": 1820,
        "image_size_y": 1240,
        "fov": 90,
        "sensor_tick": 0.1
    },
    "filtered_objects": {}
}