{
    "camera_transform": {
        "location": {
            "x": -25.74362564086914,
            "y": -198.35968017578125,
            "z": 2.179919958114624
        },
        "rotation": {
            "pitch": 0.0,
            "yaw": 1.439543604850769,
            "roll": 0.0
        }
    },
    "camera_parameters": {
        "image_size_x": 1820,
        "image_size_y": 1240,
        "fov": 90,
        "sensor_tick": 0.1
    },
    "filtered_objects": {}
}