{
    "camera_transform": {
        "location": {
            "x": -84.799560546875,
            "y": 29.50843620300293,
            "z": 2.272127866744995
        },
        "rotation": {
            "pitch": 0.37562623620033264,
            "yaw": 89.84522247314453,
            "roll": 0.003567129373550415
        }
    },
    "camera_parameters": {
        "image_size_x": 1820,
        "image_size_y": 1240,
        "fov": 90,
        "sensor_tick": 0.1
    },
    "filtered_objects": {}
}