{
    "camera_transform": {
        "location": {
            "x": 50.68815231323242,
            "y": -203.17208862304688,
            "z": 2.1797189712524414
        },
        "rotation": {
            "pitch": 0.0,
            "yaw": -178.5604705810547,
            "roll": 0.0
        }
    },
    "camera_parameters": {
        "image_size_x": 1820,
        "image_size_y": 1240,
        "fov": 90,
        "sensor_tick": 0.1
    },
    "filtered_objects": {}
}