{
    "camera_transform": {
        "location": {
            "x": -88.3053970336914,
            "y": 24.018016815185547,
            "z": 2.231855630874634
        },
        "rotation": {
            "pitch": 0.3505389392375946,
            "yaw": 89.84231567382812,
            "roll": 0.1643332839012146
        }
    },
    "camera_parameters": {
        "image_size_x": 1820,
        "image_size_y": 1240,
        "fov": 90,
        "sensor_tick": 0.1
    },
    "filtered_objects": {}
}