{
    "camera_transform": {
        "location": {
            "x": 106.39669799804688,
            "y": -4.149377822875977,
            "z": 2.18023681640625
        },
        "rotation": {
            "pitch": -0.00033467926550656557,
            "yaw": -89.60928344726562,
            "roll": 0.005575019866228104
        }
    },
    "camera_parameters": {
        "image_size_x": 1820,
        "image_size_y": 1240,
        "fov": 90,
        "sensor_tick": 0.1
    },
    "filtered_objects": {}
}