{
    "camera_transform": {
        "location": {
            "x": -74.6302490234375,
            "y": -97.51290893554688,
            "z": 1.6052674055099487
        },
        "rotation": {
            "pitch": 1.3010348081588745,
            "yaw": -90.15668487548828,
            "roll": 0.0016356115229427814
        }
    },
    "camera_parameters": {
        "image_size_x": 1820,
        "image_size_y": 1240,
        "fov": 90,
        "sensor_tick": 0.1
    },
    "filtered_objects": {}
}