{
    "camera_transform": {
        "location": {
            "x": -74.39371490478516,
            "y": 56.90658187866211,
            "z": 2.9210805892944336
        },
        "rotation": {
            "pitch": -0.7756021022796631,
            "yaw": -90.1567611694336,
            "roll": 4.4693806557916105e-05
        }
    },
    "camera_parameters": {
        "image_size_x": 1820,
        "image_size_y": 1240,
        "fov": 90,
        "sensor_tick": 0.1
    },
    "filtered_objects": {}
}