{
    "camera_transform": {
        "location": {
            "x": 112.15301513671875,
            "y": -132.36891174316406,
            "z": 10.180059432983398
        },
        "rotation": {
            "pitch": 0.0,
            "yaw": 1.227265477180481,
            "roll": 0.0
        }
    },
    "camera_parameters": {
        "image_size_x": 1820,
        "image_size_y": 1240,
        "fov": 90,
        "sensor_tick": 0.1
    },
    "filtered_objects": {}
}