{
    "camera_transform": {
        "location": {
            "x": -74.63067626953125,
            "y": -97.512451171875,
            "z": 1.6057697534561157
        },
        "rotation": {
            "pitch": 1.3016154766082764,
            "yaw": -90.15664672851562,
            "roll": 0.0009561529732309282
        }
    },
    "camera_parameters": {
        "image_size_x": 1820,
        "image_size_y": 1240,
        "fov": 90,
        "sensor_tick": 0.1
    },
    "filtered_objects": {}
}