{
    "camera_transform": {
        "location": {
            "x": 114.13056182861328,
            "y": -6.619294166564941,
            "z": 2.1797986030578613
        },
        "rotation": {
            "pitch": 0.0,
            "yaw": -179.1441650390625,
            "roll": 0.0
        }
    },
    "camera_parameters": {
        "image_size_x": 1820,
        "image_size_y": 1240,
        "fov": 90,
        "sensor_tick": 0.1
    },
    "filtered_objects": {}
}