{
    "camera_transform": {
        "location": {
            "x": 122.57540130615234,
            "y": 8.90810489654541,
            "z": 2.1798436641693115
        },
        "rotation": {
            "pitch": -3.415094397496432e-05,
            "yaw": 0.855862021446228,
            "roll": 0.0
        }
    },
    "camera_parameters": {
        "image_size_x": 1820,
        "image_size_y": 1240,
        "fov": 90,
        "sensor_tick": 0.1
    },
    "filtered_objects": {}
}