{
    "camera_transform": {
        "location": {
            "x": -74.49031066894531,
            "y": -46.5760498046875,
            "z": 1.6544333696365356
        },
        "rotation": {
            "pitch": -0.8501536250114441,
            "yaw": -90.15673065185547,
            "roll": 0.0036070304922759533
        }
    },
    "camera_parameters": {
        "image_size_x": 1820,
        "image_size_y": 1240,
        "fov": 90,
        "sensor_tick": 0.1
    },
    "filtered_objects": {}
}