{
    "camera_transform": {
        "location": {
            "x": -74.16606903076172,
            "y": 24.479223251342773,
            "z": 2.1803224086761475
        },
        "rotation": {
            "pitch": -0.0005190943484194577,
            "yaw": 0.1592031568288803,
            "roll": 0.0024133941624313593
        }
    },
    "camera_parameters": {
        "image_size_x": 1820,
        "image_size_y": 1240,
        "fov": 90,
        "sensor_tick": 0.1
    },
    "filtered_objects": {}
}