{
    "camera_transform": {
        "location": {
            "x": 153.50331115722656,
            "y": -104.89701843261719,
            "z": 10.180103302001953
        },
        "rotation": {
            "pitch": 0.0,
            "yaw": -89.0035171508789,
            "roll": 0.0
        }
    },
    "camera_parameters": {
        "image_size_x": 1820,
        "image_size_y": 1240,
        "fov": 90,
        "sensor_tick": 0.1
    },
    "filtered_objects": {}
}