{
    "camera_transform": {
        "location": {
            "x": 204.58140563964844,
            "y": -5.227296829223633,
            "z": 2.1799027919769287
        },
        "rotation": {
            "pitch": 0.0,
            "yaw": -179.1441650390625,
            "roll": 0.0
        }
    },
    "camera_parameters": {
        "image_size_x": 1820,
        "image_size_y": 1240,
        "fov": 90,
        "sensor_tick": 0.1
    },
    "filtered_objects": {}
}