{
    "camera_transform": {
        "location": {
            "x": -84.94811248779297,
            "y": -20.796613693237305,
            "z": 2.023364782333374
        },
        "rotation": {
            "pitch": 0.7433499097824097,
            "yaw": 89.84344482421875,
            "roll": -0.0023498095106333494
        }
    },
    "camera_parameters": {
        "image_size_x": 1820,
        "image_size_y": 1240,
        "fov": 90,
        "sensor_tick": 0.1
    },
    "filtered_objects": {}
}