{
    "camera_transform": {
        "location": {
            "x": -7.376016616821289,
            "y": -57.52497863769531,
            "z": 2.1803882122039795
        },
        "rotation": {
            "pitch": -0.0002458867966197431,
            "yaw": 0.5967371463775635,
            "roll": 0.0010998320067301393
        }
    },
    "camera_parameters": {
        "image_size_x": 1820,
        "image_size_y": 1240,
        "fov": 90,
        "sensor_tick": 0.1
    },
    "filtered_objects": {}
}