{
    "camera_transform": {
        "location": {
            "x": -13.601547241210938,
            "y": -138.56375122070312,
            "z": 2.179877519607544
        },
        "rotation": {
            "pitch": 3.415094397496432e-05,
            "yaw": -178.77267456054688,
            "roll": 1.2897673514089547e-05
        }
    },
    "camera_parameters": {
        "image_size_x": 1820,
        "image_size_y": 1240,
        "fov": 90,
        "sensor_tick": 0.1
    },
    "filtered_objects": {}
}