{
    "camera_transform": {
        "location": {
            "x": -73.61656188964844,
            "y": -154.02069091796875,
            "z": 2.178048849105835
        },
        "rotation": {
            "pitch": -0.0036609810777008533,
            "yaw": -88.63652801513672,
            "roll": 0.0005545285530388355
        }
    },
    "camera_parameters": {
        "image_size_x": 1820,
        "image_size_y": 1240,
        "fov": 90,
        "sensor_tick": 0.1
    },
    "filtered_objects": {}
}