{
    "camera_transform": {
        "location": {
            "x": 83.62002563476562,
            "y": -134.69322204589844,
            "z": 10.836374282836914
        },
        "rotation": {
            "pitch": 18.15951919555664,
            "yaw": 7.961700916290283,
            "roll": 168.43724060058594
        }
    },
    "camera_parameters": {
        "image_size_x": 1820,
        "image_size_y": 1240,
        "fov": 90,
        "sensor_tick": 0.1
    },
    "filtered_objects": {}
}