{
    "camera_transform": {
        "location": {
            "x": -145.5025634765625,
            "y": -10.90972900390625,
            "z": 2.180145025253296
        },
        "rotation": {
            "pitch": 0.0,
            "yaw": -89.97014617919922,
            "roll": 0.0
        }
    },
    "camera_parameters": {
        "image_size_x": 1820,
        "image_size_y": 1240,
        "fov": 90,
        "sensor_tick": 0.1
    },
    "filtered_objects": {}
}