{
    "camera_transform": {
        "location": {
            "x": -74.4920654296875,
            "y": -46.575828552246094,
            "z": 1.6441508531570435
        },
        "rotation": {
            "pitch": -0.8522026538848877,
            "yaw": -90.1566390991211,
            "roll": -0.010467542335391045
        }
    },
    "camera_parameters": {
        "image_size_x": 1820,
        "image_size_y": 1240,
        "fov": 90,
        "sensor_tick": 0.1
    },
    "filtered_objects": {}
}