{
    "camera_transform": {
        "location": {
            "x": -5.689455509185791,
            "y": 188.22882080078125,
            "z": 2.179635524749756
        },
        "rotation": {
            "pitch": 0.0,
            "yaw": 89.63746643066406,
            "roll": 0.0
        }
    },
    "camera_parameters": {
        "image_size_x": 1820,
        "image_size_y": 1240,
        "fov": 90,
        "sensor_tick": 0.1
    },
    "filtered_objects": {}
}