{
    "camera_transform": {
        "location": {
            "x": 530.722412109375,
            "y": 152.10403442382812,
            "z": 2.1729347705841064
        },
        "rotation": {
            "pitch": 0.0,
            "yaw": 0.23475705087184906,
            "roll": 0.0
        }
    },
    "camera_parameters": {
        "image_size_x": 1820,
        "image_size_y": 1240,
        "fov": 90,
        "sensor_tick": 0.1
    },
    "filtered_objects": {}
}