{
    "camera_transform": {
        "location": {
            "x": 109.52223205566406,
            "y": 68.74380493164062,
            "z": 2.1801822185516357
        },
        "rotation": {
            "pitch": -0.0004917735932394862,
            "yaw": -89.60928344726562,
            "roll": 0.0058974409475922585
        }
    },
    "camera_parameters": {
        "image_size_x": 1820,
        "image_size_y": 1240,
        "fov": 90,
        "sensor_tick": 0.1
    },
    "filtered_objects": {}
}