{
    "camera_transform": {
        "location": {
            "x": 43.998435974121094,
            "y": 50.048828125,
            "z": 2.1804535388946533
        },
        "rotation": {
            "pitch": -0.0005190943484194577,
            "yaw": -90.75109100341797,
            "roll": 0.004096292890608311
        }
    },
    "camera_parameters": {
        "image_size_x": 1820,
        "image_size_y": 1240,
        "fov": 90,
        "sensor_tick": 0.1
    },
    "filtered_objects": {}
}