{
    "camera_transform": {
        "location": {
            "x": 173.57058715820312,
            "y": -2.4386589527130127,
            "z": 2.179797649383545
        },
        "rotation": {
            "pitch": 0.0,
            "yaw": -179.1441650390625,
            "roll": -3.051757266803179e-05
        }
    },
    "camera_parameters": {
        "image_size_x": 1820,
        "image_size_y": 1240,
        "fov": 90,
        "sensor_tick": 0.1
    },
    "filtered_objects": {}
}