{
    "camera_transform": {
        "location": {
            "x": 84.27236938476562,
            "y": -107.69013214111328,
            "z": 10.180133819580078
        },
        "rotation": {
            "pitch": 0.0,
            "yaw": -87.97591400146484,
            "roll": 1.238217100762995e-05
        }
    },
    "camera_parameters": {
        "image_size_x": 1820,
        "image_size_y": 1240,
        "fov": 90,
        "sensor_tick": 0.1
    },
    "filtered_objects": {}
}