{
    "camera_transform": {
        "location": {
            "x": -8.587106704711914,
            "y": 205.87747192382812,
            "z": 2.1778860092163086
        },
        "rotation": {
            "pitch": -0.012881736271083355,
            "yaw": -0.1276550143957138,
            "roll": 0.0016029662219807506
        }
    },
    "camera_parameters": {
        "image_size_x": 1820,
        "image_size_y": 1240,
        "fov": 90,
        "sensor_tick": 0.1
    },
    "filtered_objects": {}
}