{
    "camera_transform": {
        "location": {
            "x": -4.2844438552856445,
            "y": -129.89532470703125,
            "z": 2.1781558990478516
        },
        "rotation": {
            "pitch": 0.00025954717420972884,
            "yaw": 91.41352844238281,
            "roll": 3.493125404929742e-05
        }
    },
    "camera_parameters": {
        "image_size_x": 1820,
        "image_size_y": 1240,
        "fov": 90,
        "sensor_tick": 0.1
    },
    "filtered_objects": {}
}