{
    "camera_transform": {
        "location": {
            "x": 77.45552825927734,
            "y": 4.305752754211426,
            "z": 2.1797239780426025
        },
        "rotation": {
            "pitch": 6.830188794992864e-05,
            "yaw": 0.8424739837646484,
            "roll": 0.005205881781876087
        }
    },
    "camera_parameters": {
        "image_size_x": 1820,
        "image_size_y": 1240,
        "fov": 90,
        "sensor_tick": 0.1
    },
    "filtered_objects": {}
}