{
    "camera_transform": {
        "location": {
            "x": -4.0545501708984375,
            "y": 137.24307250976562,
            "z": 2.180255651473999
        },
        "rotation": {
            "pitch": -0.0005805660621263087,
            "yaw": 0.35210514068603516,
            "roll": 0.0038944766856729984
        }
    },
    "camera_parameters": {
        "image_size_x": 1820,
        "image_size_y": 1240,
        "fov": 90,
        "sensor_tick": 0.1
    },
    "filtered_objects": {}
}