{
    "camera_transform": {
        "location": {
            "x": 8.67626953125,
            "y": -64.3993148803711,
            "z": 2.1804075241088867
        },
        "rotation": {
            "pitch": -0.0007035094313323498,
            "yaw": 179.97654724121094,
            "roll": 0.0029654630925506353
        }
    },
    "camera_parameters": {
        "image_size_x": 1820,
        "image_size_y": 1240,
        "fov": 90,
        "sensor_tick": 0.1
    },
    "filtered_objects": {}
}