{
    "camera_transform": {
        "location": {
            "x": -54.36621856689453,
            "y": 140.552734375,
            "z": 2.1803154945373535
        },
        "rotation": {
            "pitch": -0.0006147170206531882,
            "yaw": 0.35213741660118103,
            "roll": 0.003703704569488764
        }
    },
    "camera_parameters": {
        "image_size_x": 1820,
        "image_size_y": 1240,
        "fov": 90,
        "sensor_tick": 0.1
    },
    "filtered_objects": {}
}