{
    "camera_transform": {
        "location": {
            "x": -88.45170593261719,
            "y": -31.090194702148438,
            "z": 1.8817483186721802
        },
        "rotation": {
            "pitch": 0.8486031293869019,
            "yaw": 89.84357452392578,
            "roll": 0.0035760761238634586
        }
    },
    "camera_parameters": {
        "image_size_x": 1820,
        "image_size_y": 1240,
        "fov": 90,
        "sensor_tick": 0.1
    },
    "filtered_objects": {}
}