{
    "camera_transform": {
        "location": {
            "x": -44.96566390991211,
            "y": 135.03460693359375,
            "z": 2.1799046993255615
        },
        "rotation": {
            "pitch": 0.0,
            "yaw": -1.29681396484375,
            "roll": 1.0604007002257276e-05
        }
    },
    "camera_parameters": {
        "image_size_x": 1820,
        "image_size_y": 1240,
        "fov": 90,
        "sensor_tick": 0.1
    },
    "filtered_objects": {}
}