{
    "camera_transform": {
        "location": {
            "x": 551.6307373046875,
            "y": 38.20796203613281,
            "z": 2.179887056350708
        },
        "rotation": {
            "pitch": 0.0,
            "yaw": -0.02789306640625,
            "roll": 0.0
        }
    },
    "camera_parameters": {
        "image_size_x": 1820,
        "image_size_y": 1240,
        "fov": 90,
        "sensor_tick": 0.1
    },
    "filtered_objects": {}
}