{
    "camera_transform": {
        "location": {
            "x": -85.14263153076172,
            "y": -90.43754577636719,
            "z": 1.4507834911346436
        },
        "rotation": {
            "pitch": -1.2183486223220825,
            "yaw": 89.84323120117188,
            "roll": 0.0072385952807962894
        }
    },
    "camera_parameters": {
        "image_size_x": 1820,
        "image_size_y": 1240,
        "fov": 90,
        "sensor_tick": 0.1
    },
    "filtered_objects": {}
}