{
    "camera_transform": {
        "location": {
            "x": 229.31277465820312,
            "y": 95.87849426269531,
            "z": 2.4365930557250977
        },
        "rotation": {
            "pitch": 0.656258225440979,
            "yaw": 91.39325714111328,
            "roll": 0.0015080766752362251
        }
    },
    "camera_parameters": {
        "image_size_x": 1820,
        "image_size_y": 1240,
        "fov": 90,
        "sensor_tick": 0.1
    },
    "filtered_objects": {}
}