{
    "camera_transform": {
        "location": {
            "x": 19.032339096069336,
            "y": 14.72762393951416,
            "z": 2.1783294677734375
        },
        "rotation": {
            "pitch": -9.56226431299001e-05,
            "yaw": -38.79572296142578,
            "roll": 5.9232512285234407e-05
        }
    },
    "camera_parameters": {
        "image_size_x": 1820,
        "image_size_y": 1240,
        "fov": 90,
        "sensor_tick": 0.1
    },
    "filtered_objects": {}
}